{
  "pack": {
    "schemaVersion": 1,
    "taxonomyVersion": "5e-1.0",
    "setId": "pack_hist_reperes_renaissance_50q_v1",
    "grade": "5e",
    "lang": "fr",
    "primaryTag": "hist_reperes_renaissance",
    "blockId": "hist_reperes_renaissance",
    "biomeId": "hist",
    "lessonTitle": "Rappel — hist reperes renaissance",
    "lesson": "# Rappel — hist_reperes_renaissance\n\n## Définition {#definition}\nÀ compléter.\n\n## Méthode {#methode}\nÀ compléter.\n\n## Exemples {#exemples}\nÀ compléter.\n\n## Pièges fréquents {#pieges}\nÀ compléter.\n",
    "createdAt": "2025-12-27T00:00:00Z"
  },
  "questions": [
    {
      "schemaVersion": 1,
      "taxonomyVersion": "5e-1.0",
      "id": "q_hist_reperes_renaissance_0001",
      "blockId": "hist_reperes_renaissance",
      "grade": "5e",
      "lang": "fr",
      "primaryTag": "hist_reperes_renaissance",
      "type": "MCQ",
      "difficulty": 2,
      "statement": "Question d’entraînement sur la notion « hist reperes renaissance ».",
      "choices": [
        "Réponse correcte",
        "Distracteur 1",
        "Distracteur 2",
        "Distracteur 3"
      ],
      "answer": "Réponse correcte",
      "lessonRef": "definition",
      "explanation": "Cette question vérifie la compréhension de la notion.",
      "quality": {
        "status": "draft",
        "review": {
          "reviewedBy": null,
          "reviewedAt": null,
          "decision": null,
          "notes": null
        },
        "history": [
          {
            "at": "2025-12-27T00:00:00Z",
            "by": "import",
            "action": "created"
          }
        ],
        "deletedAt": null,
        "deletedBy": null
      }
    },
    {
      "schemaVersion": 1,
      "taxonomyVersion": "5e-1.0",
      "id": "q_hist_reperes_renaissance_0002",
      "blockId": "hist_reperes_renaissance",
      "grade": "5e",
      "lang": "fr",
      "primaryTag": "hist_reperes_renaissance",
      "type": "MCQ",
      "difficulty": 2,
      "statement": "Question d’entraînement sur la notion « hist reperes renaissance ».",
      "choices": [
        "Réponse correcte",
        "Distracteur 1",
        "Distracteur 2",
        "Distracteur 3"
      ],
      "answer": "Réponse correcte",
      "lessonRef": "definition",
      "explanation": "Cette question vérifie la compréhension de la notion.",
      "quality": {
        "status": "draft",
        "review": {
          "reviewedBy": null,
          "reviewedAt": null,
          "decision": null,
          "notes": null
        },
        "history": [
          {
            "at": "2025-12-27T00:00:00Z",
            "by": "import",
            "action": "created"
          }
        ],
        "deletedAt": null,
        "deletedBy": null
      }
    },
    {
      "schemaVersion": 1,
      "taxonomyVersion": "5e-1.0",
      "id": "q_hist_reperes_renaissance_0003",
      "blockId": "hist_reperes_renaissance",
      "grade": "5e",
      "lang": "fr",
      "primaryTag": "hist_reperes_renaissance",
      "type": "MCQ",
      "difficulty": 1,
      "statement": "Question d’entraînement sur la notion « hist reperes renaissance ».",
      "choices": [
        "Réponse correcte",
        "Distracteur 1",
        "Distracteur 2",
        "Distracteur 3"
      ],
      "answer": "Réponse correcte",
      "lessonRef": "definition",
      "explanation": "Cette question vérifie la compréhension de la notion.",
      "quality": {
        "status": "draft",
        "review": {
          "reviewedBy": null,
          "reviewedAt": null,
          "decision": null,
          "notes": null
        },
        "history": [
          {
            "at": "2025-12-27T00:00:00Z",
            "by": "import",
            "action": "created"
          }
        ],
        "deletedAt": null,
        "deletedBy": null
      }
    },
    {
      "schemaVersion": 1,
      "taxonomyVersion": "5e-1.0",
      "id": "q_hist_reperes_renaissance_0004",
      "blockId": "hist_reperes_renaissance",
      "grade": "5e",
      "lang": "fr",
      "primaryTag": "hist_reperes_renaissance",
      "type": "MCQ",
      "difficulty": 1,
      "statement": "Question d’entraînement sur la notion « hist reperes renaissance ».",
      "choices": [
        "Réponse correcte",
        "Distracteur 1",
        "Distracteur 2",
        "Distracteur 3"
      ],
      "answer": "Réponse correcte",
      "lessonRef": "definition",
      "explanation": "Cette question vérifie la compréhension de la notion.",
      "quality": {
        "status": "draft",
        "review": {
          "reviewedBy": null,
          "reviewedAt": null,
          "decision": null,
          "notes": null
        },
        "history": [
          {
            "at": "2025-12-27T00:00:00Z",
            "by": "import",
            "action": "created"
          }
        ],
        "deletedAt": null,
        "deletedBy": null
      }
    },
    {
      "schemaVersion": 1,
      "taxonomyVersion": "5e-1.0",
      "id": "q_hist_reperes_renaissance_0005",
      "blockId": "hist_reperes_renaissance",
      "grade": "5e",
      "lang": "fr",
      "primaryTag": "hist_reperes_renaissance",
      "type": "MCQ",
      "difficulty": 1,
      "statement": "Question d’entraînement sur la notion « hist reperes renaissance ».",
      "choices": [
        "Réponse correcte",
        "Distracteur 1",
        "Distracteur 2",
        "Distracteur 3"
      ],
      "answer": "Réponse correcte",
      "lessonRef": "definition",
      "explanation": "Cette question vérifie la compréhension de la notion.",
      "quality": {
        "status": "draft",
        "review": {
          "reviewedBy": null,
          "reviewedAt": null,
          "decision": null,
          "notes": null
        },
        "history": [
          {
            "at": "2025-12-27T00:00:00Z",
            "by": "import",
            "action": "created"
          }
        ],
        "deletedAt": null,
        "deletedBy": null
      }
    },
    {
      "schemaVersion": 1,
      "taxonomyVersion": "5e-1.0",
      "id": "q_hist_reperes_renaissance_0006",
      "blockId": "hist_reperes_renaissance",
      "grade": "5e",
      "lang": "fr",
      "primaryTag": "hist_reperes_renaissance",
      "type": "MCQ",
      "difficulty": 2,
      "statement": "Question d’entraînement sur la notion « hist reperes renaissance ».",
      "choices": [
        "Réponse correcte",
        "Distracteur 1",
        "Distracteur 2",
        "Distracteur 3"
      ],
      "answer": "Réponse correcte",
      "lessonRef": "definition",
      "explanation": "Cette question vérifie la compréhension de la notion.",
      "quality": {
        "status": "draft",
        "review": {
          "reviewedBy": null,
          "reviewedAt": null,
          "decision": null,
          "notes": null
        },
        "history": [
          {
            "at": "2025-12-27T00:00:00Z",
            "by": "import",
            "action": "created"
          }
        ],
        "deletedAt": null,
        "deletedBy": null
      }
    },
    {
      "schemaVersion": 1,
      "taxonomyVersion": "5e-1.0",
      "id": "q_hist_reperes_renaissance_0007",
      "blockId": "hist_reperes_renaissance",
      "grade": "5e",
      "lang": "fr",
      "primaryTag": "hist_reperes_renaissance",
      "type": "MCQ",
      "difficulty": 2,
      "statement": "Question d’entraînement sur la notion « hist reperes renaissance ».",
      "choices": [
        "Réponse correcte",
        "Distracteur 1",
        "Distracteur 2",
        "Distracteur 3"
      ],
      "answer": "Réponse correcte",
      "lessonRef": "definition",
      "explanation": "Cette question vérifie la compréhension de la notion.",
      "quality": {
        "status": "draft",
        "review": {
          "reviewedBy": null,
          "reviewedAt": null,
          "decision": null,
          "notes": null
        },
        "history": [
          {
            "at": "2025-12-27T00:00:00Z",
            "by": "import",
            "action": "created"
          }
        ],
        "deletedAt": null,
        "deletedBy": null
      }
    },
    {
      "schemaVersion": 1,
      "taxonomyVersion": "5e-1.0",
      "id": "q_hist_reperes_renaissance_0008",
      "blockId": "hist_reperes_renaissance",
      "grade": "5e",
      "lang": "fr",
      "primaryTag": "hist_reperes_renaissance",
      "type": "MCQ",
      "difficulty": 3,
      "statement": "Question d’entraînement sur la notion « hist reperes renaissance ».",
      "choices": [
        "Réponse correcte",
        "Distracteur 1",
        "Distracteur 2",
        "Distracteur 3"
      ],
      "answer": "Réponse correcte",
      "lessonRef": "definition",
      "explanation": "Cette question vérifie la compréhension de la notion.",
      "quality": {
        "status": "draft",
        "review": {
          "reviewedBy": null,
          "reviewedAt": null,
          "decision": null,
          "notes": null
        },
        "history": [
          {
            "at": "2025-12-27T00:00:00Z",
            "by": "import",
            "action": "created"
          }
        ],
        "deletedAt": null,
        "deletedBy": null
      }
    },
    {
      "schemaVersion": 1,
      "taxonomyVersion": "5e-1.0",
      "id": "q_hist_reperes_renaissance_0009",
      "blockId": "hist_reperes_renaissance",
      "grade": "5e",
      "lang": "fr",
      "primaryTag": "hist_reperes_renaissance",
      "type": "MCQ",
      "difficulty": 3,
      "statement": "Question d’entraînement sur la notion « hist reperes renaissance ».",
      "choices": [
        "Réponse correcte",
        "Distracteur 1",
        "Distracteur 2",
        "Distracteur 3"
      ],
      "answer": "Réponse correcte",
      "lessonRef": "definition",
      "explanation": "Cette question vérifie la compréhension de la notion.",
      "quality": {
        "status": "draft",
        "review": {
          "reviewedBy": null,
          "reviewedAt": null,
          "decision": null,
          "notes": null
        },
        "history": [
          {
            "at": "2025-12-27T00:00:00Z",
            "by": "import",
            "action": "created"
          }
        ],
        "deletedAt": null,
        "deletedBy": null
      }
    },
    {
      "schemaVersion": 1,
      "taxonomyVersion": "5e-1.0",
      "id": "q_hist_reperes_renaissance_0010",
      "blockId": "hist_reperes_renaissance",
      "grade": "5e",
      "lang": "fr",
      "primaryTag": "hist_reperes_renaissance",
      "type": "MCQ",
      "difficulty": 3,
      "statement": "Question d’entraînement sur la notion « hist reperes renaissance ».",
      "choices": [
        "Réponse correcte",
        "Distracteur 1",
        "Distracteur 2",
        "Distracteur 3"
      ],
      "answer": "Réponse correcte",
      "lessonRef": "definition",
      "explanation": "Cette question vérifie la compréhension de la notion.",
      "quality": {
        "status": "draft",
        "review": {
          "reviewedBy": null,
          "reviewedAt": null,
          "decision": null,
          "notes": null
        },
        "history": [
          {
            "at": "2025-12-27T00:00:00Z",
            "by": "import",
            "action": "created"
          }
        ],
        "deletedAt": null,
        "deletedBy": null
      }
    },
    {
      "schemaVersion": 1,
      "taxonomyVersion": "5e-1.0",
      "id": "q_hist_reperes_renaissance_0011",
      "blockId": "hist_reperes_renaissance",
      "grade": "5e",
      "lang": "fr",
      "primaryTag": "hist_reperes_renaissance",
      "type": "MCQ",
      "difficulty": 3,
      "statement": "Question d’entraînement sur la notion « hist reperes renaissance ».",
      "choices": [
        "Réponse correcte",
        "Distracteur 1",
        "Distracteur 2",
        "Distracteur 3"
      ],
      "answer": "Réponse correcte",
      "lessonRef": "definition",
      "explanation": "Cette question vérifie la compréhension de la notion.",
      "quality": {
        "status": "draft",
        "review": {
          "reviewedBy": null,
          "reviewedAt": null,
          "decision": null,
          "notes": null
        },
        "history": [
          {
            "at": "2025-12-27T00:00:00Z",
            "by": "import",
            "action": "created"
          }
        ],
        "deletedAt": null,
        "deletedBy": null
      }
    },
    {
      "schemaVersion": 1,
      "taxonomyVersion": "5e-1.0",
      "id": "q_hist_reperes_renaissance_0012",
      "blockId": "hist_reperes_renaissance",
      "grade": "5e",
      "lang": "fr",
      "primaryTag": "hist_reperes_renaissance",
      "type": "MCQ",
      "difficulty": 3,
      "statement": "Question d’entraînement sur la notion « hist reperes renaissance ».",
      "choices": [
        "Réponse correcte",
        "Distracteur 1",
        "Distracteur 2",
        "Distracteur 3"
      ],
      "answer": "Réponse correcte",
      "lessonRef": "definition",
      "explanation": "Cette question vérifie la compréhension de la notion.",
      "quality": {
        "status": "draft",
        "review": {
          "reviewedBy": null,
          "reviewedAt": null,
          "decision": null,
          "notes": null
        },
        "history": [
          {
            "at": "2025-12-27T00:00:00Z",
            "by": "import",
            "action": "created"
          }
        ],
        "deletedAt": null,
        "deletedBy": null
      }
    },
    {
      "schemaVersion": 1,
      "taxonomyVersion": "5e-1.0",
      "id": "q_hist_reperes_renaissance_0013",
      "blockId": "hist_reperes_renaissance",
      "grade": "5e",
      "lang": "fr",
      "primaryTag": "hist_reperes_renaissance",
      "type": "MCQ",
      "difficulty": 1,
      "statement": "Question d’entraînement sur la notion « hist reperes renaissance ».",
      "choices": [
        "Réponse correcte",
        "Distracteur 1",
        "Distracteur 2",
        "Distracteur 3"
      ],
      "answer": "Réponse correcte",
      "lessonRef": "definition",
      "explanation": "Cette question vérifie la compréhension de la notion.",
      "quality": {
        "status": "draft",
        "review": {
          "reviewedBy": null,
          "reviewedAt": null,
          "decision": null,
          "notes": null
        },
        "history": [
          {
            "at": "2025-12-27T00:00:00Z",
            "by": "import",
            "action": "created"
          }
        ],
        "deletedAt": null,
        "deletedBy": null
      }
    },
    {
      "schemaVersion": 1,
      "taxonomyVersion": "5e-1.0",
      "id": "q_hist_reperes_renaissance_0014",
      "blockId": "hist_reperes_renaissance",
      "grade": "5e",
      "lang": "fr",
      "primaryTag": "hist_reperes_renaissance",
      "type": "MCQ",
      "difficulty": 2,
      "statement": "Question d’entraînement sur la notion « hist reperes renaissance ».",
      "choices": [
        "Réponse correcte",
        "Distracteur 1",
        "Distracteur 2",
        "Distracteur 3"
      ],
      "answer": "Réponse correcte",
      "lessonRef": "definition",
      "explanation": "Cette question vérifie la compréhension de la notion.",
      "quality": {
        "status": "draft",
        "review": {
          "reviewedBy": null,
          "reviewedAt": null,
          "decision": null,
          "notes": null
        },
        "history": [
          {
            "at": "2025-12-27T00:00:00Z",
            "by": "import",
            "action": "created"
          }
        ],
        "deletedAt": null,
        "deletedBy": null
      }
    },
    {
      "schemaVersion": 1,
      "taxonomyVersion": "5e-1.0",
      "id": "q_hist_reperes_renaissance_0015",
      "blockId": "hist_reperes_renaissance",
      "grade": "5e",
      "lang": "fr",
      "primaryTag": "hist_reperes_renaissance",
      "type": "MCQ",
      "difficulty": 2,
      "statement": "Question d’entraînement sur la notion « hist reperes renaissance ».",
      "choices": [
        "Réponse correcte",
        "Distracteur 1",
        "Distracteur 2",
        "Distracteur 3"
      ],
      "answer": "Réponse correcte",
      "lessonRef": "definition",
      "explanation": "Cette question vérifie la compréhension de la notion.",
      "quality": {
        "status": "draft",
        "review": {
          "reviewedBy": null,
          "reviewedAt": null,
          "decision": null,
          "notes": null
        },
        "history": [
          {
            "at": "2025-12-27T00:00:00Z",
            "by": "import",
            "action": "created"
          }
        ],
        "deletedAt": null,
        "deletedBy": null
      }
    },
    {
      "schemaVersion": 1,
      "taxonomyVersion": "5e-1.0",
      "id": "q_hist_reperes_renaissance_0016",
      "blockId": "hist_reperes_renaissance",
      "grade": "5e",
      "lang": "fr",
      "primaryTag": "hist_reperes_renaissance",
      "type": "MCQ",
      "difficulty": 1,
      "statement": "Question d’entraînement sur la notion « hist reperes renaissance ».",
      "choices": [
        "Réponse correcte",
        "Distracteur 1",
        "Distracteur 2",
        "Distracteur 3"
      ],
      "answer": "Réponse correcte",
      "lessonRef": "definition",
      "explanation": "Cette question vérifie la compréhension de la notion.",
      "quality": {
        "status": "draft",
        "review": {
          "reviewedBy": null,
          "reviewedAt": null,
          "decision": null,
          "notes": null
        },
        "history": [
          {
            "at": "2025-12-27T00:00:00Z",
            "by": "import",
            "action": "created"
          }
        ],
        "deletedAt": null,
        "deletedBy": null
      }
    },
    {
      "schemaVersion": 1,
      "taxonomyVersion": "5e-1.0",
      "id": "q_hist_reperes_renaissance_0017",
      "blockId": "hist_reperes_renaissance",
      "grade": "5e",
      "lang": "fr",
      "primaryTag": "hist_reperes_renaissance",
      "type": "MCQ",
      "difficulty": 3,
      "statement": "Question d’entraînement sur la notion « hist reperes renaissance ».",
      "choices": [
        "Réponse correcte",
        "Distracteur 1",
        "Distracteur 2",
        "Distracteur 3"
      ],
      "answer": "Réponse correcte",
      "lessonRef": "definition",
      "explanation": "Cette question vérifie la compréhension de la notion.",
      "quality": {
        "status": "draft",
        "review": {
          "reviewedBy": null,
          "reviewedAt": null,
          "decision": null,
          "notes": null
        },
        "history": [
          {
            "at": "2025-12-27T00:00:00Z",
            "by": "import",
            "action": "created"
          }
        ],
        "deletedAt": null,
        "deletedBy": null
      }
    },
    {
      "schemaVersion": 1,
      "taxonomyVersion": "5e-1.0",
      "id": "q_hist_reperes_renaissance_0018",
      "blockId": "hist_reperes_renaissance",
      "grade": "5e",
      "lang": "fr",
      "primaryTag": "hist_reperes_renaissance",
      "type": "MCQ",
      "difficulty": 2,
      "statement": "Question d’entraînement sur la notion « hist reperes renaissance ».",
      "choices": [
        "Réponse correcte",
        "Distracteur 1",
        "Distracteur 2",
        "Distracteur 3"
      ],
      "answer": "Réponse correcte",
      "lessonRef": "definition",
      "explanation": "Cette question vérifie la compréhension de la notion.",
      "quality": {
        "status": "draft",
        "review": {
          "reviewedBy": null,
          "reviewedAt": null,
          "decision": null,
          "notes": null
        },
        "history": [
          {
            "at": "2025-12-27T00:00:00Z",
            "by": "import",
            "action": "created"
          }
        ],
        "deletedAt": null,
        "deletedBy": null
      }
    },
    {
      "schemaVersion": 1,
      "taxonomyVersion": "5e-1.0",
      "id": "q_hist_reperes_renaissance_0019",
      "blockId": "hist_reperes_renaissance",
      "grade": "5e",
      "lang": "fr",
      "primaryTag": "hist_reperes_renaissance",
      "type": "MCQ",
      "difficulty": 1,
      "statement": "Question d’entraînement sur la notion « hist reperes renaissance ».",
      "choices": [
        "Réponse correcte",
        "Distracteur 1",
        "Distracteur 2",
        "Distracteur 3"
      ],
      "answer": "Réponse correcte",
      "lessonRef": "definition",
      "explanation": "Cette question vérifie la compréhension de la notion.",
      "quality": {
        "status": "draft",
        "review": {
          "reviewedBy": null,
          "reviewedAt": null,
          "decision": null,
          "notes": null
        },
        "history": [
          {
            "at": "2025-12-27T00:00:00Z",
            "by": "import",
            "action": "created"
          }
        ],
        "deletedAt": null,
        "deletedBy": null
      }
    },
    {
      "schemaVersion": 1,
      "taxonomyVersion": "5e-1.0",
      "id": "q_hist_reperes_renaissance_0020",
      "blockId": "hist_reperes_renaissance",
      "grade": "5e",
      "lang": "fr",
      "primaryTag": "hist_reperes_renaissance",
      "type": "MCQ",
      "difficulty": 2,
      "statement": "Question d’entraînement sur la notion « hist reperes renaissance ».",
      "choices": [
        "Réponse correcte",
        "Distracteur 1",
        "Distracteur 2",
        "Distracteur 3"
      ],
      "answer": "Réponse correcte",
      "lessonRef": "definition",
      "explanation": "Cette question vérifie la compréhension de la notion.",
      "quality": {
        "status": "draft",
        "review": {
          "reviewedBy": null,
          "reviewedAt": null,
          "decision": null,
          "notes": null
        },
        "history": [
          {
            "at": "2025-12-27T00:00:00Z",
            "by": "import",
            "action": "created"
          }
        ],
        "deletedAt": null,
        "deletedBy": null
      }
    },
    {
      "schemaVersion": 1,
      "taxonomyVersion": "5e-1.0",
      "id": "q_hist_reperes_renaissance_0021",
      "blockId": "hist_reperes_renaissance",
      "grade": "5e",
      "lang": "fr",
      "primaryTag": "hist_reperes_renaissance",
      "type": "MCQ",
      "difficulty": 3,
      "statement": "Question d’entraînement sur la notion « hist reperes renaissance ».",
      "choices": [
        "Réponse correcte",
        "Distracteur 1",
        "Distracteur 2",
        "Distracteur 3"
      ],
      "answer": "Réponse correcte",
      "lessonRef": "definition",
      "explanation": "Cette question vérifie la compréhension de la notion.",
      "quality": {
        "status": "draft",
        "review": {
          "reviewedBy": null,
          "reviewedAt": null,
          "decision": null,
          "notes": null
        },
        "history": [
          {
            "at": "2025-12-27T00:00:00Z",
            "by": "import",
            "action": "created"
          }
        ],
        "deletedAt": null,
        "deletedBy": null
      }
    },
    {
      "schemaVersion": 1,
      "taxonomyVersion": "5e-1.0",
      "id": "q_hist_reperes_renaissance_0022",
      "blockId": "hist_reperes_renaissance",
      "grade": "5e",
      "lang": "fr",
      "primaryTag": "hist_reperes_renaissance",
      "type": "MCQ",
      "difficulty": 2,
      "statement": "Question d’entraînement sur la notion « hist reperes renaissance ».",
      "choices": [
        "Réponse correcte",
        "Distracteur 1",
        "Distracteur 2",
        "Distracteur 3"
      ],
      "answer": "Réponse correcte",
      "lessonRef": "definition",
      "explanation": "Cette question vérifie la compréhension de la notion.",
      "quality": {
        "status": "draft",
        "review": {
          "reviewedBy": null,
          "reviewedAt": null,
          "decision": null,
          "notes": null
        },
        "history": [
          {
            "at": "2025-12-27T00:00:00Z",
            "by": "import",
            "action": "created"
          }
        ],
        "deletedAt": null,
        "deletedBy": null
      }
    },
    {
      "schemaVersion": 1,
      "taxonomyVersion": "5e-1.0",
      "id": "q_hist_reperes_renaissance_0023",
      "blockId": "hist_reperes_renaissance",
      "grade": "5e",
      "lang": "fr",
      "primaryTag": "hist_reperes_renaissance",
      "type": "MCQ",
      "difficulty": 3,
      "statement": "Question d’entraînement sur la notion « hist reperes renaissance ».",
      "choices": [
        "Réponse correcte",
        "Distracteur 1",
        "Distracteur 2",
        "Distracteur 3"
      ],
      "answer": "Réponse correcte",
      "lessonRef": "definition",
      "explanation": "Cette question vérifie la compréhension de la notion.",
      "quality": {
        "status": "draft",
        "review": {
          "reviewedBy": null,
          "reviewedAt": null,
          "decision": null,
          "notes": null
        },
        "history": [
          {
            "at": "2025-12-27T00:00:00Z",
            "by": "import",
            "action": "created"
          }
        ],
        "deletedAt": null,
        "deletedBy": null
      }
    },
    {
      "schemaVersion": 1,
      "taxonomyVersion": "5e-1.0",
      "id": "q_hist_reperes_renaissance_0024",
      "blockId": "hist_reperes_renaissance",
      "grade": "5e",
      "lang": "fr",
      "primaryTag": "hist_reperes_renaissance",
      "type": "MCQ",
      "difficulty": 2,
      "statement": "Question d’entraînement sur la notion « hist reperes renaissance ».",
      "choices": [
        "Réponse correcte",
        "Distracteur 1",
        "Distracteur 2",
        "Distracteur 3"
      ],
      "answer": "Réponse correcte",
      "lessonRef": "definition",
      "explanation": "Cette question vérifie la compréhension de la notion.",
      "quality": {
        "status": "draft",
        "review": {
          "reviewedBy": null,
          "reviewedAt": null,
          "decision": null,
          "notes": null
        },
        "history": [
          {
            "at": "2025-12-27T00:00:00Z",
            "by": "import",
            "action": "created"
          }
        ],
        "deletedAt": null,
        "deletedBy": null
      }
    },
    {
      "schemaVersion": 1,
      "taxonomyVersion": "5e-1.0",
      "id": "q_hist_reperes_renaissance_0025",
      "blockId": "hist_reperes_renaissance",
      "grade": "5e",
      "lang": "fr",
      "primaryTag": "hist_reperes_renaissance",
      "type": "MCQ",
      "difficulty": 3,
      "statement": "Question d’entraînement sur la notion « hist reperes renaissance ».",
      "choices": [
        "Réponse correcte",
        "Distracteur 1",
        "Distracteur 2",
        "Distracteur 3"
      ],
      "answer": "Réponse correcte",
      "lessonRef": "definition",
      "explanation": "Cette question vérifie la compréhension de la notion.",
      "quality": {
        "status": "draft",
        "review": {
          "reviewedBy": null,
          "reviewedAt": null,
          "decision": null,
          "notes": null
        },
        "history": [
          {
            "at": "2025-12-27T00:00:00Z",
            "by": "import",
            "action": "created"
          }
        ],
        "deletedAt": null,
        "deletedBy": null
      }
    },
    {
      "schemaVersion": 1,
      "taxonomyVersion": "5e-1.0",
      "id": "q_hist_reperes_renaissance_0026",
      "blockId": "hist_reperes_renaissance",
      "grade": "5e",
      "lang": "fr",
      "primaryTag": "hist_reperes_renaissance",
      "type": "MCQ",
      "difficulty": 3,
      "statement": "Question d’entraînement sur la notion « hist reperes renaissance ».",
      "choices": [
        "Réponse correcte",
        "Distracteur 1",
        "Distracteur 2",
        "Distracteur 3"
      ],
      "answer": "Réponse correcte",
      "lessonRef": "definition",
      "explanation": "Cette question vérifie la compréhension de la notion.",
      "quality": {
        "status": "draft",
        "review": {
          "reviewedBy": null,
          "reviewedAt": null,
          "decision": null,
          "notes": null
        },
        "history": [
          {
            "at": "2025-12-27T00:00:00Z",
            "by": "import",
            "action": "created"
          }
        ],
        "deletedAt": null,
        "deletedBy": null
      }
    },
    {
      "schemaVersion": 1,
      "taxonomyVersion": "5e-1.0",
      "id": "q_hist_reperes_renaissance_0027",
      "blockId": "hist_reperes_renaissance",
      "grade": "5e",
      "lang": "fr",
      "primaryTag": "hist_reperes_renaissance",
      "type": "MCQ",
      "difficulty": 2,
      "statement": "Question d’entraînement sur la notion « hist reperes renaissance ».",
      "choices": [
        "Réponse correcte",
        "Distracteur 1",
        "Distracteur 2",
        "Distracteur 3"
      ],
      "answer": "Réponse correcte",
      "lessonRef": "definition",
      "explanation": "Cette question vérifie la compréhension de la notion.",
      "quality": {
        "status": "draft",
        "review": {
          "reviewedBy": null,
          "reviewedAt": null,
          "decision": null,
          "notes": null
        },
        "history": [
          {
            "at": "2025-12-27T00:00:00Z",
            "by": "import",
            "action": "created"
          }
        ],
        "deletedAt": null,
        "deletedBy": null
      }
    },
    {
      "schemaVersion": 1,
      "taxonomyVersion": "5e-1.0",
      "id": "q_hist_reperes_renaissance_0028",
      "blockId": "hist_reperes_renaissance",
      "grade": "5e",
      "lang": "fr",
      "primaryTag": "hist_reperes_renaissance",
      "type": "MCQ",
      "difficulty": 3,
      "statement": "Question d’entraînement sur la notion « hist reperes renaissance ».",
      "choices": [
        "Réponse correcte",
        "Distracteur 1",
        "Distracteur 2",
        "Distracteur 3"
      ],
      "answer": "Réponse correcte",
      "lessonRef": "definition",
      "explanation": "Cette question vérifie la compréhension de la notion.",
      "quality": {
        "status": "draft",
        "review": {
          "reviewedBy": null,
          "reviewedAt": null,
          "decision": null,
          "notes": null
        },
        "history": [
          {
            "at": "2025-12-27T00:00:00Z",
            "by": "import",
            "action": "created"
          }
        ],
        "deletedAt": null,
        "deletedBy": null
      }
    },
    {
      "schemaVersion": 1,
      "taxonomyVersion": "5e-1.0",
      "id": "q_hist_reperes_renaissance_0029",
      "blockId": "hist_reperes_renaissance",
      "grade": "5e",
      "lang": "fr",
      "primaryTag": "hist_reperes_renaissance",
      "type": "MCQ",
      "difficulty": 1,
      "statement": "Question d’entraînement sur la notion « hist reperes renaissance ».",
      "choices": [
        "Réponse correcte",
        "Distracteur 1",
        "Distracteur 2",
        "Distracteur 3"
      ],
      "answer": "Réponse correcte",
      "lessonRef": "definition",
      "explanation": "Cette question vérifie la compréhension de la notion.",
      "quality": {
        "status": "draft",
        "review": {
          "reviewedBy": null,
          "reviewedAt": null,
          "decision": null,
          "notes": null
        },
        "history": [
          {
            "at": "2025-12-27T00:00:00Z",
            "by": "import",
            "action": "created"
          }
        ],
        "deletedAt": null,
        "deletedBy": null
      }
    },
    {
      "schemaVersion": 1,
      "taxonomyVersion": "5e-1.0",
      "id": "q_hist_reperes_renaissance_0030",
      "blockId": "hist_reperes_renaissance",
      "grade": "5e",
      "lang": "fr",
      "primaryTag": "hist_reperes_renaissance",
      "type": "MCQ",
      "difficulty": 2,
      "statement": "Question d’entraînement sur la notion « hist reperes renaissance ».",
      "choices": [
        "Réponse correcte",
        "Distracteur 1",
        "Distracteur 2",
        "Distracteur 3"
      ],
      "answer": "Réponse correcte",
      "lessonRef": "definition",
      "explanation": "Cette question vérifie la compréhension de la notion.",
      "quality": {
        "status": "draft",
        "review": {
          "reviewedBy": null,
          "reviewedAt": null,
          "decision": null,
          "notes": null
        },
        "history": [
          {
            "at": "2025-12-27T00:00:00Z",
            "by": "import",
            "action": "created"
          }
        ],
        "deletedAt": null,
        "deletedBy": null
      }
    },
    {
      "schemaVersion": 1,
      "taxonomyVersion": "5e-1.0",
      "id": "q_hist_reperes_renaissance_0031",
      "blockId": "hist_reperes_renaissance",
      "grade": "5e",
      "lang": "fr",
      "primaryTag": "hist_reperes_renaissance",
      "type": "MCQ",
      "difficulty": 3,
      "statement": "Question d’entraînement sur la notion « hist reperes renaissance ».",
      "choices": [
        "Réponse correcte",
        "Distracteur 1",
        "Distracteur 2",
        "Distracteur 3"
      ],
      "answer": "Réponse correcte",
      "lessonRef": "definition",
      "explanation": "Cette question vérifie la compréhension de la notion.",
      "quality": {
        "status": "draft",
        "review": {
          "reviewedBy": null,
          "reviewedAt": null,
          "decision": null,
          "notes": null
        },
        "history": [
          {
            "at": "2025-12-27T00:00:00Z",
            "by": "import",
            "action": "created"
          }
        ],
        "deletedAt": null,
        "deletedBy": null
      }
    },
    {
      "schemaVersion": 1,
      "taxonomyVersion": "5e-1.0",
      "id": "q_hist_reperes_renaissance_0032",
      "blockId": "hist_reperes_renaissance",
      "grade": "5e",
      "lang": "fr",
      "primaryTag": "hist_reperes_renaissance",
      "type": "MCQ",
      "difficulty": 2,
      "statement": "Question d’entraînement sur la notion « hist reperes renaissance ».",
      "choices": [
        "Réponse correcte",
        "Distracteur 1",
        "Distracteur 2",
        "Distracteur 3"
      ],
      "answer": "Réponse correcte",
      "lessonRef": "definition",
      "explanation": "Cette question vérifie la compréhension de la notion.",
      "quality": {
        "status": "draft",
        "review": {
          "reviewedBy": null,
          "reviewedAt": null,
          "decision": null,
          "notes": null
        },
        "history": [
          {
            "at": "2025-12-27T00:00:00Z",
            "by": "import",
            "action": "created"
          }
        ],
        "deletedAt": null,
        "deletedBy": null
      }
    },
    {
      "schemaVersion": 1,
      "taxonomyVersion": "5e-1.0",
      "id": "q_hist_reperes_renaissance_0033",
      "blockId": "hist_reperes_renaissance",
      "grade": "5e",
      "lang": "fr",
      "primaryTag": "hist_reperes_renaissance",
      "type": "MCQ",
      "difficulty": 1,
      "statement": "Question d’entraînement sur la notion « hist reperes renaissance ».",
      "choices": [
        "Réponse correcte",
        "Distracteur 1",
        "Distracteur 2",
        "Distracteur 3"
      ],
      "answer": "Réponse correcte",
      "lessonRef": "definition",
      "explanation": "Cette question vérifie la compréhension de la notion.",
      "quality": {
        "status": "draft",
        "review": {
          "reviewedBy": null,
          "reviewedAt": null,
          "decision": null,
          "notes": null
        },
        "history": [
          {
            "at": "2025-12-27T00:00:00Z",
            "by": "import",
            "action": "created"
          }
        ],
        "deletedAt": null,
        "deletedBy": null
      }
    },
    {
      "schemaVersion": 1,
      "taxonomyVersion": "5e-1.0",
      "id": "q_hist_reperes_renaissance_0034",
      "blockId": "hist_reperes_renaissance",
      "grade": "5e",
      "lang": "fr",
      "primaryTag": "hist_reperes_renaissance",
      "type": "MCQ",
      "difficulty": 2,
      "statement": "Question d’entraînement sur la notion « hist reperes renaissance ».",
      "choices": [
        "Réponse correcte",
        "Distracteur 1",
        "Distracteur 2",
        "Distracteur 3"
      ],
      "answer": "Réponse correcte",
      "lessonRef": "definition",
      "explanation": "Cette question vérifie la compréhension de la notion.",
      "quality": {
        "status": "draft",
        "review": {
          "reviewedBy": null,
          "reviewedAt": null,
          "decision": null,
          "notes": null
        },
        "history": [
          {
            "at": "2025-12-27T00:00:00Z",
            "by": "import",
            "action": "created"
          }
        ],
        "deletedAt": null,
        "deletedBy": null
      }
    },
    {
      "schemaVersion": 1,
      "taxonomyVersion": "5e-1.0",
      "id": "q_hist_reperes_renaissance_0035",
      "blockId": "hist_reperes_renaissance",
      "grade": "5e",
      "lang": "fr",
      "primaryTag": "hist_reperes_renaissance",
      "type": "MCQ",
      "difficulty": 3,
      "statement": "Question d’entraînement sur la notion « hist reperes renaissance ».",
      "choices": [
        "Réponse correcte",
        "Distracteur 1",
        "Distracteur 2",
        "Distracteur 3"
      ],
      "answer": "Réponse correcte",
      "lessonRef": "definition",
      "explanation": "Cette question vérifie la compréhension de la notion.",
      "quality": {
        "status": "draft",
        "review": {
          "reviewedBy": null,
          "reviewedAt": null,
          "decision": null,
          "notes": null
        },
        "history": [
          {
            "at": "2025-12-27T00:00:00Z",
            "by": "import",
            "action": "created"
          }
        ],
        "deletedAt": null,
        "deletedBy": null
      }
    },
    {
      "schemaVersion": 1,
      "taxonomyVersion": "5e-1.0",
      "id": "q_hist_reperes_renaissance_0036",
      "blockId": "hist_reperes_renaissance",
      "grade": "5e",
      "lang": "fr",
      "primaryTag": "hist_reperes_renaissance",
      "type": "MCQ",
      "difficulty": 3,
      "statement": "Question d’entraînement sur la notion « hist reperes renaissance ».",
      "choices": [
        "Réponse correcte",
        "Distracteur 1",
        "Distracteur 2",
        "Distracteur 3"
      ],
      "answer": "Réponse correcte",
      "lessonRef": "definition",
      "explanation": "Cette question vérifie la compréhension de la notion.",
      "quality": {
        "status": "draft",
        "review": {
          "reviewedBy": null,
          "reviewedAt": null,
          "decision": null,
          "notes": null
        },
        "history": [
          {
            "at": "2025-12-27T00:00:00Z",
            "by": "import",
            "action": "created"
          }
        ],
        "deletedAt": null,
        "deletedBy": null
      }
    },
    {
      "schemaVersion": 1,
      "taxonomyVersion": "5e-1.0",
      "id": "q_hist_reperes_renaissance_0037",
      "blockId": "hist_reperes_renaissance",
      "grade": "5e",
      "lang": "fr",
      "primaryTag": "hist_reperes_renaissance",
      "type": "MCQ",
      "difficulty": 2,
      "statement": "Question d’entraînement sur la notion « hist reperes renaissance ».",
      "choices": [
        "Réponse correcte",
        "Distracteur 1",
        "Distracteur 2",
        "Distracteur 3"
      ],
      "answer": "Réponse correcte",
      "lessonRef": "definition",
      "explanation": "Cette question vérifie la compréhension de la notion.",
      "quality": {
        "status": "draft",
        "review": {
          "reviewedBy": null,
          "reviewedAt": null,
          "decision": null,
          "notes": null
        },
        "history": [
          {
            "at": "2025-12-27T00:00:00Z",
            "by": "import",
            "action": "created"
          }
        ],
        "deletedAt": null,
        "deletedBy": null
      }
    },
    {
      "schemaVersion": 1,
      "taxonomyVersion": "5e-1.0",
      "id": "q_hist_reperes_renaissance_0038",
      "blockId": "hist_reperes_renaissance",
      "grade": "5e",
      "lang": "fr",
      "primaryTag": "hist_reperes_renaissance",
      "type": "MCQ",
      "difficulty": 3,
      "statement": "Question d’entraînement sur la notion « hist reperes renaissance ».",
      "choices": [
        "Réponse correcte",
        "Distracteur 1",
        "Distracteur 2",
        "Distracteur 3"
      ],
      "answer": "Réponse correcte",
      "lessonRef": "definition",
      "explanation": "Cette question vérifie la compréhension de la notion.",
      "quality": {
        "status": "draft",
        "review": {
          "reviewedBy": null,
          "reviewedAt": null,
          "decision": null,
          "notes": null
        },
        "history": [
          {
            "at": "2025-12-27T00:00:00Z",
            "by": "import",
            "action": "created"
          }
        ],
        "deletedAt": null,
        "deletedBy": null
      }
    },
    {
      "schemaVersion": 1,
      "taxonomyVersion": "5e-1.0",
      "id": "q_hist_reperes_renaissance_0039",
      "blockId": "hist_reperes_renaissance",
      "grade": "5e",
      "lang": "fr",
      "primaryTag": "hist_reperes_renaissance",
      "type": "MCQ",
      "difficulty": 3,
      "statement": "Question d’entraînement sur la notion « hist reperes renaissance ».",
      "choices": [
        "Réponse correcte",
        "Distracteur 1",
        "Distracteur 2",
        "Distracteur 3"
      ],
      "answer": "Réponse correcte",
      "lessonRef": "definition",
      "explanation": "Cette question vérifie la compréhension de la notion.",
      "quality": {
        "status": "draft",
        "review": {
          "reviewedBy": null,
          "reviewedAt": null,
          "decision": null,
          "notes": null
        },
        "history": [
          {
            "at": "2025-12-27T00:00:00Z",
            "by": "import",
            "action": "created"
          }
        ],
        "deletedAt": null,
        "deletedBy": null
      }
    },
    {
      "schemaVersion": 1,
      "taxonomyVersion": "5e-1.0",
      "id": "q_hist_reperes_renaissance_0040",
      "blockId": "hist_reperes_renaissance",
      "grade": "5e",
      "lang": "fr",
      "primaryTag": "hist_reperes_renaissance",
      "type": "MCQ",
      "difficulty": 3,
      "statement": "Question d’entraînement sur la notion « hist reperes renaissance ».",
      "choices": [
        "Réponse correcte",
        "Distracteur 1",
        "Distracteur 2",
        "Distracteur 3"
      ],
      "answer": "Réponse correcte",
      "lessonRef": "definition",
      "explanation": "Cette question vérifie la compréhension de la notion.",
      "quality": {
        "status": "draft",
        "review": {
          "reviewedBy": null,
          "reviewedAt": null,
          "decision": null,
          "notes": null
        },
        "history": [
          {
            "at": "2025-12-27T00:00:00Z",
            "by": "import",
            "action": "created"
          }
        ],
        "deletedAt": null,
        "deletedBy": null
      }
    },
    {
      "schemaVersion": 1,
      "taxonomyVersion": "5e-1.0",
      "id": "q_hist_reperes_renaissance_0041",
      "blockId": "hist_reperes_renaissance",
      "grade": "5e",
      "lang": "fr",
      "primaryTag": "hist_reperes_renaissance",
      "type": "MCQ",
      "difficulty": 2,
      "statement": "Question d’entraînement sur la notion « hist reperes renaissance ».",
      "choices": [
        "Réponse correcte",
        "Distracteur 1",
        "Distracteur 2",
        "Distracteur 3"
      ],
      "answer": "Réponse correcte",
      "lessonRef": "definition",
      "explanation": "Cette question vérifie la compréhension de la notion.",
      "quality": {
        "status": "draft",
        "review": {
          "reviewedBy": null,
          "reviewedAt": null,
          "decision": null,
          "notes": null
        },
        "history": [
          {
            "at": "2025-12-27T00:00:00Z",
            "by": "import",
            "action": "created"
          }
        ],
        "deletedAt": null,
        "deletedBy": null
      }
    },
    {
      "schemaVersion": 1,
      "taxonomyVersion": "5e-1.0",
      "id": "q_hist_reperes_renaissance_0042",
      "blockId": "hist_reperes_renaissance",
      "grade": "5e",
      "lang": "fr",
      "primaryTag": "hist_reperes_renaissance",
      "type": "MCQ",
      "difficulty": 2,
      "statement": "Question d’entraînement sur la notion « hist reperes renaissance ».",
      "choices": [
        "Réponse correcte",
        "Distracteur 1",
        "Distracteur 2",
        "Distracteur 3"
      ],
      "answer": "Réponse correcte",
      "lessonRef": "definition",
      "explanation": "Cette question vérifie la compréhension de la notion.",
      "quality": {
        "status": "draft",
        "review": {
          "reviewedBy": null,
          "reviewedAt": null,
          "decision": null,
          "notes": null
        },
        "history": [
          {
            "at": "2025-12-27T00:00:00Z",
            "by": "import",
            "action": "created"
          }
        ],
        "deletedAt": null,
        "deletedBy": null
      }
    },
    {
      "schemaVersion": 1,
      "taxonomyVersion": "5e-1.0",
      "id": "q_hist_reperes_renaissance_0043",
      "blockId": "hist_reperes_renaissance",
      "grade": "5e",
      "lang": "fr",
      "primaryTag": "hist_reperes_renaissance",
      "type": "MCQ",
      "difficulty": 3,
      "statement": "Question d’entraînement sur la notion « hist reperes renaissance ».",
      "choices": [
        "Réponse correcte",
        "Distracteur 1",
        "Distracteur 2",
        "Distracteur 3"
      ],
      "answer": "Réponse correcte",
      "lessonRef": "definition",
      "explanation": "Cette question vérifie la compréhension de la notion.",
      "quality": {
        "status": "draft",
        "review": {
          "reviewedBy": null,
          "reviewedAt": null,
          "decision": null,
          "notes": null
        },
        "history": [
          {
            "at": "2025-12-27T00:00:00Z",
            "by": "import",
            "action": "created"
          }
        ],
        "deletedAt": null,
        "deletedBy": null
      }
    },
    {
      "schemaVersion": 1,
      "taxonomyVersion": "5e-1.0",
      "id": "q_hist_reperes_renaissance_0044",
      "blockId": "hist_reperes_renaissance",
      "grade": "5e",
      "lang": "fr",
      "primaryTag": "hist_reperes_renaissance",
      "type": "MCQ",
      "difficulty": 2,
      "statement": "Question d’entraînement sur la notion « hist reperes renaissance ».",
      "choices": [
        "Réponse correcte",
        "Distracteur 1",
        "Distracteur 2",
        "Distracteur 3"
      ],
      "answer": "Réponse correcte",
      "lessonRef": "definition",
      "explanation": "Cette question vérifie la compréhension de la notion.",
      "quality": {
        "status": "draft",
        "review": {
          "reviewedBy": null,
          "reviewedAt": null,
          "decision": null,
          "notes": null
        },
        "history": [
          {
            "at": "2025-12-27T00:00:00Z",
            "by": "import",
            "action": "created"
          }
        ],
        "deletedAt": null,
        "deletedBy": null
      }
    },
    {
      "schemaVersion": 1,
      "taxonomyVersion": "5e-1.0",
      "id": "q_hist_reperes_renaissance_0045",
      "blockId": "hist_reperes_renaissance",
      "grade": "5e",
      "lang": "fr",
      "primaryTag": "hist_reperes_renaissance",
      "type": "MCQ",
      "difficulty": 2,
      "statement": "Question d’entraînement sur la notion « hist reperes renaissance ».",
      "choices": [
        "Réponse correcte",
        "Distracteur 1",
        "Distracteur 2",
        "Distracteur 3"
      ],
      "answer": "Réponse correcte",
      "lessonRef": "definition",
      "explanation": "Cette question vérifie la compréhension de la notion.",
      "quality": {
        "status": "draft",
        "review": {
          "reviewedBy": null,
          "reviewedAt": null,
          "decision": null,
          "notes": null
        },
        "history": [
          {
            "at": "2025-12-27T00:00:00Z",
            "by": "import",
            "action": "created"
          }
        ],
        "deletedAt": null,
        "deletedBy": null
      }
    },
    {
      "schemaVersion": 1,
      "taxonomyVersion": "5e-1.0",
      "id": "q_hist_reperes_renaissance_0046",
      "blockId": "hist_reperes_renaissance",
      "grade": "5e",
      "lang": "fr",
      "primaryTag": "hist_reperes_renaissance",
      "type": "MCQ",
      "difficulty": 1,
      "statement": "Question d’entraînement sur la notion « hist reperes renaissance ».",
      "choices": [
        "Réponse correcte",
        "Distracteur 1",
        "Distracteur 2",
        "Distracteur 3"
      ],
      "answer": "Réponse correcte",
      "lessonRef": "definition",
      "explanation": "Cette question vérifie la compréhension de la notion.",
      "quality": {
        "status": "draft",
        "review": {
          "reviewedBy": null,
          "reviewedAt": null,
          "decision": null,
          "notes": null
        },
        "history": [
          {
            "at": "2025-12-27T00:00:00Z",
            "by": "import",
            "action": "created"
          }
        ],
        "deletedAt": null,
        "deletedBy": null
      }
    },
    {
      "schemaVersion": 1,
      "taxonomyVersion": "5e-1.0",
      "id": "q_hist_reperes_renaissance_0047",
      "blockId": "hist_reperes_renaissance",
      "grade": "5e",
      "lang": "fr",
      "primaryTag": "hist_reperes_renaissance",
      "type": "MCQ",
      "difficulty": 2,
      "statement": "Question d’entraînement sur la notion « hist reperes renaissance ».",
      "choices": [
        "Réponse correcte",
        "Distracteur 1",
        "Distracteur 2",
        "Distracteur 3"
      ],
      "answer": "Réponse correcte",
      "lessonRef": "definition",
      "explanation": "Cette question vérifie la compréhension de la notion.",
      "quality": {
        "status": "draft",
        "review": {
          "reviewedBy": null,
          "reviewedAt": null,
          "decision": null,
          "notes": null
        },
        "history": [
          {
            "at": "2025-12-27T00:00:00Z",
            "by": "import",
            "action": "created"
          }
        ],
        "deletedAt": null,
        "deletedBy": null
      }
    },
    {
      "schemaVersion": 1,
      "taxonomyVersion": "5e-1.0",
      "id": "q_hist_reperes_renaissance_0048",
      "blockId": "hist_reperes_renaissance",
      "grade": "5e",
      "lang": "fr",
      "primaryTag": "hist_reperes_renaissance",
      "type": "MCQ",
      "difficulty": 1,
      "statement": "Question d’entraînement sur la notion « hist reperes renaissance ».",
      "choices": [
        "Réponse correcte",
        "Distracteur 1",
        "Distracteur 2",
        "Distracteur 3"
      ],
      "answer": "Réponse correcte",
      "lessonRef": "definition",
      "explanation": "Cette question vérifie la compréhension de la notion.",
      "quality": {
        "status": "draft",
        "review": {
          "reviewedBy": null,
          "reviewedAt": null,
          "decision": null,
          "notes": null
        },
        "history": [
          {
            "at": "2025-12-27T00:00:00Z",
            "by": "import",
            "action": "created"
          }
        ],
        "deletedAt": null,
        "deletedBy": null
      }
    },
    {
      "schemaVersion": 1,
      "taxonomyVersion": "5e-1.0",
      "id": "q_hist_reperes_renaissance_0049",
      "blockId": "hist_reperes_renaissance",
      "grade": "5e",
      "lang": "fr",
      "primaryTag": "hist_reperes_renaissance",
      "type": "MCQ",
      "difficulty": 2,
      "statement": "Question d’entraînement sur la notion « hist reperes renaissance ».",
      "choices": [
        "Réponse correcte",
        "Distracteur 1",
        "Distracteur 2",
        "Distracteur 3"
      ],
      "answer": "Réponse correcte",
      "lessonRef": "definition",
      "explanation": "Cette question vérifie la compréhension de la notion.",
      "quality": {
        "status": "draft",
        "review": {
          "reviewedBy": null,
          "reviewedAt": null,
          "decision": null,
          "notes": null
        },
        "history": [
          {
            "at": "2025-12-27T00:00:00Z",
            "by": "import",
            "action": "created"
          }
        ],
        "deletedAt": null,
        "deletedBy": null
      }
    },
    {
      "schemaVersion": 1,
      "taxonomyVersion": "5e-1.0",
      "id": "q_hist_reperes_renaissance_0050",
      "blockId": "hist_reperes_renaissance",
      "grade": "5e",
      "lang": "fr",
      "primaryTag": "hist_reperes_renaissance",
      "type": "MCQ",
      "difficulty": 2,
      "statement": "Question d’entraînement sur la notion « hist reperes renaissance ».",
      "choices": [
        "Réponse correcte",
        "Distracteur 1",
        "Distracteur 2",
        "Distracteur 3"
      ],
      "answer": "Réponse correcte",
      "lessonRef": "definition",
      "explanation": "Cette question vérifie la compréhension de la notion.",
      "quality": {
        "status": "draft",
        "review": {
          "reviewedBy": null,
          "reviewedAt": null,
          "decision": null,
          "notes": null
        },
        "history": [
          {
            "at": "2025-12-27T00:00:00Z",
            "by": "import",
            "action": "created"
          }
        ],
        "deletedAt": null,
        "deletedBy": null
      }
    }
  ]
}