{
  "pack": {
    "schemaVersion": 1,
    "taxonomyVersion": "5e-1.0",
    "setId": "pack_hist_reperes_moyen_age_50q_v1",
    "grade": "5e",
    "lang": "fr",
    "primaryTag": "hist_reperes_moyen_age",
    "blockId": "hist_reperes_moyen_age",
    "biomeId": "hist",
    "lessonTitle": "Rappel — hist reperes moyen age",
    "lesson": "# Rappel — hist_reperes_moyen_age\n\n## Définition {#definition}\nÀ compléter.\n\n## Méthode {#methode}\nÀ compléter.\n\n## Exemples {#exemples}\nÀ compléter.\n\n## Pièges fréquents {#pieges}\nÀ compléter.\n",
    "createdAt": "2025-12-27T00:00:00Z"
  },
  "questions": [
    {
      "schemaVersion": 1,
      "taxonomyVersion": "5e-1.0",
      "id": "q_hist_reperes_moyen_age_0001",
      "blockId": "hist_reperes_moyen_age",
      "grade": "5e",
      "lang": "fr",
      "primaryTag": "hist_reperes_moyen_age",
      "type": "MCQ",
      "difficulty": 3,
      "statement": "Question d’entraînement sur la notion « hist reperes moyen age ».",
      "choices": [
        "Réponse correcte",
        "Distracteur 1",
        "Distracteur 2",
        "Distracteur 3"
      ],
      "answer": "Réponse correcte",
      "lessonRef": "definition",
      "explanation": "Cette question vérifie la compréhension de la notion.",
      "quality": {
        "status": "draft",
        "review": {
          "reviewedBy": null,
          "reviewedAt": null,
          "decision": null,
          "notes": null
        },
        "history": [
          {
            "at": "2025-12-27T00:00:00Z",
            "by": "import",
            "action": "created"
          }
        ],
        "deletedAt": null,
        "deletedBy": null
      }
    },
    {
      "schemaVersion": 1,
      "taxonomyVersion": "5e-1.0",
      "id": "q_hist_reperes_moyen_age_0002",
      "blockId": "hist_reperes_moyen_age",
      "grade": "5e",
      "lang": "fr",
      "primaryTag": "hist_reperes_moyen_age",
      "type": "MCQ",
      "difficulty": 3,
      "statement": "Question d’entraînement sur la notion « hist reperes moyen age ».",
      "choices": [
        "Réponse correcte",
        "Distracteur 1",
        "Distracteur 2",
        "Distracteur 3"
      ],
      "answer": "Réponse correcte",
      "lessonRef": "definition",
      "explanation": "Cette question vérifie la compréhension de la notion.",
      "quality": {
        "status": "draft",
        "review": {
          "reviewedBy": null,
          "reviewedAt": null,
          "decision": null,
          "notes": null
        },
        "history": [
          {
            "at": "2025-12-27T00:00:00Z",
            "by": "import",
            "action": "created"
          }
        ],
        "deletedAt": null,
        "deletedBy": null
      }
    },
    {
      "schemaVersion": 1,
      "taxonomyVersion": "5e-1.0",
      "id": "q_hist_reperes_moyen_age_0003",
      "blockId": "hist_reperes_moyen_age",
      "grade": "5e",
      "lang": "fr",
      "primaryTag": "hist_reperes_moyen_age",
      "type": "MCQ",
      "difficulty": 2,
      "statement": "Question d’entraînement sur la notion « hist reperes moyen age ».",
      "choices": [
        "Réponse correcte",
        "Distracteur 1",
        "Distracteur 2",
        "Distracteur 3"
      ],
      "answer": "Réponse correcte",
      "lessonRef": "definition",
      "explanation": "Cette question vérifie la compréhension de la notion.",
      "quality": {
        "status": "draft",
        "review": {
          "reviewedBy": null,
          "reviewedAt": null,
          "decision": null,
          "notes": null
        },
        "history": [
          {
            "at": "2025-12-27T00:00:00Z",
            "by": "import",
            "action": "created"
          }
        ],
        "deletedAt": null,
        "deletedBy": null
      }
    },
    {
      "schemaVersion": 1,
      "taxonomyVersion": "5e-1.0",
      "id": "q_hist_reperes_moyen_age_0004",
      "blockId": "hist_reperes_moyen_age",
      "grade": "5e",
      "lang": "fr",
      "primaryTag": "hist_reperes_moyen_age",
      "type": "MCQ",
      "difficulty": 2,
      "statement": "Question d’entraînement sur la notion « hist reperes moyen age ».",
      "choices": [
        "Réponse correcte",
        "Distracteur 1",
        "Distracteur 2",
        "Distracteur 3"
      ],
      "answer": "Réponse correcte",
      "lessonRef": "definition",
      "explanation": "Cette question vérifie la compréhension de la notion.",
      "quality": {
        "status": "draft",
        "review": {
          "reviewedBy": null,
          "reviewedAt": null,
          "decision": null,
          "notes": null
        },
        "history": [
          {
            "at": "2025-12-27T00:00:00Z",
            "by": "import",
            "action": "created"
          }
        ],
        "deletedAt": null,
        "deletedBy": null
      }
    },
    {
      "schemaVersion": 1,
      "taxonomyVersion": "5e-1.0",
      "id": "q_hist_reperes_moyen_age_0005",
      "blockId": "hist_reperes_moyen_age",
      "grade": "5e",
      "lang": "fr",
      "primaryTag": "hist_reperes_moyen_age",
      "type": "MCQ",
      "difficulty": 3,
      "statement": "Question d’entraînement sur la notion « hist reperes moyen age ».",
      "choices": [
        "Réponse correcte",
        "Distracteur 1",
        "Distracteur 2",
        "Distracteur 3"
      ],
      "answer": "Réponse correcte",
      "lessonRef": "definition",
      "explanation": "Cette question vérifie la compréhension de la notion.",
      "quality": {
        "status": "draft",
        "review": {
          "reviewedBy": null,
          "reviewedAt": null,
          "decision": null,
          "notes": null
        },
        "history": [
          {
            "at": "2025-12-27T00:00:00Z",
            "by": "import",
            "action": "created"
          }
        ],
        "deletedAt": null,
        "deletedBy": null
      }
    },
    {
      "schemaVersion": 1,
      "taxonomyVersion": "5e-1.0",
      "id": "q_hist_reperes_moyen_age_0006",
      "blockId": "hist_reperes_moyen_age",
      "grade": "5e",
      "lang": "fr",
      "primaryTag": "hist_reperes_moyen_age",
      "type": "MCQ",
      "difficulty": 3,
      "statement": "Question d’entraînement sur la notion « hist reperes moyen age ».",
      "choices": [
        "Réponse correcte",
        "Distracteur 1",
        "Distracteur 2",
        "Distracteur 3"
      ],
      "answer": "Réponse correcte",
      "lessonRef": "definition",
      "explanation": "Cette question vérifie la compréhension de la notion.",
      "quality": {
        "status": "draft",
        "review": {
          "reviewedBy": null,
          "reviewedAt": null,
          "decision": null,
          "notes": null
        },
        "history": [
          {
            "at": "2025-12-27T00:00:00Z",
            "by": "import",
            "action": "created"
          }
        ],
        "deletedAt": null,
        "deletedBy": null
      }
    },
    {
      "schemaVersion": 1,
      "taxonomyVersion": "5e-1.0",
      "id": "q_hist_reperes_moyen_age_0007",
      "blockId": "hist_reperes_moyen_age",
      "grade": "5e",
      "lang": "fr",
      "primaryTag": "hist_reperes_moyen_age",
      "type": "MCQ",
      "difficulty": 1,
      "statement": "Question d’entraînement sur la notion « hist reperes moyen age ».",
      "choices": [
        "Réponse correcte",
        "Distracteur 1",
        "Distracteur 2",
        "Distracteur 3"
      ],
      "answer": "Réponse correcte",
      "lessonRef": "definition",
      "explanation": "Cette question vérifie la compréhension de la notion.",
      "quality": {
        "status": "draft",
        "review": {
          "reviewedBy": null,
          "reviewedAt": null,
          "decision": null,
          "notes": null
        },
        "history": [
          {
            "at": "2025-12-27T00:00:00Z",
            "by": "import",
            "action": "created"
          }
        ],
        "deletedAt": null,
        "deletedBy": null
      }
    },
    {
      "schemaVersion": 1,
      "taxonomyVersion": "5e-1.0",
      "id": "q_hist_reperes_moyen_age_0008",
      "blockId": "hist_reperes_moyen_age",
      "grade": "5e",
      "lang": "fr",
      "primaryTag": "hist_reperes_moyen_age",
      "type": "MCQ",
      "difficulty": 1,
      "statement": "Question d’entraînement sur la notion « hist reperes moyen age ».",
      "choices": [
        "Réponse correcte",
        "Distracteur 1",
        "Distracteur 2",
        "Distracteur 3"
      ],
      "answer": "Réponse correcte",
      "lessonRef": "definition",
      "explanation": "Cette question vérifie la compréhension de la notion.",
      "quality": {
        "status": "draft",
        "review": {
          "reviewedBy": null,
          "reviewedAt": null,
          "decision": null,
          "notes": null
        },
        "history": [
          {
            "at": "2025-12-27T00:00:00Z",
            "by": "import",
            "action": "created"
          }
        ],
        "deletedAt": null,
        "deletedBy": null
      }
    },
    {
      "schemaVersion": 1,
      "taxonomyVersion": "5e-1.0",
      "id": "q_hist_reperes_moyen_age_0009",
      "blockId": "hist_reperes_moyen_age",
      "grade": "5e",
      "lang": "fr",
      "primaryTag": "hist_reperes_moyen_age",
      "type": "MCQ",
      "difficulty": 3,
      "statement": "Question d’entraînement sur la notion « hist reperes moyen age ».",
      "choices": [
        "Réponse correcte",
        "Distracteur 1",
        "Distracteur 2",
        "Distracteur 3"
      ],
      "answer": "Réponse correcte",
      "lessonRef": "definition",
      "explanation": "Cette question vérifie la compréhension de la notion.",
      "quality": {
        "status": "draft",
        "review": {
          "reviewedBy": null,
          "reviewedAt": null,
          "decision": null,
          "notes": null
        },
        "history": [
          {
            "at": "2025-12-27T00:00:00Z",
            "by": "import",
            "action": "created"
          }
        ],
        "deletedAt": null,
        "deletedBy": null
      }
    },
    {
      "schemaVersion": 1,
      "taxonomyVersion": "5e-1.0",
      "id": "q_hist_reperes_moyen_age_0010",
      "blockId": "hist_reperes_moyen_age",
      "grade": "5e",
      "lang": "fr",
      "primaryTag": "hist_reperes_moyen_age",
      "type": "MCQ",
      "difficulty": 3,
      "statement": "Question d’entraînement sur la notion « hist reperes moyen age ».",
      "choices": [
        "Réponse correcte",
        "Distracteur 1",
        "Distracteur 2",
        "Distracteur 3"
      ],
      "answer": "Réponse correcte",
      "lessonRef": "definition",
      "explanation": "Cette question vérifie la compréhension de la notion.",
      "quality": {
        "status": "draft",
        "review": {
          "reviewedBy": null,
          "reviewedAt": null,
          "decision": null,
          "notes": null
        },
        "history": [
          {
            "at": "2025-12-27T00:00:00Z",
            "by": "import",
            "action": "created"
          }
        ],
        "deletedAt": null,
        "deletedBy": null
      }
    },
    {
      "schemaVersion": 1,
      "taxonomyVersion": "5e-1.0",
      "id": "q_hist_reperes_moyen_age_0011",
      "blockId": "hist_reperes_moyen_age",
      "grade": "5e",
      "lang": "fr",
      "primaryTag": "hist_reperes_moyen_age",
      "type": "MCQ",
      "difficulty": 3,
      "statement": "Question d’entraînement sur la notion « hist reperes moyen age ».",
      "choices": [
        "Réponse correcte",
        "Distracteur 1",
        "Distracteur 2",
        "Distracteur 3"
      ],
      "answer": "Réponse correcte",
      "lessonRef": "definition",
      "explanation": "Cette question vérifie la compréhension de la notion.",
      "quality": {
        "status": "draft",
        "review": {
          "reviewedBy": null,
          "reviewedAt": null,
          "decision": null,
          "notes": null
        },
        "history": [
          {
            "at": "2025-12-27T00:00:00Z",
            "by": "import",
            "action": "created"
          }
        ],
        "deletedAt": null,
        "deletedBy": null
      }
    },
    {
      "schemaVersion": 1,
      "taxonomyVersion": "5e-1.0",
      "id": "q_hist_reperes_moyen_age_0012",
      "blockId": "hist_reperes_moyen_age",
      "grade": "5e",
      "lang": "fr",
      "primaryTag": "hist_reperes_moyen_age",
      "type": "MCQ",
      "difficulty": 3,
      "statement": "Question d’entraînement sur la notion « hist reperes moyen age ».",
      "choices": [
        "Réponse correcte",
        "Distracteur 1",
        "Distracteur 2",
        "Distracteur 3"
      ],
      "answer": "Réponse correcte",
      "lessonRef": "definition",
      "explanation": "Cette question vérifie la compréhension de la notion.",
      "quality": {
        "status": "draft",
        "review": {
          "reviewedBy": null,
          "reviewedAt": null,
          "decision": null,
          "notes": null
        },
        "history": [
          {
            "at": "2025-12-27T00:00:00Z",
            "by": "import",
            "action": "created"
          }
        ],
        "deletedAt": null,
        "deletedBy": null
      }
    },
    {
      "schemaVersion": 1,
      "taxonomyVersion": "5e-1.0",
      "id": "q_hist_reperes_moyen_age_0013",
      "blockId": "hist_reperes_moyen_age",
      "grade": "5e",
      "lang": "fr",
      "primaryTag": "hist_reperes_moyen_age",
      "type": "MCQ",
      "difficulty": 3,
      "statement": "Question d’entraînement sur la notion « hist reperes moyen age ».",
      "choices": [
        "Réponse correcte",
        "Distracteur 1",
        "Distracteur 2",
        "Distracteur 3"
      ],
      "answer": "Réponse correcte",
      "lessonRef": "definition",
      "explanation": "Cette question vérifie la compréhension de la notion.",
      "quality": {
        "status": "draft",
        "review": {
          "reviewedBy": null,
          "reviewedAt": null,
          "decision": null,
          "notes": null
        },
        "history": [
          {
            "at": "2025-12-27T00:00:00Z",
            "by": "import",
            "action": "created"
          }
        ],
        "deletedAt": null,
        "deletedBy": null
      }
    },
    {
      "schemaVersion": 1,
      "taxonomyVersion": "5e-1.0",
      "id": "q_hist_reperes_moyen_age_0014",
      "blockId": "hist_reperes_moyen_age",
      "grade": "5e",
      "lang": "fr",
      "primaryTag": "hist_reperes_moyen_age",
      "type": "MCQ",
      "difficulty": 2,
      "statement": "Question d’entraînement sur la notion « hist reperes moyen age ».",
      "choices": [
        "Réponse correcte",
        "Distracteur 1",
        "Distracteur 2",
        "Distracteur 3"
      ],
      "answer": "Réponse correcte",
      "lessonRef": "definition",
      "explanation": "Cette question vérifie la compréhension de la notion.",
      "quality": {
        "status": "draft",
        "review": {
          "reviewedBy": null,
          "reviewedAt": null,
          "decision": null,
          "notes": null
        },
        "history": [
          {
            "at": "2025-12-27T00:00:00Z",
            "by": "import",
            "action": "created"
          }
        ],
        "deletedAt": null,
        "deletedBy": null
      }
    },
    {
      "schemaVersion": 1,
      "taxonomyVersion": "5e-1.0",
      "id": "q_hist_reperes_moyen_age_0015",
      "blockId": "hist_reperes_moyen_age",
      "grade": "5e",
      "lang": "fr",
      "primaryTag": "hist_reperes_moyen_age",
      "type": "MCQ",
      "difficulty": 3,
      "statement": "Question d’entraînement sur la notion « hist reperes moyen age ».",
      "choices": [
        "Réponse correcte",
        "Distracteur 1",
        "Distracteur 2",
        "Distracteur 3"
      ],
      "answer": "Réponse correcte",
      "lessonRef": "definition",
      "explanation": "Cette question vérifie la compréhension de la notion.",
      "quality": {
        "status": "draft",
        "review": {
          "reviewedBy": null,
          "reviewedAt": null,
          "decision": null,
          "notes": null
        },
        "history": [
          {
            "at": "2025-12-27T00:00:00Z",
            "by": "import",
            "action": "created"
          }
        ],
        "deletedAt": null,
        "deletedBy": null
      }
    },
    {
      "schemaVersion": 1,
      "taxonomyVersion": "5e-1.0",
      "id": "q_hist_reperes_moyen_age_0016",
      "blockId": "hist_reperes_moyen_age",
      "grade": "5e",
      "lang": "fr",
      "primaryTag": "hist_reperes_moyen_age",
      "type": "MCQ",
      "difficulty": 1,
      "statement": "Question d’entraînement sur la notion « hist reperes moyen age ».",
      "choices": [
        "Réponse correcte",
        "Distracteur 1",
        "Distracteur 2",
        "Distracteur 3"
      ],
      "answer": "Réponse correcte",
      "lessonRef": "definition",
      "explanation": "Cette question vérifie la compréhension de la notion.",
      "quality": {
        "status": "draft",
        "review": {
          "reviewedBy": null,
          "reviewedAt": null,
          "decision": null,
          "notes": null
        },
        "history": [
          {
            "at": "2025-12-27T00:00:00Z",
            "by": "import",
            "action": "created"
          }
        ],
        "deletedAt": null,
        "deletedBy": null
      }
    },
    {
      "schemaVersion": 1,
      "taxonomyVersion": "5e-1.0",
      "id": "q_hist_reperes_moyen_age_0017",
      "blockId": "hist_reperes_moyen_age",
      "grade": "5e",
      "lang": "fr",
      "primaryTag": "hist_reperes_moyen_age",
      "type": "MCQ",
      "difficulty": 2,
      "statement": "Question d’entraînement sur la notion « hist reperes moyen age ».",
      "choices": [
        "Réponse correcte",
        "Distracteur 1",
        "Distracteur 2",
        "Distracteur 3"
      ],
      "answer": "Réponse correcte",
      "lessonRef": "definition",
      "explanation": "Cette question vérifie la compréhension de la notion.",
      "quality": {
        "status": "draft",
        "review": {
          "reviewedBy": null,
          "reviewedAt": null,
          "decision": null,
          "notes": null
        },
        "history": [
          {
            "at": "2025-12-27T00:00:00Z",
            "by": "import",
            "action": "created"
          }
        ],
        "deletedAt": null,
        "deletedBy": null
      }
    },
    {
      "schemaVersion": 1,
      "taxonomyVersion": "5e-1.0",
      "id": "q_hist_reperes_moyen_age_0018",
      "blockId": "hist_reperes_moyen_age",
      "grade": "5e",
      "lang": "fr",
      "primaryTag": "hist_reperes_moyen_age",
      "type": "MCQ",
      "difficulty": 2,
      "statement": "Question d’entraînement sur la notion « hist reperes moyen age ».",
      "choices": [
        "Réponse correcte",
        "Distracteur 1",
        "Distracteur 2",
        "Distracteur 3"
      ],
      "answer": "Réponse correcte",
      "lessonRef": "definition",
      "explanation": "Cette question vérifie la compréhension de la notion.",
      "quality": {
        "status": "draft",
        "review": {
          "reviewedBy": null,
          "reviewedAt": null,
          "decision": null,
          "notes": null
        },
        "history": [
          {
            "at": "2025-12-27T00:00:00Z",
            "by": "import",
            "action": "created"
          }
        ],
        "deletedAt": null,
        "deletedBy": null
      }
    },
    {
      "schemaVersion": 1,
      "taxonomyVersion": "5e-1.0",
      "id": "q_hist_reperes_moyen_age_0019",
      "blockId": "hist_reperes_moyen_age",
      "grade": "5e",
      "lang": "fr",
      "primaryTag": "hist_reperes_moyen_age",
      "type": "MCQ",
      "difficulty": 3,
      "statement": "Question d’entraînement sur la notion « hist reperes moyen age ».",
      "choices": [
        "Réponse correcte",
        "Distracteur 1",
        "Distracteur 2",
        "Distracteur 3"
      ],
      "answer": "Réponse correcte",
      "lessonRef": "definition",
      "explanation": "Cette question vérifie la compréhension de la notion.",
      "quality": {
        "status": "draft",
        "review": {
          "reviewedBy": null,
          "reviewedAt": null,
          "decision": null,
          "notes": null
        },
        "history": [
          {
            "at": "2025-12-27T00:00:00Z",
            "by": "import",
            "action": "created"
          }
        ],
        "deletedAt": null,
        "deletedBy": null
      }
    },
    {
      "schemaVersion": 1,
      "taxonomyVersion": "5e-1.0",
      "id": "q_hist_reperes_moyen_age_0020",
      "blockId": "hist_reperes_moyen_age",
      "grade": "5e",
      "lang": "fr",
      "primaryTag": "hist_reperes_moyen_age",
      "type": "MCQ",
      "difficulty": 3,
      "statement": "Question d’entraînement sur la notion « hist reperes moyen age ».",
      "choices": [
        "Réponse correcte",
        "Distracteur 1",
        "Distracteur 2",
        "Distracteur 3"
      ],
      "answer": "Réponse correcte",
      "lessonRef": "definition",
      "explanation": "Cette question vérifie la compréhension de la notion.",
      "quality": {
        "status": "draft",
        "review": {
          "reviewedBy": null,
          "reviewedAt": null,
          "decision": null,
          "notes": null
        },
        "history": [
          {
            "at": "2025-12-27T00:00:00Z",
            "by": "import",
            "action": "created"
          }
        ],
        "deletedAt": null,
        "deletedBy": null
      }
    },
    {
      "schemaVersion": 1,
      "taxonomyVersion": "5e-1.0",
      "id": "q_hist_reperes_moyen_age_0021",
      "blockId": "hist_reperes_moyen_age",
      "grade": "5e",
      "lang": "fr",
      "primaryTag": "hist_reperes_moyen_age",
      "type": "MCQ",
      "difficulty": 3,
      "statement": "Question d’entraînement sur la notion « hist reperes moyen age ».",
      "choices": [
        "Réponse correcte",
        "Distracteur 1",
        "Distracteur 2",
        "Distracteur 3"
      ],
      "answer": "Réponse correcte",
      "lessonRef": "definition",
      "explanation": "Cette question vérifie la compréhension de la notion.",
      "quality": {
        "status": "draft",
        "review": {
          "reviewedBy": null,
          "reviewedAt": null,
          "decision": null,
          "notes": null
        },
        "history": [
          {
            "at": "2025-12-27T00:00:00Z",
            "by": "import",
            "action": "created"
          }
        ],
        "deletedAt": null,
        "deletedBy": null
      }
    },
    {
      "schemaVersion": 1,
      "taxonomyVersion": "5e-1.0",
      "id": "q_hist_reperes_moyen_age_0022",
      "blockId": "hist_reperes_moyen_age",
      "grade": "5e",
      "lang": "fr",
      "primaryTag": "hist_reperes_moyen_age",
      "type": "MCQ",
      "difficulty": 2,
      "statement": "Question d’entraînement sur la notion « hist reperes moyen age ».",
      "choices": [
        "Réponse correcte",
        "Distracteur 1",
        "Distracteur 2",
        "Distracteur 3"
      ],
      "answer": "Réponse correcte",
      "lessonRef": "definition",
      "explanation": "Cette question vérifie la compréhension de la notion.",
      "quality": {
        "status": "draft",
        "review": {
          "reviewedBy": null,
          "reviewedAt": null,
          "decision": null,
          "notes": null
        },
        "history": [
          {
            "at": "2025-12-27T00:00:00Z",
            "by": "import",
            "action": "created"
          }
        ],
        "deletedAt": null,
        "deletedBy": null
      }
    },
    {
      "schemaVersion": 1,
      "taxonomyVersion": "5e-1.0",
      "id": "q_hist_reperes_moyen_age_0023",
      "blockId": "hist_reperes_moyen_age",
      "grade": "5e",
      "lang": "fr",
      "primaryTag": "hist_reperes_moyen_age",
      "type": "MCQ",
      "difficulty": 1,
      "statement": "Question d’entraînement sur la notion « hist reperes moyen age ».",
      "choices": [
        "Réponse correcte",
        "Distracteur 1",
        "Distracteur 2",
        "Distracteur 3"
      ],
      "answer": "Réponse correcte",
      "lessonRef": "definition",
      "explanation": "Cette question vérifie la compréhension de la notion.",
      "quality": {
        "status": "draft",
        "review": {
          "reviewedBy": null,
          "reviewedAt": null,
          "decision": null,
          "notes": null
        },
        "history": [
          {
            "at": "2025-12-27T00:00:00Z",
            "by": "import",
            "action": "created"
          }
        ],
        "deletedAt": null,
        "deletedBy": null
      }
    },
    {
      "schemaVersion": 1,
      "taxonomyVersion": "5e-1.0",
      "id": "q_hist_reperes_moyen_age_0024",
      "blockId": "hist_reperes_moyen_age",
      "grade": "5e",
      "lang": "fr",
      "primaryTag": "hist_reperes_moyen_age",
      "type": "MCQ",
      "difficulty": 2,
      "statement": "Question d’entraînement sur la notion « hist reperes moyen age ».",
      "choices": [
        "Réponse correcte",
        "Distracteur 1",
        "Distracteur 2",
        "Distracteur 3"
      ],
      "answer": "Réponse correcte",
      "lessonRef": "definition",
      "explanation": "Cette question vérifie la compréhension de la notion.",
      "quality": {
        "status": "draft",
        "review": {
          "reviewedBy": null,
          "reviewedAt": null,
          "decision": null,
          "notes": null
        },
        "history": [
          {
            "at": "2025-12-27T00:00:00Z",
            "by": "import",
            "action": "created"
          }
        ],
        "deletedAt": null,
        "deletedBy": null
      }
    },
    {
      "schemaVersion": 1,
      "taxonomyVersion": "5e-1.0",
      "id": "q_hist_reperes_moyen_age_0025",
      "blockId": "hist_reperes_moyen_age",
      "grade": "5e",
      "lang": "fr",
      "primaryTag": "hist_reperes_moyen_age",
      "type": "MCQ",
      "difficulty": 3,
      "statement": "Question d’entraînement sur la notion « hist reperes moyen age ».",
      "choices": [
        "Réponse correcte",
        "Distracteur 1",
        "Distracteur 2",
        "Distracteur 3"
      ],
      "answer": "Réponse correcte",
      "lessonRef": "definition",
      "explanation": "Cette question vérifie la compréhension de la notion.",
      "quality": {
        "status": "draft",
        "review": {
          "reviewedBy": null,
          "reviewedAt": null,
          "decision": null,
          "notes": null
        },
        "history": [
          {
            "at": "2025-12-27T00:00:00Z",
            "by": "import",
            "action": "created"
          }
        ],
        "deletedAt": null,
        "deletedBy": null
      }
    },
    {
      "schemaVersion": 1,
      "taxonomyVersion": "5e-1.0",
      "id": "q_hist_reperes_moyen_age_0026",
      "blockId": "hist_reperes_moyen_age",
      "grade": "5e",
      "lang": "fr",
      "primaryTag": "hist_reperes_moyen_age",
      "type": "MCQ",
      "difficulty": 1,
      "statement": "Question d’entraînement sur la notion « hist reperes moyen age ».",
      "choices": [
        "Réponse correcte",
        "Distracteur 1",
        "Distracteur 2",
        "Distracteur 3"
      ],
      "answer": "Réponse correcte",
      "lessonRef": "definition",
      "explanation": "Cette question vérifie la compréhension de la notion.",
      "quality": {
        "status": "draft",
        "review": {
          "reviewedBy": null,
          "reviewedAt": null,
          "decision": null,
          "notes": null
        },
        "history": [
          {
            "at": "2025-12-27T00:00:00Z",
            "by": "import",
            "action": "created"
          }
        ],
        "deletedAt": null,
        "deletedBy": null
      }
    },
    {
      "schemaVersion": 1,
      "taxonomyVersion": "5e-1.0",
      "id": "q_hist_reperes_moyen_age_0027",
      "blockId": "hist_reperes_moyen_age",
      "grade": "5e",
      "lang": "fr",
      "primaryTag": "hist_reperes_moyen_age",
      "type": "MCQ",
      "difficulty": 3,
      "statement": "Question d’entraînement sur la notion « hist reperes moyen age ».",
      "choices": [
        "Réponse correcte",
        "Distracteur 1",
        "Distracteur 2",
        "Distracteur 3"
      ],
      "answer": "Réponse correcte",
      "lessonRef": "definition",
      "explanation": "Cette question vérifie la compréhension de la notion.",
      "quality": {
        "status": "draft",
        "review": {
          "reviewedBy": null,
          "reviewedAt": null,
          "decision": null,
          "notes": null
        },
        "history": [
          {
            "at": "2025-12-27T00:00:00Z",
            "by": "import",
            "action": "created"
          }
        ],
        "deletedAt": null,
        "deletedBy": null
      }
    },
    {
      "schemaVersion": 1,
      "taxonomyVersion": "5e-1.0",
      "id": "q_hist_reperes_moyen_age_0028",
      "blockId": "hist_reperes_moyen_age",
      "grade": "5e",
      "lang": "fr",
      "primaryTag": "hist_reperes_moyen_age",
      "type": "MCQ",
      "difficulty": 2,
      "statement": "Question d’entraînement sur la notion « hist reperes moyen age ».",
      "choices": [
        "Réponse correcte",
        "Distracteur 1",
        "Distracteur 2",
        "Distracteur 3"
      ],
      "answer": "Réponse correcte",
      "lessonRef": "definition",
      "explanation": "Cette question vérifie la compréhension de la notion.",
      "quality": {
        "status": "draft",
        "review": {
          "reviewedBy": null,
          "reviewedAt": null,
          "decision": null,
          "notes": null
        },
        "history": [
          {
            "at": "2025-12-27T00:00:00Z",
            "by": "import",
            "action": "created"
          }
        ],
        "deletedAt": null,
        "deletedBy": null
      }
    },
    {
      "schemaVersion": 1,
      "taxonomyVersion": "5e-1.0",
      "id": "q_hist_reperes_moyen_age_0029",
      "blockId": "hist_reperes_moyen_age",
      "grade": "5e",
      "lang": "fr",
      "primaryTag": "hist_reperes_moyen_age",
      "type": "MCQ",
      "difficulty": 2,
      "statement": "Question d’entraînement sur la notion « hist reperes moyen age ».",
      "choices": [
        "Réponse correcte",
        "Distracteur 1",
        "Distracteur 2",
        "Distracteur 3"
      ],
      "answer": "Réponse correcte",
      "lessonRef": "definition",
      "explanation": "Cette question vérifie la compréhension de la notion.",
      "quality": {
        "status": "draft",
        "review": {
          "reviewedBy": null,
          "reviewedAt": null,
          "decision": null,
          "notes": null
        },
        "history": [
          {
            "at": "2025-12-27T00:00:00Z",
            "by": "import",
            "action": "created"
          }
        ],
        "deletedAt": null,
        "deletedBy": null
      }
    },
    {
      "schemaVersion": 1,
      "taxonomyVersion": "5e-1.0",
      "id": "q_hist_reperes_moyen_age_0030",
      "blockId": "hist_reperes_moyen_age",
      "grade": "5e",
      "lang": "fr",
      "primaryTag": "hist_reperes_moyen_age",
      "type": "MCQ",
      "difficulty": 3,
      "statement": "Question d’entraînement sur la notion « hist reperes moyen age ».",
      "choices": [
        "Réponse correcte",
        "Distracteur 1",
        "Distracteur 2",
        "Distracteur 3"
      ],
      "answer": "Réponse correcte",
      "lessonRef": "definition",
      "explanation": "Cette question vérifie la compréhension de la notion.",
      "quality": {
        "status": "draft",
        "review": {
          "reviewedBy": null,
          "reviewedAt": null,
          "decision": null,
          "notes": null
        },
        "history": [
          {
            "at": "2025-12-27T00:00:00Z",
            "by": "import",
            "action": "created"
          }
        ],
        "deletedAt": null,
        "deletedBy": null
      }
    },
    {
      "schemaVersion": 1,
      "taxonomyVersion": "5e-1.0",
      "id": "q_hist_reperes_moyen_age_0031",
      "blockId": "hist_reperes_moyen_age",
      "grade": "5e",
      "lang": "fr",
      "primaryTag": "hist_reperes_moyen_age",
      "type": "MCQ",
      "difficulty": 1,
      "statement": "Question d’entraînement sur la notion « hist reperes moyen age ».",
      "choices": [
        "Réponse correcte",
        "Distracteur 1",
        "Distracteur 2",
        "Distracteur 3"
      ],
      "answer": "Réponse correcte",
      "lessonRef": "definition",
      "explanation": "Cette question vérifie la compréhension de la notion.",
      "quality": {
        "status": "draft",
        "review": {
          "reviewedBy": null,
          "reviewedAt": null,
          "decision": null,
          "notes": null
        },
        "history": [
          {
            "at": "2025-12-27T00:00:00Z",
            "by": "import",
            "action": "created"
          }
        ],
        "deletedAt": null,
        "deletedBy": null
      }
    },
    {
      "schemaVersion": 1,
      "taxonomyVersion": "5e-1.0",
      "id": "q_hist_reperes_moyen_age_0032",
      "blockId": "hist_reperes_moyen_age",
      "grade": "5e",
      "lang": "fr",
      "primaryTag": "hist_reperes_moyen_age",
      "type": "MCQ",
      "difficulty": 3,
      "statement": "Question d’entraînement sur la notion « hist reperes moyen age ».",
      "choices": [
        "Réponse correcte",
        "Distracteur 1",
        "Distracteur 2",
        "Distracteur 3"
      ],
      "answer": "Réponse correcte",
      "lessonRef": "definition",
      "explanation": "Cette question vérifie la compréhension de la notion.",
      "quality": {
        "status": "draft",
        "review": {
          "reviewedBy": null,
          "reviewedAt": null,
          "decision": null,
          "notes": null
        },
        "history": [
          {
            "at": "2025-12-27T00:00:00Z",
            "by": "import",
            "action": "created"
          }
        ],
        "deletedAt": null,
        "deletedBy": null
      }
    },
    {
      "schemaVersion": 1,
      "taxonomyVersion": "5e-1.0",
      "id": "q_hist_reperes_moyen_age_0033",
      "blockId": "hist_reperes_moyen_age",
      "grade": "5e",
      "lang": "fr",
      "primaryTag": "hist_reperes_moyen_age",
      "type": "MCQ",
      "difficulty": 2,
      "statement": "Question d’entraînement sur la notion « hist reperes moyen age ».",
      "choices": [
        "Réponse correcte",
        "Distracteur 1",
        "Distracteur 2",
        "Distracteur 3"
      ],
      "answer": "Réponse correcte",
      "lessonRef": "definition",
      "explanation": "Cette question vérifie la compréhension de la notion.",
      "quality": {
        "status": "draft",
        "review": {
          "reviewedBy": null,
          "reviewedAt": null,
          "decision": null,
          "notes": null
        },
        "history": [
          {
            "at": "2025-12-27T00:00:00Z",
            "by": "import",
            "action": "created"
          }
        ],
        "deletedAt": null,
        "deletedBy": null
      }
    },
    {
      "schemaVersion": 1,
      "taxonomyVersion": "5e-1.0",
      "id": "q_hist_reperes_moyen_age_0034",
      "blockId": "hist_reperes_moyen_age",
      "grade": "5e",
      "lang": "fr",
      "primaryTag": "hist_reperes_moyen_age",
      "type": "MCQ",
      "difficulty": 2,
      "statement": "Question d’entraînement sur la notion « hist reperes moyen age ».",
      "choices": [
        "Réponse correcte",
        "Distracteur 1",
        "Distracteur 2",
        "Distracteur 3"
      ],
      "answer": "Réponse correcte",
      "lessonRef": "definition",
      "explanation": "Cette question vérifie la compréhension de la notion.",
      "quality": {
        "status": "draft",
        "review": {
          "reviewedBy": null,
          "reviewedAt": null,
          "decision": null,
          "notes": null
        },
        "history": [
          {
            "at": "2025-12-27T00:00:00Z",
            "by": "import",
            "action": "created"
          }
        ],
        "deletedAt": null,
        "deletedBy": null
      }
    },
    {
      "schemaVersion": 1,
      "taxonomyVersion": "5e-1.0",
      "id": "q_hist_reperes_moyen_age_0035",
      "blockId": "hist_reperes_moyen_age",
      "grade": "5e",
      "lang": "fr",
      "primaryTag": "hist_reperes_moyen_age",
      "type": "MCQ",
      "difficulty": 2,
      "statement": "Question d’entraînement sur la notion « hist reperes moyen age ».",
      "choices": [
        "Réponse correcte",
        "Distracteur 1",
        "Distracteur 2",
        "Distracteur 3"
      ],
      "answer": "Réponse correcte",
      "lessonRef": "definition",
      "explanation": "Cette question vérifie la compréhension de la notion.",
      "quality": {
        "status": "draft",
        "review": {
          "reviewedBy": null,
          "reviewedAt": null,
          "decision": null,
          "notes": null
        },
        "history": [
          {
            "at": "2025-12-27T00:00:00Z",
            "by": "import",
            "action": "created"
          }
        ],
        "deletedAt": null,
        "deletedBy": null
      }
    },
    {
      "schemaVersion": 1,
      "taxonomyVersion": "5e-1.0",
      "id": "q_hist_reperes_moyen_age_0036",
      "blockId": "hist_reperes_moyen_age",
      "grade": "5e",
      "lang": "fr",
      "primaryTag": "hist_reperes_moyen_age",
      "type": "MCQ",
      "difficulty": 1,
      "statement": "Question d’entraînement sur la notion « hist reperes moyen age ».",
      "choices": [
        "Réponse correcte",
        "Distracteur 1",
        "Distracteur 2",
        "Distracteur 3"
      ],
      "answer": "Réponse correcte",
      "lessonRef": "definition",
      "explanation": "Cette question vérifie la compréhension de la notion.",
      "quality": {
        "status": "draft",
        "review": {
          "reviewedBy": null,
          "reviewedAt": null,
          "decision": null,
          "notes": null
        },
        "history": [
          {
            "at": "2025-12-27T00:00:00Z",
            "by": "import",
            "action": "created"
          }
        ],
        "deletedAt": null,
        "deletedBy": null
      }
    },
    {
      "schemaVersion": 1,
      "taxonomyVersion": "5e-1.0",
      "id": "q_hist_reperes_moyen_age_0037",
      "blockId": "hist_reperes_moyen_age",
      "grade": "5e",
      "lang": "fr",
      "primaryTag": "hist_reperes_moyen_age",
      "type": "MCQ",
      "difficulty": 3,
      "statement": "Question d’entraînement sur la notion « hist reperes moyen age ».",
      "choices": [
        "Réponse correcte",
        "Distracteur 1",
        "Distracteur 2",
        "Distracteur 3"
      ],
      "answer": "Réponse correcte",
      "lessonRef": "definition",
      "explanation": "Cette question vérifie la compréhension de la notion.",
      "quality": {
        "status": "draft",
        "review": {
          "reviewedBy": null,
          "reviewedAt": null,
          "decision": null,
          "notes": null
        },
        "history": [
          {
            "at": "2025-12-27T00:00:00Z",
            "by": "import",
            "action": "created"
          }
        ],
        "deletedAt": null,
        "deletedBy": null
      }
    },
    {
      "schemaVersion": 1,
      "taxonomyVersion": "5e-1.0",
      "id": "q_hist_reperes_moyen_age_0038",
      "blockId": "hist_reperes_moyen_age",
      "grade": "5e",
      "lang": "fr",
      "primaryTag": "hist_reperes_moyen_age",
      "type": "MCQ",
      "difficulty": 3,
      "statement": "Question d’entraînement sur la notion « hist reperes moyen age ».",
      "choices": [
        "Réponse correcte",
        "Distracteur 1",
        "Distracteur 2",
        "Distracteur 3"
      ],
      "answer": "Réponse correcte",
      "lessonRef": "definition",
      "explanation": "Cette question vérifie la compréhension de la notion.",
      "quality": {
        "status": "draft",
        "review": {
          "reviewedBy": null,
          "reviewedAt": null,
          "decision": null,
          "notes": null
        },
        "history": [
          {
            "at": "2025-12-27T00:00:00Z",
            "by": "import",
            "action": "created"
          }
        ],
        "deletedAt": null,
        "deletedBy": null
      }
    },
    {
      "schemaVersion": 1,
      "taxonomyVersion": "5e-1.0",
      "id": "q_hist_reperes_moyen_age_0039",
      "blockId": "hist_reperes_moyen_age",
      "grade": "5e",
      "lang": "fr",
      "primaryTag": "hist_reperes_moyen_age",
      "type": "MCQ",
      "difficulty": 2,
      "statement": "Question d’entraînement sur la notion « hist reperes moyen age ».",
      "choices": [
        "Réponse correcte",
        "Distracteur 1",
        "Distracteur 2",
        "Distracteur 3"
      ],
      "answer": "Réponse correcte",
      "lessonRef": "definition",
      "explanation": "Cette question vérifie la compréhension de la notion.",
      "quality": {
        "status": "draft",
        "review": {
          "reviewedBy": null,
          "reviewedAt": null,
          "decision": null,
          "notes": null
        },
        "history": [
          {
            "at": "2025-12-27T00:00:00Z",
            "by": "import",
            "action": "created"
          }
        ],
        "deletedAt": null,
        "deletedBy": null
      }
    },
    {
      "schemaVersion": 1,
      "taxonomyVersion": "5e-1.0",
      "id": "q_hist_reperes_moyen_age_0040",
      "blockId": "hist_reperes_moyen_age",
      "grade": "5e",
      "lang": "fr",
      "primaryTag": "hist_reperes_moyen_age",
      "type": "MCQ",
      "difficulty": 2,
      "statement": "Question d’entraînement sur la notion « hist reperes moyen age ».",
      "choices": [
        "Réponse correcte",
        "Distracteur 1",
        "Distracteur 2",
        "Distracteur 3"
      ],
      "answer": "Réponse correcte",
      "lessonRef": "definition",
      "explanation": "Cette question vérifie la compréhension de la notion.",
      "quality": {
        "status": "draft",
        "review": {
          "reviewedBy": null,
          "reviewedAt": null,
          "decision": null,
          "notes": null
        },
        "history": [
          {
            "at": "2025-12-27T00:00:00Z",
            "by": "import",
            "action": "created"
          }
        ],
        "deletedAt": null,
        "deletedBy": null
      }
    },
    {
      "schemaVersion": 1,
      "taxonomyVersion": "5e-1.0",
      "id": "q_hist_reperes_moyen_age_0041",
      "blockId": "hist_reperes_moyen_age",
      "grade": "5e",
      "lang": "fr",
      "primaryTag": "hist_reperes_moyen_age",
      "type": "MCQ",
      "difficulty": 2,
      "statement": "Question d’entraînement sur la notion « hist reperes moyen age ».",
      "choices": [
        "Réponse correcte",
        "Distracteur 1",
        "Distracteur 2",
        "Distracteur 3"
      ],
      "answer": "Réponse correcte",
      "lessonRef": "definition",
      "explanation": "Cette question vérifie la compréhension de la notion.",
      "quality": {
        "status": "draft",
        "review": {
          "reviewedBy": null,
          "reviewedAt": null,
          "decision": null,
          "notes": null
        },
        "history": [
          {
            "at": "2025-12-27T00:00:00Z",
            "by": "import",
            "action": "created"
          }
        ],
        "deletedAt": null,
        "deletedBy": null
      }
    },
    {
      "schemaVersion": 1,
      "taxonomyVersion": "5e-1.0",
      "id": "q_hist_reperes_moyen_age_0042",
      "blockId": "hist_reperes_moyen_age",
      "grade": "5e",
      "lang": "fr",
      "primaryTag": "hist_reperes_moyen_age",
      "type": "MCQ",
      "difficulty": 2,
      "statement": "Question d’entraînement sur la notion « hist reperes moyen age ».",
      "choices": [
        "Réponse correcte",
        "Distracteur 1",
        "Distracteur 2",
        "Distracteur 3"
      ],
      "answer": "Réponse correcte",
      "lessonRef": "definition",
      "explanation": "Cette question vérifie la compréhension de la notion.",
      "quality": {
        "status": "draft",
        "review": {
          "reviewedBy": null,
          "reviewedAt": null,
          "decision": null,
          "notes": null
        },
        "history": [
          {
            "at": "2025-12-27T00:00:00Z",
            "by": "import",
            "action": "created"
          }
        ],
        "deletedAt": null,
        "deletedBy": null
      }
    },
    {
      "schemaVersion": 1,
      "taxonomyVersion": "5e-1.0",
      "id": "q_hist_reperes_moyen_age_0043",
      "blockId": "hist_reperes_moyen_age",
      "grade": "5e",
      "lang": "fr",
      "primaryTag": "hist_reperes_moyen_age",
      "type": "MCQ",
      "difficulty": 2,
      "statement": "Question d’entraînement sur la notion « hist reperes moyen age ».",
      "choices": [
        "Réponse correcte",
        "Distracteur 1",
        "Distracteur 2",
        "Distracteur 3"
      ],
      "answer": "Réponse correcte",
      "lessonRef": "definition",
      "explanation": "Cette question vérifie la compréhension de la notion.",
      "quality": {
        "status": "draft",
        "review": {
          "reviewedBy": null,
          "reviewedAt": null,
          "decision": null,
          "notes": null
        },
        "history": [
          {
            "at": "2025-12-27T00:00:00Z",
            "by": "import",
            "action": "created"
          }
        ],
        "deletedAt": null,
        "deletedBy": null
      }
    },
    {
      "schemaVersion": 1,
      "taxonomyVersion": "5e-1.0",
      "id": "q_hist_reperes_moyen_age_0044",
      "blockId": "hist_reperes_moyen_age",
      "grade": "5e",
      "lang": "fr",
      "primaryTag": "hist_reperes_moyen_age",
      "type": "MCQ",
      "difficulty": 1,
      "statement": "Question d’entraînement sur la notion « hist reperes moyen age ».",
      "choices": [
        "Réponse correcte",
        "Distracteur 1",
        "Distracteur 2",
        "Distracteur 3"
      ],
      "answer": "Réponse correcte",
      "lessonRef": "definition",
      "explanation": "Cette question vérifie la compréhension de la notion.",
      "quality": {
        "status": "draft",
        "review": {
          "reviewedBy": null,
          "reviewedAt": null,
          "decision": null,
          "notes": null
        },
        "history": [
          {
            "at": "2025-12-27T00:00:00Z",
            "by": "import",
            "action": "created"
          }
        ],
        "deletedAt": null,
        "deletedBy": null
      }
    },
    {
      "schemaVersion": 1,
      "taxonomyVersion": "5e-1.0",
      "id": "q_hist_reperes_moyen_age_0045",
      "blockId": "hist_reperes_moyen_age",
      "grade": "5e",
      "lang": "fr",
      "primaryTag": "hist_reperes_moyen_age",
      "type": "MCQ",
      "difficulty": 1,
      "statement": "Question d’entraînement sur la notion « hist reperes moyen age ».",
      "choices": [
        "Réponse correcte",
        "Distracteur 1",
        "Distracteur 2",
        "Distracteur 3"
      ],
      "answer": "Réponse correcte",
      "lessonRef": "definition",
      "explanation": "Cette question vérifie la compréhension de la notion.",
      "quality": {
        "status": "draft",
        "review": {
          "reviewedBy": null,
          "reviewedAt": null,
          "decision": null,
          "notes": null
        },
        "history": [
          {
            "at": "2025-12-27T00:00:00Z",
            "by": "import",
            "action": "created"
          }
        ],
        "deletedAt": null,
        "deletedBy": null
      }
    },
    {
      "schemaVersion": 1,
      "taxonomyVersion": "5e-1.0",
      "id": "q_hist_reperes_moyen_age_0046",
      "blockId": "hist_reperes_moyen_age",
      "grade": "5e",
      "lang": "fr",
      "primaryTag": "hist_reperes_moyen_age",
      "type": "MCQ",
      "difficulty": 3,
      "statement": "Question d’entraînement sur la notion « hist reperes moyen age ».",
      "choices": [
        "Réponse correcte",
        "Distracteur 1",
        "Distracteur 2",
        "Distracteur 3"
      ],
      "answer": "Réponse correcte",
      "lessonRef": "definition",
      "explanation": "Cette question vérifie la compréhension de la notion.",
      "quality": {
        "status": "draft",
        "review": {
          "reviewedBy": null,
          "reviewedAt": null,
          "decision": null,
          "notes": null
        },
        "history": [
          {
            "at": "2025-12-27T00:00:00Z",
            "by": "import",
            "action": "created"
          }
        ],
        "deletedAt": null,
        "deletedBy": null
      }
    },
    {
      "schemaVersion": 1,
      "taxonomyVersion": "5e-1.0",
      "id": "q_hist_reperes_moyen_age_0047",
      "blockId": "hist_reperes_moyen_age",
      "grade": "5e",
      "lang": "fr",
      "primaryTag": "hist_reperes_moyen_age",
      "type": "MCQ",
      "difficulty": 3,
      "statement": "Question d’entraînement sur la notion « hist reperes moyen age ».",
      "choices": [
        "Réponse correcte",
        "Distracteur 1",
        "Distracteur 2",
        "Distracteur 3"
      ],
      "answer": "Réponse correcte",
      "lessonRef": "definition",
      "explanation": "Cette question vérifie la compréhension de la notion.",
      "quality": {
        "status": "draft",
        "review": {
          "reviewedBy": null,
          "reviewedAt": null,
          "decision": null,
          "notes": null
        },
        "history": [
          {
            "at": "2025-12-27T00:00:00Z",
            "by": "import",
            "action": "created"
          }
        ],
        "deletedAt": null,
        "deletedBy": null
      }
    },
    {
      "schemaVersion": 1,
      "taxonomyVersion": "5e-1.0",
      "id": "q_hist_reperes_moyen_age_0048",
      "blockId": "hist_reperes_moyen_age",
      "grade": "5e",
      "lang": "fr",
      "primaryTag": "hist_reperes_moyen_age",
      "type": "MCQ",
      "difficulty": 3,
      "statement": "Question d’entraînement sur la notion « hist reperes moyen age ».",
      "choices": [
        "Réponse correcte",
        "Distracteur 1",
        "Distracteur 2",
        "Distracteur 3"
      ],
      "answer": "Réponse correcte",
      "lessonRef": "definition",
      "explanation": "Cette question vérifie la compréhension de la notion.",
      "quality": {
        "status": "draft",
        "review": {
          "reviewedBy": null,
          "reviewedAt": null,
          "decision": null,
          "notes": null
        },
        "history": [
          {
            "at": "2025-12-27T00:00:00Z",
            "by": "import",
            "action": "created"
          }
        ],
        "deletedAt": null,
        "deletedBy": null
      }
    },
    {
      "schemaVersion": 1,
      "taxonomyVersion": "5e-1.0",
      "id": "q_hist_reperes_moyen_age_0049",
      "blockId": "hist_reperes_moyen_age",
      "grade": "5e",
      "lang": "fr",
      "primaryTag": "hist_reperes_moyen_age",
      "type": "MCQ",
      "difficulty": 2,
      "statement": "Question d’entraînement sur la notion « hist reperes moyen age ».",
      "choices": [
        "Réponse correcte",
        "Distracteur 1",
        "Distracteur 2",
        "Distracteur 3"
      ],
      "answer": "Réponse correcte",
      "lessonRef": "definition",
      "explanation": "Cette question vérifie la compréhension de la notion.",
      "quality": {
        "status": "draft",
        "review": {
          "reviewedBy": null,
          "reviewedAt": null,
          "decision": null,
          "notes": null
        },
        "history": [
          {
            "at": "2025-12-27T00:00:00Z",
            "by": "import",
            "action": "created"
          }
        ],
        "deletedAt": null,
        "deletedBy": null
      }
    },
    {
      "schemaVersion": 1,
      "taxonomyVersion": "5e-1.0",
      "id": "q_hist_reperes_moyen_age_0050",
      "blockId": "hist_reperes_moyen_age",
      "grade": "5e",
      "lang": "fr",
      "primaryTag": "hist_reperes_moyen_age",
      "type": "MCQ",
      "difficulty": 2,
      "statement": "Question d’entraînement sur la notion « hist reperes moyen age ».",
      "choices": [
        "Réponse correcte",
        "Distracteur 1",
        "Distracteur 2",
        "Distracteur 3"
      ],
      "answer": "Réponse correcte",
      "lessonRef": "definition",
      "explanation": "Cette question vérifie la compréhension de la notion.",
      "quality": {
        "status": "draft",
        "review": {
          "reviewedBy": null,
          "reviewedAt": null,
          "decision": null,
          "notes": null
        },
        "history": [
          {
            "at": "2025-12-27T00:00:00Z",
            "by": "import",
            "action": "created"
          }
        ],
        "deletedAt": null,
        "deletedBy": null
      }
    }
  ]
}