{
  "pack": {
    "schemaVersion": 1,
    "taxonomyVersion": "5e-1.0",
    "setId": "pack_hist_reperes_ancien_regime_50q_v1",
    "grade": "5e",
    "lang": "fr",
    "primaryTag": "hist_reperes_ancien_regime",
    "blockId": "hist_reperes_ancien_regime",
    "biomeId": "hist",
    "lessonTitle": "Rappel — hist reperes ancien regime",
    "lesson": "# Rappel — hist_reperes_ancien_regime\n\n## Définition {#definition}\nÀ compléter.\n\n## Méthode {#methode}\nÀ compléter.\n\n## Exemples {#exemples}\nÀ compléter.\n\n## Pièges fréquents {#pieges}\nÀ compléter.\n",
    "createdAt": "2025-12-27T00:00:00Z"
  },
  "questions": [
    {
      "schemaVersion": 1,
      "taxonomyVersion": "5e-1.0",
      "id": "q_hist_reperes_ancien_regime_0001",
      "blockId": "hist_reperes_ancien_regime",
      "grade": "5e",
      "lang": "fr",
      "primaryTag": "hist_reperes_ancien_regime",
      "type": "MCQ",
      "difficulty": 3,
      "statement": "Question d’entraînement sur la notion « hist reperes ancien regime ».",
      "choices": [
        "Réponse correcte",
        "Distracteur 1",
        "Distracteur 2",
        "Distracteur 3"
      ],
      "answer": "Réponse correcte",
      "lessonRef": "definition",
      "explanation": "Cette question vérifie la compréhension de la notion.",
      "quality": {
        "status": "draft",
        "review": {
          "reviewedBy": null,
          "reviewedAt": null,
          "decision": null,
          "notes": null
        },
        "history": [
          {
            "at": "2025-12-27T00:00:00Z",
            "by": "import",
            "action": "created"
          }
        ],
        "deletedAt": null,
        "deletedBy": null
      }
    },
    {
      "schemaVersion": 1,
      "taxonomyVersion": "5e-1.0",
      "id": "q_hist_reperes_ancien_regime_0002",
      "blockId": "hist_reperes_ancien_regime",
      "grade": "5e",
      "lang": "fr",
      "primaryTag": "hist_reperes_ancien_regime",
      "type": "MCQ",
      "difficulty": 3,
      "statement": "Question d’entraînement sur la notion « hist reperes ancien regime ».",
      "choices": [
        "Réponse correcte",
        "Distracteur 1",
        "Distracteur 2",
        "Distracteur 3"
      ],
      "answer": "Réponse correcte",
      "lessonRef": "definition",
      "explanation": "Cette question vérifie la compréhension de la notion.",
      "quality": {
        "status": "draft",
        "review": {
          "reviewedBy": null,
          "reviewedAt": null,
          "decision": null,
          "notes": null
        },
        "history": [
          {
            "at": "2025-12-27T00:00:00Z",
            "by": "import",
            "action": "created"
          }
        ],
        "deletedAt": null,
        "deletedBy": null
      }
    },
    {
      "schemaVersion": 1,
      "taxonomyVersion": "5e-1.0",
      "id": "q_hist_reperes_ancien_regime_0003",
      "blockId": "hist_reperes_ancien_regime",
      "grade": "5e",
      "lang": "fr",
      "primaryTag": "hist_reperes_ancien_regime",
      "type": "MCQ",
      "difficulty": 3,
      "statement": "Question d’entraînement sur la notion « hist reperes ancien regime ».",
      "choices": [
        "Réponse correcte",
        "Distracteur 1",
        "Distracteur 2",
        "Distracteur 3"
      ],
      "answer": "Réponse correcte",
      "lessonRef": "definition",
      "explanation": "Cette question vérifie la compréhension de la notion.",
      "quality": {
        "status": "draft",
        "review": {
          "reviewedBy": null,
          "reviewedAt": null,
          "decision": null,
          "notes": null
        },
        "history": [
          {
            "at": "2025-12-27T00:00:00Z",
            "by": "import",
            "action": "created"
          }
        ],
        "deletedAt": null,
        "deletedBy": null
      }
    },
    {
      "schemaVersion": 1,
      "taxonomyVersion": "5e-1.0",
      "id": "q_hist_reperes_ancien_regime_0004",
      "blockId": "hist_reperes_ancien_regime",
      "grade": "5e",
      "lang": "fr",
      "primaryTag": "hist_reperes_ancien_regime",
      "type": "MCQ",
      "difficulty": 1,
      "statement": "Question d’entraînement sur la notion « hist reperes ancien regime ».",
      "choices": [
        "Réponse correcte",
        "Distracteur 1",
        "Distracteur 2",
        "Distracteur 3"
      ],
      "answer": "Réponse correcte",
      "lessonRef": "definition",
      "explanation": "Cette question vérifie la compréhension de la notion.",
      "quality": {
        "status": "draft",
        "review": {
          "reviewedBy": null,
          "reviewedAt": null,
          "decision": null,
          "notes": null
        },
        "history": [
          {
            "at": "2025-12-27T00:00:00Z",
            "by": "import",
            "action": "created"
          }
        ],
        "deletedAt": null,
        "deletedBy": null
      }
    },
    {
      "schemaVersion": 1,
      "taxonomyVersion": "5e-1.0",
      "id": "q_hist_reperes_ancien_regime_0005",
      "blockId": "hist_reperes_ancien_regime",
      "grade": "5e",
      "lang": "fr",
      "primaryTag": "hist_reperes_ancien_regime",
      "type": "MCQ",
      "difficulty": 2,
      "statement": "Question d’entraînement sur la notion « hist reperes ancien regime ».",
      "choices": [
        "Réponse correcte",
        "Distracteur 1",
        "Distracteur 2",
        "Distracteur 3"
      ],
      "answer": "Réponse correcte",
      "lessonRef": "definition",
      "explanation": "Cette question vérifie la compréhension de la notion.",
      "quality": {
        "status": "draft",
        "review": {
          "reviewedBy": null,
          "reviewedAt": null,
          "decision": null,
          "notes": null
        },
        "history": [
          {
            "at": "2025-12-27T00:00:00Z",
            "by": "import",
            "action": "created"
          }
        ],
        "deletedAt": null,
        "deletedBy": null
      }
    },
    {
      "schemaVersion": 1,
      "taxonomyVersion": "5e-1.0",
      "id": "q_hist_reperes_ancien_regime_0006",
      "blockId": "hist_reperes_ancien_regime",
      "grade": "5e",
      "lang": "fr",
      "primaryTag": "hist_reperes_ancien_regime",
      "type": "MCQ",
      "difficulty": 3,
      "statement": "Question d’entraînement sur la notion « hist reperes ancien regime ».",
      "choices": [
        "Réponse correcte",
        "Distracteur 1",
        "Distracteur 2",
        "Distracteur 3"
      ],
      "answer": "Réponse correcte",
      "lessonRef": "definition",
      "explanation": "Cette question vérifie la compréhension de la notion.",
      "quality": {
        "status": "draft",
        "review": {
          "reviewedBy": null,
          "reviewedAt": null,
          "decision": null,
          "notes": null
        },
        "history": [
          {
            "at": "2025-12-27T00:00:00Z",
            "by": "import",
            "action": "created"
          }
        ],
        "deletedAt": null,
        "deletedBy": null
      }
    },
    {
      "schemaVersion": 1,
      "taxonomyVersion": "5e-1.0",
      "id": "q_hist_reperes_ancien_regime_0007",
      "blockId": "hist_reperes_ancien_regime",
      "grade": "5e",
      "lang": "fr",
      "primaryTag": "hist_reperes_ancien_regime",
      "type": "MCQ",
      "difficulty": 3,
      "statement": "Question d’entraînement sur la notion « hist reperes ancien regime ».",
      "choices": [
        "Réponse correcte",
        "Distracteur 1",
        "Distracteur 2",
        "Distracteur 3"
      ],
      "answer": "Réponse correcte",
      "lessonRef": "definition",
      "explanation": "Cette question vérifie la compréhension de la notion.",
      "quality": {
        "status": "draft",
        "review": {
          "reviewedBy": null,
          "reviewedAt": null,
          "decision": null,
          "notes": null
        },
        "history": [
          {
            "at": "2025-12-27T00:00:00Z",
            "by": "import",
            "action": "created"
          }
        ],
        "deletedAt": null,
        "deletedBy": null
      }
    },
    {
      "schemaVersion": 1,
      "taxonomyVersion": "5e-1.0",
      "id": "q_hist_reperes_ancien_regime_0008",
      "blockId": "hist_reperes_ancien_regime",
      "grade": "5e",
      "lang": "fr",
      "primaryTag": "hist_reperes_ancien_regime",
      "type": "MCQ",
      "difficulty": 2,
      "statement": "Question d’entraînement sur la notion « hist reperes ancien regime ».",
      "choices": [
        "Réponse correcte",
        "Distracteur 1",
        "Distracteur 2",
        "Distracteur 3"
      ],
      "answer": "Réponse correcte",
      "lessonRef": "definition",
      "explanation": "Cette question vérifie la compréhension de la notion.",
      "quality": {
        "status": "draft",
        "review": {
          "reviewedBy": null,
          "reviewedAt": null,
          "decision": null,
          "notes": null
        },
        "history": [
          {
            "at": "2025-12-27T00:00:00Z",
            "by": "import",
            "action": "created"
          }
        ],
        "deletedAt": null,
        "deletedBy": null
      }
    },
    {
      "schemaVersion": 1,
      "taxonomyVersion": "5e-1.0",
      "id": "q_hist_reperes_ancien_regime_0009",
      "blockId": "hist_reperes_ancien_regime",
      "grade": "5e",
      "lang": "fr",
      "primaryTag": "hist_reperes_ancien_regime",
      "type": "MCQ",
      "difficulty": 2,
      "statement": "Question d’entraînement sur la notion « hist reperes ancien regime ».",
      "choices": [
        "Réponse correcte",
        "Distracteur 1",
        "Distracteur 2",
        "Distracteur 3"
      ],
      "answer": "Réponse correcte",
      "lessonRef": "definition",
      "explanation": "Cette question vérifie la compréhension de la notion.",
      "quality": {
        "status": "draft",
        "review": {
          "reviewedBy": null,
          "reviewedAt": null,
          "decision": null,
          "notes": null
        },
        "history": [
          {
            "at": "2025-12-27T00:00:00Z",
            "by": "import",
            "action": "created"
          }
        ],
        "deletedAt": null,
        "deletedBy": null
      }
    },
    {
      "schemaVersion": 1,
      "taxonomyVersion": "5e-1.0",
      "id": "q_hist_reperes_ancien_regime_0010",
      "blockId": "hist_reperes_ancien_regime",
      "grade": "5e",
      "lang": "fr",
      "primaryTag": "hist_reperes_ancien_regime",
      "type": "MCQ",
      "difficulty": 3,
      "statement": "Question d’entraînement sur la notion « hist reperes ancien regime ».",
      "choices": [
        "Réponse correcte",
        "Distracteur 1",
        "Distracteur 2",
        "Distracteur 3"
      ],
      "answer": "Réponse correcte",
      "lessonRef": "definition",
      "explanation": "Cette question vérifie la compréhension de la notion.",
      "quality": {
        "status": "draft",
        "review": {
          "reviewedBy": null,
          "reviewedAt": null,
          "decision": null,
          "notes": null
        },
        "history": [
          {
            "at": "2025-12-27T00:00:00Z",
            "by": "import",
            "action": "created"
          }
        ],
        "deletedAt": null,
        "deletedBy": null
      }
    },
    {
      "schemaVersion": 1,
      "taxonomyVersion": "5e-1.0",
      "id": "q_hist_reperes_ancien_regime_0011",
      "blockId": "hist_reperes_ancien_regime",
      "grade": "5e",
      "lang": "fr",
      "primaryTag": "hist_reperes_ancien_regime",
      "type": "MCQ",
      "difficulty": 2,
      "statement": "Question d’entraînement sur la notion « hist reperes ancien regime ».",
      "choices": [
        "Réponse correcte",
        "Distracteur 1",
        "Distracteur 2",
        "Distracteur 3"
      ],
      "answer": "Réponse correcte",
      "lessonRef": "definition",
      "explanation": "Cette question vérifie la compréhension de la notion.",
      "quality": {
        "status": "draft",
        "review": {
          "reviewedBy": null,
          "reviewedAt": null,
          "decision": null,
          "notes": null
        },
        "history": [
          {
            "at": "2025-12-27T00:00:00Z",
            "by": "import",
            "action": "created"
          }
        ],
        "deletedAt": null,
        "deletedBy": null
      }
    },
    {
      "schemaVersion": 1,
      "taxonomyVersion": "5e-1.0",
      "id": "q_hist_reperes_ancien_regime_0012",
      "blockId": "hist_reperes_ancien_regime",
      "grade": "5e",
      "lang": "fr",
      "primaryTag": "hist_reperes_ancien_regime",
      "type": "MCQ",
      "difficulty": 2,
      "statement": "Question d’entraînement sur la notion « hist reperes ancien regime ».",
      "choices": [
        "Réponse correcte",
        "Distracteur 1",
        "Distracteur 2",
        "Distracteur 3"
      ],
      "answer": "Réponse correcte",
      "lessonRef": "definition",
      "explanation": "Cette question vérifie la compréhension de la notion.",
      "quality": {
        "status": "draft",
        "review": {
          "reviewedBy": null,
          "reviewedAt": null,
          "decision": null,
          "notes": null
        },
        "history": [
          {
            "at": "2025-12-27T00:00:00Z",
            "by": "import",
            "action": "created"
          }
        ],
        "deletedAt": null,
        "deletedBy": null
      }
    },
    {
      "schemaVersion": 1,
      "taxonomyVersion": "5e-1.0",
      "id": "q_hist_reperes_ancien_regime_0013",
      "blockId": "hist_reperes_ancien_regime",
      "grade": "5e",
      "lang": "fr",
      "primaryTag": "hist_reperes_ancien_regime",
      "type": "MCQ",
      "difficulty": 3,
      "statement": "Question d’entraînement sur la notion « hist reperes ancien regime ».",
      "choices": [
        "Réponse correcte",
        "Distracteur 1",
        "Distracteur 2",
        "Distracteur 3"
      ],
      "answer": "Réponse correcte",
      "lessonRef": "definition",
      "explanation": "Cette question vérifie la compréhension de la notion.",
      "quality": {
        "status": "draft",
        "review": {
          "reviewedBy": null,
          "reviewedAt": null,
          "decision": null,
          "notes": null
        },
        "history": [
          {
            "at": "2025-12-27T00:00:00Z",
            "by": "import",
            "action": "created"
          }
        ],
        "deletedAt": null,
        "deletedBy": null
      }
    },
    {
      "schemaVersion": 1,
      "taxonomyVersion": "5e-1.0",
      "id": "q_hist_reperes_ancien_regime_0014",
      "blockId": "hist_reperes_ancien_regime",
      "grade": "5e",
      "lang": "fr",
      "primaryTag": "hist_reperes_ancien_regime",
      "type": "MCQ",
      "difficulty": 3,
      "statement": "Question d’entraînement sur la notion « hist reperes ancien regime ».",
      "choices": [
        "Réponse correcte",
        "Distracteur 1",
        "Distracteur 2",
        "Distracteur 3"
      ],
      "answer": "Réponse correcte",
      "lessonRef": "definition",
      "explanation": "Cette question vérifie la compréhension de la notion.",
      "quality": {
        "status": "draft",
        "review": {
          "reviewedBy": null,
          "reviewedAt": null,
          "decision": null,
          "notes": null
        },
        "history": [
          {
            "at": "2025-12-27T00:00:00Z",
            "by": "import",
            "action": "created"
          }
        ],
        "deletedAt": null,
        "deletedBy": null
      }
    },
    {
      "schemaVersion": 1,
      "taxonomyVersion": "5e-1.0",
      "id": "q_hist_reperes_ancien_regime_0015",
      "blockId": "hist_reperes_ancien_regime",
      "grade": "5e",
      "lang": "fr",
      "primaryTag": "hist_reperes_ancien_regime",
      "type": "MCQ",
      "difficulty": 2,
      "statement": "Question d’entraînement sur la notion « hist reperes ancien regime ».",
      "choices": [
        "Réponse correcte",
        "Distracteur 1",
        "Distracteur 2",
        "Distracteur 3"
      ],
      "answer": "Réponse correcte",
      "lessonRef": "definition",
      "explanation": "Cette question vérifie la compréhension de la notion.",
      "quality": {
        "status": "draft",
        "review": {
          "reviewedBy": null,
          "reviewedAt": null,
          "decision": null,
          "notes": null
        },
        "history": [
          {
            "at": "2025-12-27T00:00:00Z",
            "by": "import",
            "action": "created"
          }
        ],
        "deletedAt": null,
        "deletedBy": null
      }
    },
    {
      "schemaVersion": 1,
      "taxonomyVersion": "5e-1.0",
      "id": "q_hist_reperes_ancien_regime_0016",
      "blockId": "hist_reperes_ancien_regime",
      "grade": "5e",
      "lang": "fr",
      "primaryTag": "hist_reperes_ancien_regime",
      "type": "MCQ",
      "difficulty": 3,
      "statement": "Question d’entraînement sur la notion « hist reperes ancien regime ».",
      "choices": [
        "Réponse correcte",
        "Distracteur 1",
        "Distracteur 2",
        "Distracteur 3"
      ],
      "answer": "Réponse correcte",
      "lessonRef": "definition",
      "explanation": "Cette question vérifie la compréhension de la notion.",
      "quality": {
        "status": "draft",
        "review": {
          "reviewedBy": null,
          "reviewedAt": null,
          "decision": null,
          "notes": null
        },
        "history": [
          {
            "at": "2025-12-27T00:00:00Z",
            "by": "import",
            "action": "created"
          }
        ],
        "deletedAt": null,
        "deletedBy": null
      }
    },
    {
      "schemaVersion": 1,
      "taxonomyVersion": "5e-1.0",
      "id": "q_hist_reperes_ancien_regime_0017",
      "blockId": "hist_reperes_ancien_regime",
      "grade": "5e",
      "lang": "fr",
      "primaryTag": "hist_reperes_ancien_regime",
      "type": "MCQ",
      "difficulty": 3,
      "statement": "Question d’entraînement sur la notion « hist reperes ancien regime ».",
      "choices": [
        "Réponse correcte",
        "Distracteur 1",
        "Distracteur 2",
        "Distracteur 3"
      ],
      "answer": "Réponse correcte",
      "lessonRef": "definition",
      "explanation": "Cette question vérifie la compréhension de la notion.",
      "quality": {
        "status": "draft",
        "review": {
          "reviewedBy": null,
          "reviewedAt": null,
          "decision": null,
          "notes": null
        },
        "history": [
          {
            "at": "2025-12-27T00:00:00Z",
            "by": "import",
            "action": "created"
          }
        ],
        "deletedAt": null,
        "deletedBy": null
      }
    },
    {
      "schemaVersion": 1,
      "taxonomyVersion": "5e-1.0",
      "id": "q_hist_reperes_ancien_regime_0018",
      "blockId": "hist_reperes_ancien_regime",
      "grade": "5e",
      "lang": "fr",
      "primaryTag": "hist_reperes_ancien_regime",
      "type": "MCQ",
      "difficulty": 3,
      "statement": "Question d’entraînement sur la notion « hist reperes ancien regime ».",
      "choices": [
        "Réponse correcte",
        "Distracteur 1",
        "Distracteur 2",
        "Distracteur 3"
      ],
      "answer": "Réponse correcte",
      "lessonRef": "definition",
      "explanation": "Cette question vérifie la compréhension de la notion.",
      "quality": {
        "status": "draft",
        "review": {
          "reviewedBy": null,
          "reviewedAt": null,
          "decision": null,
          "notes": null
        },
        "history": [
          {
            "at": "2025-12-27T00:00:00Z",
            "by": "import",
            "action": "created"
          }
        ],
        "deletedAt": null,
        "deletedBy": null
      }
    },
    {
      "schemaVersion": 1,
      "taxonomyVersion": "5e-1.0",
      "id": "q_hist_reperes_ancien_regime_0019",
      "blockId": "hist_reperes_ancien_regime",
      "grade": "5e",
      "lang": "fr",
      "primaryTag": "hist_reperes_ancien_regime",
      "type": "MCQ",
      "difficulty": 3,
      "statement": "Question d’entraînement sur la notion « hist reperes ancien regime ».",
      "choices": [
        "Réponse correcte",
        "Distracteur 1",
        "Distracteur 2",
        "Distracteur 3"
      ],
      "answer": "Réponse correcte",
      "lessonRef": "definition",
      "explanation": "Cette question vérifie la compréhension de la notion.",
      "quality": {
        "status": "draft",
        "review": {
          "reviewedBy": null,
          "reviewedAt": null,
          "decision": null,
          "notes": null
        },
        "history": [
          {
            "at": "2025-12-27T00:00:00Z",
            "by": "import",
            "action": "created"
          }
        ],
        "deletedAt": null,
        "deletedBy": null
      }
    },
    {
      "schemaVersion": 1,
      "taxonomyVersion": "5e-1.0",
      "id": "q_hist_reperes_ancien_regime_0020",
      "blockId": "hist_reperes_ancien_regime",
      "grade": "5e",
      "lang": "fr",
      "primaryTag": "hist_reperes_ancien_regime",
      "type": "MCQ",
      "difficulty": 3,
      "statement": "Question d’entraînement sur la notion « hist reperes ancien regime ».",
      "choices": [
        "Réponse correcte",
        "Distracteur 1",
        "Distracteur 2",
        "Distracteur 3"
      ],
      "answer": "Réponse correcte",
      "lessonRef": "definition",
      "explanation": "Cette question vérifie la compréhension de la notion.",
      "quality": {
        "status": "draft",
        "review": {
          "reviewedBy": null,
          "reviewedAt": null,
          "decision": null,
          "notes": null
        },
        "history": [
          {
            "at": "2025-12-27T00:00:00Z",
            "by": "import",
            "action": "created"
          }
        ],
        "deletedAt": null,
        "deletedBy": null
      }
    },
    {
      "schemaVersion": 1,
      "taxonomyVersion": "5e-1.0",
      "id": "q_hist_reperes_ancien_regime_0021",
      "blockId": "hist_reperes_ancien_regime",
      "grade": "5e",
      "lang": "fr",
      "primaryTag": "hist_reperes_ancien_regime",
      "type": "MCQ",
      "difficulty": 2,
      "statement": "Question d’entraînement sur la notion « hist reperes ancien regime ».",
      "choices": [
        "Réponse correcte",
        "Distracteur 1",
        "Distracteur 2",
        "Distracteur 3"
      ],
      "answer": "Réponse correcte",
      "lessonRef": "definition",
      "explanation": "Cette question vérifie la compréhension de la notion.",
      "quality": {
        "status": "draft",
        "review": {
          "reviewedBy": null,
          "reviewedAt": null,
          "decision": null,
          "notes": null
        },
        "history": [
          {
            "at": "2025-12-27T00:00:00Z",
            "by": "import",
            "action": "created"
          }
        ],
        "deletedAt": null,
        "deletedBy": null
      }
    },
    {
      "schemaVersion": 1,
      "taxonomyVersion": "5e-1.0",
      "id": "q_hist_reperes_ancien_regime_0022",
      "blockId": "hist_reperes_ancien_regime",
      "grade": "5e",
      "lang": "fr",
      "primaryTag": "hist_reperes_ancien_regime",
      "type": "MCQ",
      "difficulty": 3,
      "statement": "Question d’entraînement sur la notion « hist reperes ancien regime ».",
      "choices": [
        "Réponse correcte",
        "Distracteur 1",
        "Distracteur 2",
        "Distracteur 3"
      ],
      "answer": "Réponse correcte",
      "lessonRef": "definition",
      "explanation": "Cette question vérifie la compréhension de la notion.",
      "quality": {
        "status": "draft",
        "review": {
          "reviewedBy": null,
          "reviewedAt": null,
          "decision": null,
          "notes": null
        },
        "history": [
          {
            "at": "2025-12-27T00:00:00Z",
            "by": "import",
            "action": "created"
          }
        ],
        "deletedAt": null,
        "deletedBy": null
      }
    },
    {
      "schemaVersion": 1,
      "taxonomyVersion": "5e-1.0",
      "id": "q_hist_reperes_ancien_regime_0023",
      "blockId": "hist_reperes_ancien_regime",
      "grade": "5e",
      "lang": "fr",
      "primaryTag": "hist_reperes_ancien_regime",
      "type": "MCQ",
      "difficulty": 2,
      "statement": "Question d’entraînement sur la notion « hist reperes ancien regime ».",
      "choices": [
        "Réponse correcte",
        "Distracteur 1",
        "Distracteur 2",
        "Distracteur 3"
      ],
      "answer": "Réponse correcte",
      "lessonRef": "definition",
      "explanation": "Cette question vérifie la compréhension de la notion.",
      "quality": {
        "status": "draft",
        "review": {
          "reviewedBy": null,
          "reviewedAt": null,
          "decision": null,
          "notes": null
        },
        "history": [
          {
            "at": "2025-12-27T00:00:00Z",
            "by": "import",
            "action": "created"
          }
        ],
        "deletedAt": null,
        "deletedBy": null
      }
    },
    {
      "schemaVersion": 1,
      "taxonomyVersion": "5e-1.0",
      "id": "q_hist_reperes_ancien_regime_0024",
      "blockId": "hist_reperes_ancien_regime",
      "grade": "5e",
      "lang": "fr",
      "primaryTag": "hist_reperes_ancien_regime",
      "type": "MCQ",
      "difficulty": 2,
      "statement": "Question d’entraînement sur la notion « hist reperes ancien regime ».",
      "choices": [
        "Réponse correcte",
        "Distracteur 1",
        "Distracteur 2",
        "Distracteur 3"
      ],
      "answer": "Réponse correcte",
      "lessonRef": "definition",
      "explanation": "Cette question vérifie la compréhension de la notion.",
      "quality": {
        "status": "draft",
        "review": {
          "reviewedBy": null,
          "reviewedAt": null,
          "decision": null,
          "notes": null
        },
        "history": [
          {
            "at": "2025-12-27T00:00:00Z",
            "by": "import",
            "action": "created"
          }
        ],
        "deletedAt": null,
        "deletedBy": null
      }
    },
    {
      "schemaVersion": 1,
      "taxonomyVersion": "5e-1.0",
      "id": "q_hist_reperes_ancien_regime_0025",
      "blockId": "hist_reperes_ancien_regime",
      "grade": "5e",
      "lang": "fr",
      "primaryTag": "hist_reperes_ancien_regime",
      "type": "MCQ",
      "difficulty": 2,
      "statement": "Question d’entraînement sur la notion « hist reperes ancien regime ».",
      "choices": [
        "Réponse correcte",
        "Distracteur 1",
        "Distracteur 2",
        "Distracteur 3"
      ],
      "answer": "Réponse correcte",
      "lessonRef": "definition",
      "explanation": "Cette question vérifie la compréhension de la notion.",
      "quality": {
        "status": "draft",
        "review": {
          "reviewedBy": null,
          "reviewedAt": null,
          "decision": null,
          "notes": null
        },
        "history": [
          {
            "at": "2025-12-27T00:00:00Z",
            "by": "import",
            "action": "created"
          }
        ],
        "deletedAt": null,
        "deletedBy": null
      }
    },
    {
      "schemaVersion": 1,
      "taxonomyVersion": "5e-1.0",
      "id": "q_hist_reperes_ancien_regime_0026",
      "blockId": "hist_reperes_ancien_regime",
      "grade": "5e",
      "lang": "fr",
      "primaryTag": "hist_reperes_ancien_regime",
      "type": "MCQ",
      "difficulty": 3,
      "statement": "Question d’entraînement sur la notion « hist reperes ancien regime ».",
      "choices": [
        "Réponse correcte",
        "Distracteur 1",
        "Distracteur 2",
        "Distracteur 3"
      ],
      "answer": "Réponse correcte",
      "lessonRef": "definition",
      "explanation": "Cette question vérifie la compréhension de la notion.",
      "quality": {
        "status": "draft",
        "review": {
          "reviewedBy": null,
          "reviewedAt": null,
          "decision": null,
          "notes": null
        },
        "history": [
          {
            "at": "2025-12-27T00:00:00Z",
            "by": "import",
            "action": "created"
          }
        ],
        "deletedAt": null,
        "deletedBy": null
      }
    },
    {
      "schemaVersion": 1,
      "taxonomyVersion": "5e-1.0",
      "id": "q_hist_reperes_ancien_regime_0027",
      "blockId": "hist_reperes_ancien_regime",
      "grade": "5e",
      "lang": "fr",
      "primaryTag": "hist_reperes_ancien_regime",
      "type": "MCQ",
      "difficulty": 1,
      "statement": "Question d’entraînement sur la notion « hist reperes ancien regime ».",
      "choices": [
        "Réponse correcte",
        "Distracteur 1",
        "Distracteur 2",
        "Distracteur 3"
      ],
      "answer": "Réponse correcte",
      "lessonRef": "definition",
      "explanation": "Cette question vérifie la compréhension de la notion.",
      "quality": {
        "status": "draft",
        "review": {
          "reviewedBy": null,
          "reviewedAt": null,
          "decision": null,
          "notes": null
        },
        "history": [
          {
            "at": "2025-12-27T00:00:00Z",
            "by": "import",
            "action": "created"
          }
        ],
        "deletedAt": null,
        "deletedBy": null
      }
    },
    {
      "schemaVersion": 1,
      "taxonomyVersion": "5e-1.0",
      "id": "q_hist_reperes_ancien_regime_0028",
      "blockId": "hist_reperes_ancien_regime",
      "grade": "5e",
      "lang": "fr",
      "primaryTag": "hist_reperes_ancien_regime",
      "type": "MCQ",
      "difficulty": 3,
      "statement": "Question d’entraînement sur la notion « hist reperes ancien regime ».",
      "choices": [
        "Réponse correcte",
        "Distracteur 1",
        "Distracteur 2",
        "Distracteur 3"
      ],
      "answer": "Réponse correcte",
      "lessonRef": "definition",
      "explanation": "Cette question vérifie la compréhension de la notion.",
      "quality": {
        "status": "draft",
        "review": {
          "reviewedBy": null,
          "reviewedAt": null,
          "decision": null,
          "notes": null
        },
        "history": [
          {
            "at": "2025-12-27T00:00:00Z",
            "by": "import",
            "action": "created"
          }
        ],
        "deletedAt": null,
        "deletedBy": null
      }
    },
    {
      "schemaVersion": 1,
      "taxonomyVersion": "5e-1.0",
      "id": "q_hist_reperes_ancien_regime_0029",
      "blockId": "hist_reperes_ancien_regime",
      "grade": "5e",
      "lang": "fr",
      "primaryTag": "hist_reperes_ancien_regime",
      "type": "MCQ",
      "difficulty": 2,
      "statement": "Question d’entraînement sur la notion « hist reperes ancien regime ».",
      "choices": [
        "Réponse correcte",
        "Distracteur 1",
        "Distracteur 2",
        "Distracteur 3"
      ],
      "answer": "Réponse correcte",
      "lessonRef": "definition",
      "explanation": "Cette question vérifie la compréhension de la notion.",
      "quality": {
        "status": "draft",
        "review": {
          "reviewedBy": null,
          "reviewedAt": null,
          "decision": null,
          "notes": null
        },
        "history": [
          {
            "at": "2025-12-27T00:00:00Z",
            "by": "import",
            "action": "created"
          }
        ],
        "deletedAt": null,
        "deletedBy": null
      }
    },
    {
      "schemaVersion": 1,
      "taxonomyVersion": "5e-1.0",
      "id": "q_hist_reperes_ancien_regime_0030",
      "blockId": "hist_reperes_ancien_regime",
      "grade": "5e",
      "lang": "fr",
      "primaryTag": "hist_reperes_ancien_regime",
      "type": "MCQ",
      "difficulty": 1,
      "statement": "Question d’entraînement sur la notion « hist reperes ancien regime ».",
      "choices": [
        "Réponse correcte",
        "Distracteur 1",
        "Distracteur 2",
        "Distracteur 3"
      ],
      "answer": "Réponse correcte",
      "lessonRef": "definition",
      "explanation": "Cette question vérifie la compréhension de la notion.",
      "quality": {
        "status": "draft",
        "review": {
          "reviewedBy": null,
          "reviewedAt": null,
          "decision": null,
          "notes": null
        },
        "history": [
          {
            "at": "2025-12-27T00:00:00Z",
            "by": "import",
            "action": "created"
          }
        ],
        "deletedAt": null,
        "deletedBy": null
      }
    },
    {
      "schemaVersion": 1,
      "taxonomyVersion": "5e-1.0",
      "id": "q_hist_reperes_ancien_regime_0031",
      "blockId": "hist_reperes_ancien_regime",
      "grade": "5e",
      "lang": "fr",
      "primaryTag": "hist_reperes_ancien_regime",
      "type": "MCQ",
      "difficulty": 2,
      "statement": "Question d’entraînement sur la notion « hist reperes ancien regime ».",
      "choices": [
        "Réponse correcte",
        "Distracteur 1",
        "Distracteur 2",
        "Distracteur 3"
      ],
      "answer": "Réponse correcte",
      "lessonRef": "definition",
      "explanation": "Cette question vérifie la compréhension de la notion.",
      "quality": {
        "status": "draft",
        "review": {
          "reviewedBy": null,
          "reviewedAt": null,
          "decision": null,
          "notes": null
        },
        "history": [
          {
            "at": "2025-12-27T00:00:00Z",
            "by": "import",
            "action": "created"
          }
        ],
        "deletedAt": null,
        "deletedBy": null
      }
    },
    {
      "schemaVersion": 1,
      "taxonomyVersion": "5e-1.0",
      "id": "q_hist_reperes_ancien_regime_0032",
      "blockId": "hist_reperes_ancien_regime",
      "grade": "5e",
      "lang": "fr",
      "primaryTag": "hist_reperes_ancien_regime",
      "type": "MCQ",
      "difficulty": 3,
      "statement": "Question d’entraînement sur la notion « hist reperes ancien regime ».",
      "choices": [
        "Réponse correcte",
        "Distracteur 1",
        "Distracteur 2",
        "Distracteur 3"
      ],
      "answer": "Réponse correcte",
      "lessonRef": "definition",
      "explanation": "Cette question vérifie la compréhension de la notion.",
      "quality": {
        "status": "draft",
        "review": {
          "reviewedBy": null,
          "reviewedAt": null,
          "decision": null,
          "notes": null
        },
        "history": [
          {
            "at": "2025-12-27T00:00:00Z",
            "by": "import",
            "action": "created"
          }
        ],
        "deletedAt": null,
        "deletedBy": null
      }
    },
    {
      "schemaVersion": 1,
      "taxonomyVersion": "5e-1.0",
      "id": "q_hist_reperes_ancien_regime_0033",
      "blockId": "hist_reperes_ancien_regime",
      "grade": "5e",
      "lang": "fr",
      "primaryTag": "hist_reperes_ancien_regime",
      "type": "MCQ",
      "difficulty": 3,
      "statement": "Question d’entraînement sur la notion « hist reperes ancien regime ».",
      "choices": [
        "Réponse correcte",
        "Distracteur 1",
        "Distracteur 2",
        "Distracteur 3"
      ],
      "answer": "Réponse correcte",
      "lessonRef": "definition",
      "explanation": "Cette question vérifie la compréhension de la notion.",
      "quality": {
        "status": "draft",
        "review": {
          "reviewedBy": null,
          "reviewedAt": null,
          "decision": null,
          "notes": null
        },
        "history": [
          {
            "at": "2025-12-27T00:00:00Z",
            "by": "import",
            "action": "created"
          }
        ],
        "deletedAt": null,
        "deletedBy": null
      }
    },
    {
      "schemaVersion": 1,
      "taxonomyVersion": "5e-1.0",
      "id": "q_hist_reperes_ancien_regime_0034",
      "blockId": "hist_reperes_ancien_regime",
      "grade": "5e",
      "lang": "fr",
      "primaryTag": "hist_reperes_ancien_regime",
      "type": "MCQ",
      "difficulty": 2,
      "statement": "Question d’entraînement sur la notion « hist reperes ancien regime ».",
      "choices": [
        "Réponse correcte",
        "Distracteur 1",
        "Distracteur 2",
        "Distracteur 3"
      ],
      "answer": "Réponse correcte",
      "lessonRef": "definition",
      "explanation": "Cette question vérifie la compréhension de la notion.",
      "quality": {
        "status": "draft",
        "review": {
          "reviewedBy": null,
          "reviewedAt": null,
          "decision": null,
          "notes": null
        },
        "history": [
          {
            "at": "2025-12-27T00:00:00Z",
            "by": "import",
            "action": "created"
          }
        ],
        "deletedAt": null,
        "deletedBy": null
      }
    },
    {
      "schemaVersion": 1,
      "taxonomyVersion": "5e-1.0",
      "id": "q_hist_reperes_ancien_regime_0035",
      "blockId": "hist_reperes_ancien_regime",
      "grade": "5e",
      "lang": "fr",
      "primaryTag": "hist_reperes_ancien_regime",
      "type": "MCQ",
      "difficulty": 2,
      "statement": "Question d’entraînement sur la notion « hist reperes ancien regime ».",
      "choices": [
        "Réponse correcte",
        "Distracteur 1",
        "Distracteur 2",
        "Distracteur 3"
      ],
      "answer": "Réponse correcte",
      "lessonRef": "definition",
      "explanation": "Cette question vérifie la compréhension de la notion.",
      "quality": {
        "status": "draft",
        "review": {
          "reviewedBy": null,
          "reviewedAt": null,
          "decision": null,
          "notes": null
        },
        "history": [
          {
            "at": "2025-12-27T00:00:00Z",
            "by": "import",
            "action": "created"
          }
        ],
        "deletedAt": null,
        "deletedBy": null
      }
    },
    {
      "schemaVersion": 1,
      "taxonomyVersion": "5e-1.0",
      "id": "q_hist_reperes_ancien_regime_0036",
      "blockId": "hist_reperes_ancien_regime",
      "grade": "5e",
      "lang": "fr",
      "primaryTag": "hist_reperes_ancien_regime",
      "type": "MCQ",
      "difficulty": 1,
      "statement": "Question d’entraînement sur la notion « hist reperes ancien regime ».",
      "choices": [
        "Réponse correcte",
        "Distracteur 1",
        "Distracteur 2",
        "Distracteur 3"
      ],
      "answer": "Réponse correcte",
      "lessonRef": "definition",
      "explanation": "Cette question vérifie la compréhension de la notion.",
      "quality": {
        "status": "draft",
        "review": {
          "reviewedBy": null,
          "reviewedAt": null,
          "decision": null,
          "notes": null
        },
        "history": [
          {
            "at": "2025-12-27T00:00:00Z",
            "by": "import",
            "action": "created"
          }
        ],
        "deletedAt": null,
        "deletedBy": null
      }
    },
    {
      "schemaVersion": 1,
      "taxonomyVersion": "5e-1.0",
      "id": "q_hist_reperes_ancien_regime_0037",
      "blockId": "hist_reperes_ancien_regime",
      "grade": "5e",
      "lang": "fr",
      "primaryTag": "hist_reperes_ancien_regime",
      "type": "MCQ",
      "difficulty": 2,
      "statement": "Question d’entraînement sur la notion « hist reperes ancien regime ».",
      "choices": [
        "Réponse correcte",
        "Distracteur 1",
        "Distracteur 2",
        "Distracteur 3"
      ],
      "answer": "Réponse correcte",
      "lessonRef": "definition",
      "explanation": "Cette question vérifie la compréhension de la notion.",
      "quality": {
        "status": "draft",
        "review": {
          "reviewedBy": null,
          "reviewedAt": null,
          "decision": null,
          "notes": null
        },
        "history": [
          {
            "at": "2025-12-27T00:00:00Z",
            "by": "import",
            "action": "created"
          }
        ],
        "deletedAt": null,
        "deletedBy": null
      }
    },
    {
      "schemaVersion": 1,
      "taxonomyVersion": "5e-1.0",
      "id": "q_hist_reperes_ancien_regime_0038",
      "blockId": "hist_reperes_ancien_regime",
      "grade": "5e",
      "lang": "fr",
      "primaryTag": "hist_reperes_ancien_regime",
      "type": "MCQ",
      "difficulty": 2,
      "statement": "Question d’entraînement sur la notion « hist reperes ancien regime ».",
      "choices": [
        "Réponse correcte",
        "Distracteur 1",
        "Distracteur 2",
        "Distracteur 3"
      ],
      "answer": "Réponse correcte",
      "lessonRef": "definition",
      "explanation": "Cette question vérifie la compréhension de la notion.",
      "quality": {
        "status": "draft",
        "review": {
          "reviewedBy": null,
          "reviewedAt": null,
          "decision": null,
          "notes": null
        },
        "history": [
          {
            "at": "2025-12-27T00:00:00Z",
            "by": "import",
            "action": "created"
          }
        ],
        "deletedAt": null,
        "deletedBy": null
      }
    },
    {
      "schemaVersion": 1,
      "taxonomyVersion": "5e-1.0",
      "id": "q_hist_reperes_ancien_regime_0039",
      "blockId": "hist_reperes_ancien_regime",
      "grade": "5e",
      "lang": "fr",
      "primaryTag": "hist_reperes_ancien_regime",
      "type": "MCQ",
      "difficulty": 3,
      "statement": "Question d’entraînement sur la notion « hist reperes ancien regime ».",
      "choices": [
        "Réponse correcte",
        "Distracteur 1",
        "Distracteur 2",
        "Distracteur 3"
      ],
      "answer": "Réponse correcte",
      "lessonRef": "definition",
      "explanation": "Cette question vérifie la compréhension de la notion.",
      "quality": {
        "status": "draft",
        "review": {
          "reviewedBy": null,
          "reviewedAt": null,
          "decision": null,
          "notes": null
        },
        "history": [
          {
            "at": "2025-12-27T00:00:00Z",
            "by": "import",
            "action": "created"
          }
        ],
        "deletedAt": null,
        "deletedBy": null
      }
    },
    {
      "schemaVersion": 1,
      "taxonomyVersion": "5e-1.0",
      "id": "q_hist_reperes_ancien_regime_0040",
      "blockId": "hist_reperes_ancien_regime",
      "grade": "5e",
      "lang": "fr",
      "primaryTag": "hist_reperes_ancien_regime",
      "type": "MCQ",
      "difficulty": 3,
      "statement": "Question d’entraînement sur la notion « hist reperes ancien regime ».",
      "choices": [
        "Réponse correcte",
        "Distracteur 1",
        "Distracteur 2",
        "Distracteur 3"
      ],
      "answer": "Réponse correcte",
      "lessonRef": "definition",
      "explanation": "Cette question vérifie la compréhension de la notion.",
      "quality": {
        "status": "draft",
        "review": {
          "reviewedBy": null,
          "reviewedAt": null,
          "decision": null,
          "notes": null
        },
        "history": [
          {
            "at": "2025-12-27T00:00:00Z",
            "by": "import",
            "action": "created"
          }
        ],
        "deletedAt": null,
        "deletedBy": null
      }
    },
    {
      "schemaVersion": 1,
      "taxonomyVersion": "5e-1.0",
      "id": "q_hist_reperes_ancien_regime_0041",
      "blockId": "hist_reperes_ancien_regime",
      "grade": "5e",
      "lang": "fr",
      "primaryTag": "hist_reperes_ancien_regime",
      "type": "MCQ",
      "difficulty": 1,
      "statement": "Question d’entraînement sur la notion « hist reperes ancien regime ».",
      "choices": [
        "Réponse correcte",
        "Distracteur 1",
        "Distracteur 2",
        "Distracteur 3"
      ],
      "answer": "Réponse correcte",
      "lessonRef": "definition",
      "explanation": "Cette question vérifie la compréhension de la notion.",
      "quality": {
        "status": "draft",
        "review": {
          "reviewedBy": null,
          "reviewedAt": null,
          "decision": null,
          "notes": null
        },
        "history": [
          {
            "at": "2025-12-27T00:00:00Z",
            "by": "import",
            "action": "created"
          }
        ],
        "deletedAt": null,
        "deletedBy": null
      }
    },
    {
      "schemaVersion": 1,
      "taxonomyVersion": "5e-1.0",
      "id": "q_hist_reperes_ancien_regime_0042",
      "blockId": "hist_reperes_ancien_regime",
      "grade": "5e",
      "lang": "fr",
      "primaryTag": "hist_reperes_ancien_regime",
      "type": "MCQ",
      "difficulty": 3,
      "statement": "Question d’entraînement sur la notion « hist reperes ancien regime ».",
      "choices": [
        "Réponse correcte",
        "Distracteur 1",
        "Distracteur 2",
        "Distracteur 3"
      ],
      "answer": "Réponse correcte",
      "lessonRef": "definition",
      "explanation": "Cette question vérifie la compréhension de la notion.",
      "quality": {
        "status": "draft",
        "review": {
          "reviewedBy": null,
          "reviewedAt": null,
          "decision": null,
          "notes": null
        },
        "history": [
          {
            "at": "2025-12-27T00:00:00Z",
            "by": "import",
            "action": "created"
          }
        ],
        "deletedAt": null,
        "deletedBy": null
      }
    },
    {
      "schemaVersion": 1,
      "taxonomyVersion": "5e-1.0",
      "id": "q_hist_reperes_ancien_regime_0043",
      "blockId": "hist_reperes_ancien_regime",
      "grade": "5e",
      "lang": "fr",
      "primaryTag": "hist_reperes_ancien_regime",
      "type": "MCQ",
      "difficulty": 1,
      "statement": "Question d’entraînement sur la notion « hist reperes ancien regime ».",
      "choices": [
        "Réponse correcte",
        "Distracteur 1",
        "Distracteur 2",
        "Distracteur 3"
      ],
      "answer": "Réponse correcte",
      "lessonRef": "definition",
      "explanation": "Cette question vérifie la compréhension de la notion.",
      "quality": {
        "status": "draft",
        "review": {
          "reviewedBy": null,
          "reviewedAt": null,
          "decision": null,
          "notes": null
        },
        "history": [
          {
            "at": "2025-12-27T00:00:00Z",
            "by": "import",
            "action": "created"
          }
        ],
        "deletedAt": null,
        "deletedBy": null
      }
    },
    {
      "schemaVersion": 1,
      "taxonomyVersion": "5e-1.0",
      "id": "q_hist_reperes_ancien_regime_0044",
      "blockId": "hist_reperes_ancien_regime",
      "grade": "5e",
      "lang": "fr",
      "primaryTag": "hist_reperes_ancien_regime",
      "type": "MCQ",
      "difficulty": 2,
      "statement": "Question d’entraînement sur la notion « hist reperes ancien regime ».",
      "choices": [
        "Réponse correcte",
        "Distracteur 1",
        "Distracteur 2",
        "Distracteur 3"
      ],
      "answer": "Réponse correcte",
      "lessonRef": "definition",
      "explanation": "Cette question vérifie la compréhension de la notion.",
      "quality": {
        "status": "draft",
        "review": {
          "reviewedBy": null,
          "reviewedAt": null,
          "decision": null,
          "notes": null
        },
        "history": [
          {
            "at": "2025-12-27T00:00:00Z",
            "by": "import",
            "action": "created"
          }
        ],
        "deletedAt": null,
        "deletedBy": null
      }
    },
    {
      "schemaVersion": 1,
      "taxonomyVersion": "5e-1.0",
      "id": "q_hist_reperes_ancien_regime_0045",
      "blockId": "hist_reperes_ancien_regime",
      "grade": "5e",
      "lang": "fr",
      "primaryTag": "hist_reperes_ancien_regime",
      "type": "MCQ",
      "difficulty": 1,
      "statement": "Question d’entraînement sur la notion « hist reperes ancien regime ».",
      "choices": [
        "Réponse correcte",
        "Distracteur 1",
        "Distracteur 2",
        "Distracteur 3"
      ],
      "answer": "Réponse correcte",
      "lessonRef": "definition",
      "explanation": "Cette question vérifie la compréhension de la notion.",
      "quality": {
        "status": "draft",
        "review": {
          "reviewedBy": null,
          "reviewedAt": null,
          "decision": null,
          "notes": null
        },
        "history": [
          {
            "at": "2025-12-27T00:00:00Z",
            "by": "import",
            "action": "created"
          }
        ],
        "deletedAt": null,
        "deletedBy": null
      }
    },
    {
      "schemaVersion": 1,
      "taxonomyVersion": "5e-1.0",
      "id": "q_hist_reperes_ancien_regime_0046",
      "blockId": "hist_reperes_ancien_regime",
      "grade": "5e",
      "lang": "fr",
      "primaryTag": "hist_reperes_ancien_regime",
      "type": "MCQ",
      "difficulty": 2,
      "statement": "Question d’entraînement sur la notion « hist reperes ancien regime ».",
      "choices": [
        "Réponse correcte",
        "Distracteur 1",
        "Distracteur 2",
        "Distracteur 3"
      ],
      "answer": "Réponse correcte",
      "lessonRef": "definition",
      "explanation": "Cette question vérifie la compréhension de la notion.",
      "quality": {
        "status": "draft",
        "review": {
          "reviewedBy": null,
          "reviewedAt": null,
          "decision": null,
          "notes": null
        },
        "history": [
          {
            "at": "2025-12-27T00:00:00Z",
            "by": "import",
            "action": "created"
          }
        ],
        "deletedAt": null,
        "deletedBy": null
      }
    },
    {
      "schemaVersion": 1,
      "taxonomyVersion": "5e-1.0",
      "id": "q_hist_reperes_ancien_regime_0047",
      "blockId": "hist_reperes_ancien_regime",
      "grade": "5e",
      "lang": "fr",
      "primaryTag": "hist_reperes_ancien_regime",
      "type": "MCQ",
      "difficulty": 1,
      "statement": "Question d’entraînement sur la notion « hist reperes ancien regime ».",
      "choices": [
        "Réponse correcte",
        "Distracteur 1",
        "Distracteur 2",
        "Distracteur 3"
      ],
      "answer": "Réponse correcte",
      "lessonRef": "definition",
      "explanation": "Cette question vérifie la compréhension de la notion.",
      "quality": {
        "status": "draft",
        "review": {
          "reviewedBy": null,
          "reviewedAt": null,
          "decision": null,
          "notes": null
        },
        "history": [
          {
            "at": "2025-12-27T00:00:00Z",
            "by": "import",
            "action": "created"
          }
        ],
        "deletedAt": null,
        "deletedBy": null
      }
    },
    {
      "schemaVersion": 1,
      "taxonomyVersion": "5e-1.0",
      "id": "q_hist_reperes_ancien_regime_0048",
      "blockId": "hist_reperes_ancien_regime",
      "grade": "5e",
      "lang": "fr",
      "primaryTag": "hist_reperes_ancien_regime",
      "type": "MCQ",
      "difficulty": 2,
      "statement": "Question d’entraînement sur la notion « hist reperes ancien regime ».",
      "choices": [
        "Réponse correcte",
        "Distracteur 1",
        "Distracteur 2",
        "Distracteur 3"
      ],
      "answer": "Réponse correcte",
      "lessonRef": "definition",
      "explanation": "Cette question vérifie la compréhension de la notion.",
      "quality": {
        "status": "draft",
        "review": {
          "reviewedBy": null,
          "reviewedAt": null,
          "decision": null,
          "notes": null
        },
        "history": [
          {
            "at": "2025-12-27T00:00:00Z",
            "by": "import",
            "action": "created"
          }
        ],
        "deletedAt": null,
        "deletedBy": null
      }
    },
    {
      "schemaVersion": 1,
      "taxonomyVersion": "5e-1.0",
      "id": "q_hist_reperes_ancien_regime_0049",
      "blockId": "hist_reperes_ancien_regime",
      "grade": "5e",
      "lang": "fr",
      "primaryTag": "hist_reperes_ancien_regime",
      "type": "MCQ",
      "difficulty": 2,
      "statement": "Question d’entraînement sur la notion « hist reperes ancien regime ».",
      "choices": [
        "Réponse correcte",
        "Distracteur 1",
        "Distracteur 2",
        "Distracteur 3"
      ],
      "answer": "Réponse correcte",
      "lessonRef": "definition",
      "explanation": "Cette question vérifie la compréhension de la notion.",
      "quality": {
        "status": "draft",
        "review": {
          "reviewedBy": null,
          "reviewedAt": null,
          "decision": null,
          "notes": null
        },
        "history": [
          {
            "at": "2025-12-27T00:00:00Z",
            "by": "import",
            "action": "created"
          }
        ],
        "deletedAt": null,
        "deletedBy": null
      }
    },
    {
      "schemaVersion": 1,
      "taxonomyVersion": "5e-1.0",
      "id": "q_hist_reperes_ancien_regime_0050",
      "blockId": "hist_reperes_ancien_regime",
      "grade": "5e",
      "lang": "fr",
      "primaryTag": "hist_reperes_ancien_regime",
      "type": "MCQ",
      "difficulty": 1,
      "statement": "Question d’entraînement sur la notion « hist reperes ancien regime ».",
      "choices": [
        "Réponse correcte",
        "Distracteur 1",
        "Distracteur 2",
        "Distracteur 3"
      ],
      "answer": "Réponse correcte",
      "lessonRef": "definition",
      "explanation": "Cette question vérifie la compréhension de la notion.",
      "quality": {
        "status": "draft",
        "review": {
          "reviewedBy": null,
          "reviewedAt": null,
          "decision": null,
          "notes": null
        },
        "history": [
          {
            "at": "2025-12-27T00:00:00Z",
            "by": "import",
            "action": "created"
          }
        ],
        "deletedAt": null,
        "deletedBy": null
      }
    }
  ]
}