{
  "pack": {
    "schemaVersion": 1,
    "taxonomyVersion": "5e-1.0",
    "setId": "pack_fr_comprehension_inference_50q_v1",
    "grade": "5e",
    "lang": "fr",
    "primaryTag": "fr_comprehension_inference",
    "blockId": "fr_comprehension_inference",
    "biomeId": "fr",
    "lessonTitle": "Rappel — fr comprehension inference",
    "lesson": "# Rappel — fr_comprehension_inference\n\n## Définition {#definition}\nÀ compléter.\n\n## Méthode {#methode}\nÀ compléter.\n\n## Exemples {#exemples}\nÀ compléter.\n\n## Pièges fréquents {#pieges}\nÀ compléter.\n",
    "createdAt": "2025-12-27T00:00:00Z"
  },
  "questions": [
    {
      "schemaVersion": 1,
      "taxonomyVersion": "5e-1.0",
      "id": "q_fr_comprehension_inference_0001",
      "blockId": "fr_comprehension_inference",
      "grade": "5e",
      "lang": "fr",
      "primaryTag": "fr_comprehension_inference",
      "type": "MCQ",
      "difficulty": 1,
      "statement": "Question d’entraînement sur la notion « fr comprehension inference ».",
      "choices": [
        "Réponse correcte",
        "Distracteur 1",
        "Distracteur 2",
        "Distracteur 3"
      ],
      "answer": "Réponse correcte",
      "lessonRef": "definition",
      "explanation": "Cette question vérifie la compréhension de la notion.",
      "quality": {
        "status": "draft",
        "review": {
          "reviewedBy": null,
          "reviewedAt": null,
          "decision": null,
          "notes": null
        },
        "history": [
          {
            "at": "2025-12-27T00:00:00Z",
            "by": "import",
            "action": "created"
          }
        ],
        "deletedAt": null,
        "deletedBy": null
      }
    },
    {
      "schemaVersion": 1,
      "taxonomyVersion": "5e-1.0",
      "id": "q_fr_comprehension_inference_0002",
      "blockId": "fr_comprehension_inference",
      "grade": "5e",
      "lang": "fr",
      "primaryTag": "fr_comprehension_inference",
      "type": "MCQ",
      "difficulty": 2,
      "statement": "Question d’entraînement sur la notion « fr comprehension inference ».",
      "choices": [
        "Réponse correcte",
        "Distracteur 1",
        "Distracteur 2",
        "Distracteur 3"
      ],
      "answer": "Réponse correcte",
      "lessonRef": "definition",
      "explanation": "Cette question vérifie la compréhension de la notion.",
      "quality": {
        "status": "draft",
        "review": {
          "reviewedBy": null,
          "reviewedAt": null,
          "decision": null,
          "notes": null
        },
        "history": [
          {
            "at": "2025-12-27T00:00:00Z",
            "by": "import",
            "action": "created"
          }
        ],
        "deletedAt": null,
        "deletedBy": null
      }
    },
    {
      "schemaVersion": 1,
      "taxonomyVersion": "5e-1.0",
      "id": "q_fr_comprehension_inference_0003",
      "blockId": "fr_comprehension_inference",
      "grade": "5e",
      "lang": "fr",
      "primaryTag": "fr_comprehension_inference",
      "type": "MCQ",
      "difficulty": 3,
      "statement": "Question d’entraînement sur la notion « fr comprehension inference ».",
      "choices": [
        "Réponse correcte",
        "Distracteur 1",
        "Distracteur 2",
        "Distracteur 3"
      ],
      "answer": "Réponse correcte",
      "lessonRef": "definition",
      "explanation": "Cette question vérifie la compréhension de la notion.",
      "quality": {
        "status": "draft",
        "review": {
          "reviewedBy": null,
          "reviewedAt": null,
          "decision": null,
          "notes": null
        },
        "history": [
          {
            "at": "2025-12-27T00:00:00Z",
            "by": "import",
            "action": "created"
          }
        ],
        "deletedAt": null,
        "deletedBy": null
      }
    },
    {
      "schemaVersion": 1,
      "taxonomyVersion": "5e-1.0",
      "id": "q_fr_comprehension_inference_0004",
      "blockId": "fr_comprehension_inference",
      "grade": "5e",
      "lang": "fr",
      "primaryTag": "fr_comprehension_inference",
      "type": "MCQ",
      "difficulty": 3,
      "statement": "Question d’entraînement sur la notion « fr comprehension inference ».",
      "choices": [
        "Réponse correcte",
        "Distracteur 1",
        "Distracteur 2",
        "Distracteur 3"
      ],
      "answer": "Réponse correcte",
      "lessonRef": "definition",
      "explanation": "Cette question vérifie la compréhension de la notion.",
      "quality": {
        "status": "draft",
        "review": {
          "reviewedBy": null,
          "reviewedAt": null,
          "decision": null,
          "notes": null
        },
        "history": [
          {
            "at": "2025-12-27T00:00:00Z",
            "by": "import",
            "action": "created"
          }
        ],
        "deletedAt": null,
        "deletedBy": null
      }
    },
    {
      "schemaVersion": 1,
      "taxonomyVersion": "5e-1.0",
      "id": "q_fr_comprehension_inference_0005",
      "blockId": "fr_comprehension_inference",
      "grade": "5e",
      "lang": "fr",
      "primaryTag": "fr_comprehension_inference",
      "type": "MCQ",
      "difficulty": 1,
      "statement": "Question d’entraînement sur la notion « fr comprehension inference ».",
      "choices": [
        "Réponse correcte",
        "Distracteur 1",
        "Distracteur 2",
        "Distracteur 3"
      ],
      "answer": "Réponse correcte",
      "lessonRef": "definition",
      "explanation": "Cette question vérifie la compréhension de la notion.",
      "quality": {
        "status": "draft",
        "review": {
          "reviewedBy": null,
          "reviewedAt": null,
          "decision": null,
          "notes": null
        },
        "history": [
          {
            "at": "2025-12-27T00:00:00Z",
            "by": "import",
            "action": "created"
          }
        ],
        "deletedAt": null,
        "deletedBy": null
      }
    },
    {
      "schemaVersion": 1,
      "taxonomyVersion": "5e-1.0",
      "id": "q_fr_comprehension_inference_0006",
      "blockId": "fr_comprehension_inference",
      "grade": "5e",
      "lang": "fr",
      "primaryTag": "fr_comprehension_inference",
      "type": "MCQ",
      "difficulty": 3,
      "statement": "Question d’entraînement sur la notion « fr comprehension inference ».",
      "choices": [
        "Réponse correcte",
        "Distracteur 1",
        "Distracteur 2",
        "Distracteur 3"
      ],
      "answer": "Réponse correcte",
      "lessonRef": "definition",
      "explanation": "Cette question vérifie la compréhension de la notion.",
      "quality": {
        "status": "draft",
        "review": {
          "reviewedBy": null,
          "reviewedAt": null,
          "decision": null,
          "notes": null
        },
        "history": [
          {
            "at": "2025-12-27T00:00:00Z",
            "by": "import",
            "action": "created"
          }
        ],
        "deletedAt": null,
        "deletedBy": null
      }
    },
    {
      "schemaVersion": 1,
      "taxonomyVersion": "5e-1.0",
      "id": "q_fr_comprehension_inference_0007",
      "blockId": "fr_comprehension_inference",
      "grade": "5e",
      "lang": "fr",
      "primaryTag": "fr_comprehension_inference",
      "type": "MCQ",
      "difficulty": 3,
      "statement": "Question d’entraînement sur la notion « fr comprehension inference ».",
      "choices": [
        "Réponse correcte",
        "Distracteur 1",
        "Distracteur 2",
        "Distracteur 3"
      ],
      "answer": "Réponse correcte",
      "lessonRef": "definition",
      "explanation": "Cette question vérifie la compréhension de la notion.",
      "quality": {
        "status": "draft",
        "review": {
          "reviewedBy": null,
          "reviewedAt": null,
          "decision": null,
          "notes": null
        },
        "history": [
          {
            "at": "2025-12-27T00:00:00Z",
            "by": "import",
            "action": "created"
          }
        ],
        "deletedAt": null,
        "deletedBy": null
      }
    },
    {
      "schemaVersion": 1,
      "taxonomyVersion": "5e-1.0",
      "id": "q_fr_comprehension_inference_0008",
      "blockId": "fr_comprehension_inference",
      "grade": "5e",
      "lang": "fr",
      "primaryTag": "fr_comprehension_inference",
      "type": "MCQ",
      "difficulty": 3,
      "statement": "Question d’entraînement sur la notion « fr comprehension inference ».",
      "choices": [
        "Réponse correcte",
        "Distracteur 1",
        "Distracteur 2",
        "Distracteur 3"
      ],
      "answer": "Réponse correcte",
      "lessonRef": "definition",
      "explanation": "Cette question vérifie la compréhension de la notion.",
      "quality": {
        "status": "draft",
        "review": {
          "reviewedBy": null,
          "reviewedAt": null,
          "decision": null,
          "notes": null
        },
        "history": [
          {
            "at": "2025-12-27T00:00:00Z",
            "by": "import",
            "action": "created"
          }
        ],
        "deletedAt": null,
        "deletedBy": null
      }
    },
    {
      "schemaVersion": 1,
      "taxonomyVersion": "5e-1.0",
      "id": "q_fr_comprehension_inference_0009",
      "blockId": "fr_comprehension_inference",
      "grade": "5e",
      "lang": "fr",
      "primaryTag": "fr_comprehension_inference",
      "type": "MCQ",
      "difficulty": 3,
      "statement": "Question d’entraînement sur la notion « fr comprehension inference ».",
      "choices": [
        "Réponse correcte",
        "Distracteur 1",
        "Distracteur 2",
        "Distracteur 3"
      ],
      "answer": "Réponse correcte",
      "lessonRef": "definition",
      "explanation": "Cette question vérifie la compréhension de la notion.",
      "quality": {
        "status": "draft",
        "review": {
          "reviewedBy": null,
          "reviewedAt": null,
          "decision": null,
          "notes": null
        },
        "history": [
          {
            "at": "2025-12-27T00:00:00Z",
            "by": "import",
            "action": "created"
          }
        ],
        "deletedAt": null,
        "deletedBy": null
      }
    },
    {
      "schemaVersion": 1,
      "taxonomyVersion": "5e-1.0",
      "id": "q_fr_comprehension_inference_0010",
      "blockId": "fr_comprehension_inference",
      "grade": "5e",
      "lang": "fr",
      "primaryTag": "fr_comprehension_inference",
      "type": "MCQ",
      "difficulty": 2,
      "statement": "Question d’entraînement sur la notion « fr comprehension inference ».",
      "choices": [
        "Réponse correcte",
        "Distracteur 1",
        "Distracteur 2",
        "Distracteur 3"
      ],
      "answer": "Réponse correcte",
      "lessonRef": "definition",
      "explanation": "Cette question vérifie la compréhension de la notion.",
      "quality": {
        "status": "draft",
        "review": {
          "reviewedBy": null,
          "reviewedAt": null,
          "decision": null,
          "notes": null
        },
        "history": [
          {
            "at": "2025-12-27T00:00:00Z",
            "by": "import",
            "action": "created"
          }
        ],
        "deletedAt": null,
        "deletedBy": null
      }
    },
    {
      "schemaVersion": 1,
      "taxonomyVersion": "5e-1.0",
      "id": "q_fr_comprehension_inference_0011",
      "blockId": "fr_comprehension_inference",
      "grade": "5e",
      "lang": "fr",
      "primaryTag": "fr_comprehension_inference",
      "type": "MCQ",
      "difficulty": 2,
      "statement": "Question d’entraînement sur la notion « fr comprehension inference ».",
      "choices": [
        "Réponse correcte",
        "Distracteur 1",
        "Distracteur 2",
        "Distracteur 3"
      ],
      "answer": "Réponse correcte",
      "lessonRef": "definition",
      "explanation": "Cette question vérifie la compréhension de la notion.",
      "quality": {
        "status": "draft",
        "review": {
          "reviewedBy": null,
          "reviewedAt": null,
          "decision": null,
          "notes": null
        },
        "history": [
          {
            "at": "2025-12-27T00:00:00Z",
            "by": "import",
            "action": "created"
          }
        ],
        "deletedAt": null,
        "deletedBy": null
      }
    },
    {
      "schemaVersion": 1,
      "taxonomyVersion": "5e-1.0",
      "id": "q_fr_comprehension_inference_0012",
      "blockId": "fr_comprehension_inference",
      "grade": "5e",
      "lang": "fr",
      "primaryTag": "fr_comprehension_inference",
      "type": "MCQ",
      "difficulty": 3,
      "statement": "Question d’entraînement sur la notion « fr comprehension inference ».",
      "choices": [
        "Réponse correcte",
        "Distracteur 1",
        "Distracteur 2",
        "Distracteur 3"
      ],
      "answer": "Réponse correcte",
      "lessonRef": "definition",
      "explanation": "Cette question vérifie la compréhension de la notion.",
      "quality": {
        "status": "draft",
        "review": {
          "reviewedBy": null,
          "reviewedAt": null,
          "decision": null,
          "notes": null
        },
        "history": [
          {
            "at": "2025-12-27T00:00:00Z",
            "by": "import",
            "action": "created"
          }
        ],
        "deletedAt": null,
        "deletedBy": null
      }
    },
    {
      "schemaVersion": 1,
      "taxonomyVersion": "5e-1.0",
      "id": "q_fr_comprehension_inference_0013",
      "blockId": "fr_comprehension_inference",
      "grade": "5e",
      "lang": "fr",
      "primaryTag": "fr_comprehension_inference",
      "type": "MCQ",
      "difficulty": 3,
      "statement": "Question d’entraînement sur la notion « fr comprehension inference ».",
      "choices": [
        "Réponse correcte",
        "Distracteur 1",
        "Distracteur 2",
        "Distracteur 3"
      ],
      "answer": "Réponse correcte",
      "lessonRef": "definition",
      "explanation": "Cette question vérifie la compréhension de la notion.",
      "quality": {
        "status": "draft",
        "review": {
          "reviewedBy": null,
          "reviewedAt": null,
          "decision": null,
          "notes": null
        },
        "history": [
          {
            "at": "2025-12-27T00:00:00Z",
            "by": "import",
            "action": "created"
          }
        ],
        "deletedAt": null,
        "deletedBy": null
      }
    },
    {
      "schemaVersion": 1,
      "taxonomyVersion": "5e-1.0",
      "id": "q_fr_comprehension_inference_0014",
      "blockId": "fr_comprehension_inference",
      "grade": "5e",
      "lang": "fr",
      "primaryTag": "fr_comprehension_inference",
      "type": "MCQ",
      "difficulty": 3,
      "statement": "Question d’entraînement sur la notion « fr comprehension inference ».",
      "choices": [
        "Réponse correcte",
        "Distracteur 1",
        "Distracteur 2",
        "Distracteur 3"
      ],
      "answer": "Réponse correcte",
      "lessonRef": "definition",
      "explanation": "Cette question vérifie la compréhension de la notion.",
      "quality": {
        "status": "draft",
        "review": {
          "reviewedBy": null,
          "reviewedAt": null,
          "decision": null,
          "notes": null
        },
        "history": [
          {
            "at": "2025-12-27T00:00:00Z",
            "by": "import",
            "action": "created"
          }
        ],
        "deletedAt": null,
        "deletedBy": null
      }
    },
    {
      "schemaVersion": 1,
      "taxonomyVersion": "5e-1.0",
      "id": "q_fr_comprehension_inference_0015",
      "blockId": "fr_comprehension_inference",
      "grade": "5e",
      "lang": "fr",
      "primaryTag": "fr_comprehension_inference",
      "type": "MCQ",
      "difficulty": 3,
      "statement": "Question d’entraînement sur la notion « fr comprehension inference ».",
      "choices": [
        "Réponse correcte",
        "Distracteur 1",
        "Distracteur 2",
        "Distracteur 3"
      ],
      "answer": "Réponse correcte",
      "lessonRef": "definition",
      "explanation": "Cette question vérifie la compréhension de la notion.",
      "quality": {
        "status": "draft",
        "review": {
          "reviewedBy": null,
          "reviewedAt": null,
          "decision": null,
          "notes": null
        },
        "history": [
          {
            "at": "2025-12-27T00:00:00Z",
            "by": "import",
            "action": "created"
          }
        ],
        "deletedAt": null,
        "deletedBy": null
      }
    },
    {
      "schemaVersion": 1,
      "taxonomyVersion": "5e-1.0",
      "id": "q_fr_comprehension_inference_0016",
      "blockId": "fr_comprehension_inference",
      "grade": "5e",
      "lang": "fr",
      "primaryTag": "fr_comprehension_inference",
      "type": "MCQ",
      "difficulty": 3,
      "statement": "Question d’entraînement sur la notion « fr comprehension inference ».",
      "choices": [
        "Réponse correcte",
        "Distracteur 1",
        "Distracteur 2",
        "Distracteur 3"
      ],
      "answer": "Réponse correcte",
      "lessonRef": "definition",
      "explanation": "Cette question vérifie la compréhension de la notion.",
      "quality": {
        "status": "draft",
        "review": {
          "reviewedBy": null,
          "reviewedAt": null,
          "decision": null,
          "notes": null
        },
        "history": [
          {
            "at": "2025-12-27T00:00:00Z",
            "by": "import",
            "action": "created"
          }
        ],
        "deletedAt": null,
        "deletedBy": null
      }
    },
    {
      "schemaVersion": 1,
      "taxonomyVersion": "5e-1.0",
      "id": "q_fr_comprehension_inference_0017",
      "blockId": "fr_comprehension_inference",
      "grade": "5e",
      "lang": "fr",
      "primaryTag": "fr_comprehension_inference",
      "type": "MCQ",
      "difficulty": 3,
      "statement": "Question d’entraînement sur la notion « fr comprehension inference ».",
      "choices": [
        "Réponse correcte",
        "Distracteur 1",
        "Distracteur 2",
        "Distracteur 3"
      ],
      "answer": "Réponse correcte",
      "lessonRef": "definition",
      "explanation": "Cette question vérifie la compréhension de la notion.",
      "quality": {
        "status": "draft",
        "review": {
          "reviewedBy": null,
          "reviewedAt": null,
          "decision": null,
          "notes": null
        },
        "history": [
          {
            "at": "2025-12-27T00:00:00Z",
            "by": "import",
            "action": "created"
          }
        ],
        "deletedAt": null,
        "deletedBy": null
      }
    },
    {
      "schemaVersion": 1,
      "taxonomyVersion": "5e-1.0",
      "id": "q_fr_comprehension_inference_0018",
      "blockId": "fr_comprehension_inference",
      "grade": "5e",
      "lang": "fr",
      "primaryTag": "fr_comprehension_inference",
      "type": "MCQ",
      "difficulty": 3,
      "statement": "Question d’entraînement sur la notion « fr comprehension inference ».",
      "choices": [
        "Réponse correcte",
        "Distracteur 1",
        "Distracteur 2",
        "Distracteur 3"
      ],
      "answer": "Réponse correcte",
      "lessonRef": "definition",
      "explanation": "Cette question vérifie la compréhension de la notion.",
      "quality": {
        "status": "draft",
        "review": {
          "reviewedBy": null,
          "reviewedAt": null,
          "decision": null,
          "notes": null
        },
        "history": [
          {
            "at": "2025-12-27T00:00:00Z",
            "by": "import",
            "action": "created"
          }
        ],
        "deletedAt": null,
        "deletedBy": null
      }
    },
    {
      "schemaVersion": 1,
      "taxonomyVersion": "5e-1.0",
      "id": "q_fr_comprehension_inference_0019",
      "blockId": "fr_comprehension_inference",
      "grade": "5e",
      "lang": "fr",
      "primaryTag": "fr_comprehension_inference",
      "type": "MCQ",
      "difficulty": 2,
      "statement": "Question d’entraînement sur la notion « fr comprehension inference ».",
      "choices": [
        "Réponse correcte",
        "Distracteur 1",
        "Distracteur 2",
        "Distracteur 3"
      ],
      "answer": "Réponse correcte",
      "lessonRef": "definition",
      "explanation": "Cette question vérifie la compréhension de la notion.",
      "quality": {
        "status": "draft",
        "review": {
          "reviewedBy": null,
          "reviewedAt": null,
          "decision": null,
          "notes": null
        },
        "history": [
          {
            "at": "2025-12-27T00:00:00Z",
            "by": "import",
            "action": "created"
          }
        ],
        "deletedAt": null,
        "deletedBy": null
      }
    },
    {
      "schemaVersion": 1,
      "taxonomyVersion": "5e-1.0",
      "id": "q_fr_comprehension_inference_0020",
      "blockId": "fr_comprehension_inference",
      "grade": "5e",
      "lang": "fr",
      "primaryTag": "fr_comprehension_inference",
      "type": "MCQ",
      "difficulty": 2,
      "statement": "Question d’entraînement sur la notion « fr comprehension inference ».",
      "choices": [
        "Réponse correcte",
        "Distracteur 1",
        "Distracteur 2",
        "Distracteur 3"
      ],
      "answer": "Réponse correcte",
      "lessonRef": "definition",
      "explanation": "Cette question vérifie la compréhension de la notion.",
      "quality": {
        "status": "draft",
        "review": {
          "reviewedBy": null,
          "reviewedAt": null,
          "decision": null,
          "notes": null
        },
        "history": [
          {
            "at": "2025-12-27T00:00:00Z",
            "by": "import",
            "action": "created"
          }
        ],
        "deletedAt": null,
        "deletedBy": null
      }
    },
    {
      "schemaVersion": 1,
      "taxonomyVersion": "5e-1.0",
      "id": "q_fr_comprehension_inference_0021",
      "blockId": "fr_comprehension_inference",
      "grade": "5e",
      "lang": "fr",
      "primaryTag": "fr_comprehension_inference",
      "type": "MCQ",
      "difficulty": 3,
      "statement": "Question d’entraînement sur la notion « fr comprehension inference ».",
      "choices": [
        "Réponse correcte",
        "Distracteur 1",
        "Distracteur 2",
        "Distracteur 3"
      ],
      "answer": "Réponse correcte",
      "lessonRef": "definition",
      "explanation": "Cette question vérifie la compréhension de la notion.",
      "quality": {
        "status": "draft",
        "review": {
          "reviewedBy": null,
          "reviewedAt": null,
          "decision": null,
          "notes": null
        },
        "history": [
          {
            "at": "2025-12-27T00:00:00Z",
            "by": "import",
            "action": "created"
          }
        ],
        "deletedAt": null,
        "deletedBy": null
      }
    },
    {
      "schemaVersion": 1,
      "taxonomyVersion": "5e-1.0",
      "id": "q_fr_comprehension_inference_0022",
      "blockId": "fr_comprehension_inference",
      "grade": "5e",
      "lang": "fr",
      "primaryTag": "fr_comprehension_inference",
      "type": "MCQ",
      "difficulty": 3,
      "statement": "Question d’entraînement sur la notion « fr comprehension inference ».",
      "choices": [
        "Réponse correcte",
        "Distracteur 1",
        "Distracteur 2",
        "Distracteur 3"
      ],
      "answer": "Réponse correcte",
      "lessonRef": "definition",
      "explanation": "Cette question vérifie la compréhension de la notion.",
      "quality": {
        "status": "draft",
        "review": {
          "reviewedBy": null,
          "reviewedAt": null,
          "decision": null,
          "notes": null
        },
        "history": [
          {
            "at": "2025-12-27T00:00:00Z",
            "by": "import",
            "action": "created"
          }
        ],
        "deletedAt": null,
        "deletedBy": null
      }
    },
    {
      "schemaVersion": 1,
      "taxonomyVersion": "5e-1.0",
      "id": "q_fr_comprehension_inference_0023",
      "blockId": "fr_comprehension_inference",
      "grade": "5e",
      "lang": "fr",
      "primaryTag": "fr_comprehension_inference",
      "type": "MCQ",
      "difficulty": 2,
      "statement": "Question d’entraînement sur la notion « fr comprehension inference ».",
      "choices": [
        "Réponse correcte",
        "Distracteur 1",
        "Distracteur 2",
        "Distracteur 3"
      ],
      "answer": "Réponse correcte",
      "lessonRef": "definition",
      "explanation": "Cette question vérifie la compréhension de la notion.",
      "quality": {
        "status": "draft",
        "review": {
          "reviewedBy": null,
          "reviewedAt": null,
          "decision": null,
          "notes": null
        },
        "history": [
          {
            "at": "2025-12-27T00:00:00Z",
            "by": "import",
            "action": "created"
          }
        ],
        "deletedAt": null,
        "deletedBy": null
      }
    },
    {
      "schemaVersion": 1,
      "taxonomyVersion": "5e-1.0",
      "id": "q_fr_comprehension_inference_0024",
      "blockId": "fr_comprehension_inference",
      "grade": "5e",
      "lang": "fr",
      "primaryTag": "fr_comprehension_inference",
      "type": "MCQ",
      "difficulty": 2,
      "statement": "Question d’entraînement sur la notion « fr comprehension inference ».",
      "choices": [
        "Réponse correcte",
        "Distracteur 1",
        "Distracteur 2",
        "Distracteur 3"
      ],
      "answer": "Réponse correcte",
      "lessonRef": "definition",
      "explanation": "Cette question vérifie la compréhension de la notion.",
      "quality": {
        "status": "draft",
        "review": {
          "reviewedBy": null,
          "reviewedAt": null,
          "decision": null,
          "notes": null
        },
        "history": [
          {
            "at": "2025-12-27T00:00:00Z",
            "by": "import",
            "action": "created"
          }
        ],
        "deletedAt": null,
        "deletedBy": null
      }
    },
    {
      "schemaVersion": 1,
      "taxonomyVersion": "5e-1.0",
      "id": "q_fr_comprehension_inference_0025",
      "blockId": "fr_comprehension_inference",
      "grade": "5e",
      "lang": "fr",
      "primaryTag": "fr_comprehension_inference",
      "type": "MCQ",
      "difficulty": 1,
      "statement": "Question d’entraînement sur la notion « fr comprehension inference ».",
      "choices": [
        "Réponse correcte",
        "Distracteur 1",
        "Distracteur 2",
        "Distracteur 3"
      ],
      "answer": "Réponse correcte",
      "lessonRef": "definition",
      "explanation": "Cette question vérifie la compréhension de la notion.",
      "quality": {
        "status": "draft",
        "review": {
          "reviewedBy": null,
          "reviewedAt": null,
          "decision": null,
          "notes": null
        },
        "history": [
          {
            "at": "2025-12-27T00:00:00Z",
            "by": "import",
            "action": "created"
          }
        ],
        "deletedAt": null,
        "deletedBy": null
      }
    },
    {
      "schemaVersion": 1,
      "taxonomyVersion": "5e-1.0",
      "id": "q_fr_comprehension_inference_0026",
      "blockId": "fr_comprehension_inference",
      "grade": "5e",
      "lang": "fr",
      "primaryTag": "fr_comprehension_inference",
      "type": "MCQ",
      "difficulty": 3,
      "statement": "Question d’entraînement sur la notion « fr comprehension inference ».",
      "choices": [
        "Réponse correcte",
        "Distracteur 1",
        "Distracteur 2",
        "Distracteur 3"
      ],
      "answer": "Réponse correcte",
      "lessonRef": "definition",
      "explanation": "Cette question vérifie la compréhension de la notion.",
      "quality": {
        "status": "draft",
        "review": {
          "reviewedBy": null,
          "reviewedAt": null,
          "decision": null,
          "notes": null
        },
        "history": [
          {
            "at": "2025-12-27T00:00:00Z",
            "by": "import",
            "action": "created"
          }
        ],
        "deletedAt": null,
        "deletedBy": null
      }
    },
    {
      "schemaVersion": 1,
      "taxonomyVersion": "5e-1.0",
      "id": "q_fr_comprehension_inference_0027",
      "blockId": "fr_comprehension_inference",
      "grade": "5e",
      "lang": "fr",
      "primaryTag": "fr_comprehension_inference",
      "type": "MCQ",
      "difficulty": 1,
      "statement": "Question d’entraînement sur la notion « fr comprehension inference ».",
      "choices": [
        "Réponse correcte",
        "Distracteur 1",
        "Distracteur 2",
        "Distracteur 3"
      ],
      "answer": "Réponse correcte",
      "lessonRef": "definition",
      "explanation": "Cette question vérifie la compréhension de la notion.",
      "quality": {
        "status": "draft",
        "review": {
          "reviewedBy": null,
          "reviewedAt": null,
          "decision": null,
          "notes": null
        },
        "history": [
          {
            "at": "2025-12-27T00:00:00Z",
            "by": "import",
            "action": "created"
          }
        ],
        "deletedAt": null,
        "deletedBy": null
      }
    },
    {
      "schemaVersion": 1,
      "taxonomyVersion": "5e-1.0",
      "id": "q_fr_comprehension_inference_0028",
      "blockId": "fr_comprehension_inference",
      "grade": "5e",
      "lang": "fr",
      "primaryTag": "fr_comprehension_inference",
      "type": "MCQ",
      "difficulty": 1,
      "statement": "Question d’entraînement sur la notion « fr comprehension inference ».",
      "choices": [
        "Réponse correcte",
        "Distracteur 1",
        "Distracteur 2",
        "Distracteur 3"
      ],
      "answer": "Réponse correcte",
      "lessonRef": "definition",
      "explanation": "Cette question vérifie la compréhension de la notion.",
      "quality": {
        "status": "draft",
        "review": {
          "reviewedBy": null,
          "reviewedAt": null,
          "decision": null,
          "notes": null
        },
        "history": [
          {
            "at": "2025-12-27T00:00:00Z",
            "by": "import",
            "action": "created"
          }
        ],
        "deletedAt": null,
        "deletedBy": null
      }
    },
    {
      "schemaVersion": 1,
      "taxonomyVersion": "5e-1.0",
      "id": "q_fr_comprehension_inference_0029",
      "blockId": "fr_comprehension_inference",
      "grade": "5e",
      "lang": "fr",
      "primaryTag": "fr_comprehension_inference",
      "type": "MCQ",
      "difficulty": 2,
      "statement": "Question d’entraînement sur la notion « fr comprehension inference ».",
      "choices": [
        "Réponse correcte",
        "Distracteur 1",
        "Distracteur 2",
        "Distracteur 3"
      ],
      "answer": "Réponse correcte",
      "lessonRef": "definition",
      "explanation": "Cette question vérifie la compréhension de la notion.",
      "quality": {
        "status": "draft",
        "review": {
          "reviewedBy": null,
          "reviewedAt": null,
          "decision": null,
          "notes": null
        },
        "history": [
          {
            "at": "2025-12-27T00:00:00Z",
            "by": "import",
            "action": "created"
          }
        ],
        "deletedAt": null,
        "deletedBy": null
      }
    },
    {
      "schemaVersion": 1,
      "taxonomyVersion": "5e-1.0",
      "id": "q_fr_comprehension_inference_0030",
      "blockId": "fr_comprehension_inference",
      "grade": "5e",
      "lang": "fr",
      "primaryTag": "fr_comprehension_inference",
      "type": "MCQ",
      "difficulty": 3,
      "statement": "Question d’entraînement sur la notion « fr comprehension inference ».",
      "choices": [
        "Réponse correcte",
        "Distracteur 1",
        "Distracteur 2",
        "Distracteur 3"
      ],
      "answer": "Réponse correcte",
      "lessonRef": "definition",
      "explanation": "Cette question vérifie la compréhension de la notion.",
      "quality": {
        "status": "draft",
        "review": {
          "reviewedBy": null,
          "reviewedAt": null,
          "decision": null,
          "notes": null
        },
        "history": [
          {
            "at": "2025-12-27T00:00:00Z",
            "by": "import",
            "action": "created"
          }
        ],
        "deletedAt": null,
        "deletedBy": null
      }
    },
    {
      "schemaVersion": 1,
      "taxonomyVersion": "5e-1.0",
      "id": "q_fr_comprehension_inference_0031",
      "blockId": "fr_comprehension_inference",
      "grade": "5e",
      "lang": "fr",
      "primaryTag": "fr_comprehension_inference",
      "type": "MCQ",
      "difficulty": 2,
      "statement": "Question d’entraînement sur la notion « fr comprehension inference ».",
      "choices": [
        "Réponse correcte",
        "Distracteur 1",
        "Distracteur 2",
        "Distracteur 3"
      ],
      "answer": "Réponse correcte",
      "lessonRef": "definition",
      "explanation": "Cette question vérifie la compréhension de la notion.",
      "quality": {
        "status": "draft",
        "review": {
          "reviewedBy": null,
          "reviewedAt": null,
          "decision": null,
          "notes": null
        },
        "history": [
          {
            "at": "2025-12-27T00:00:00Z",
            "by": "import",
            "action": "created"
          }
        ],
        "deletedAt": null,
        "deletedBy": null
      }
    },
    {
      "schemaVersion": 1,
      "taxonomyVersion": "5e-1.0",
      "id": "q_fr_comprehension_inference_0032",
      "blockId": "fr_comprehension_inference",
      "grade": "5e",
      "lang": "fr",
      "primaryTag": "fr_comprehension_inference",
      "type": "MCQ",
      "difficulty": 2,
      "statement": "Question d’entraînement sur la notion « fr comprehension inference ».",
      "choices": [
        "Réponse correcte",
        "Distracteur 1",
        "Distracteur 2",
        "Distracteur 3"
      ],
      "answer": "Réponse correcte",
      "lessonRef": "definition",
      "explanation": "Cette question vérifie la compréhension de la notion.",
      "quality": {
        "status": "draft",
        "review": {
          "reviewedBy": null,
          "reviewedAt": null,
          "decision": null,
          "notes": null
        },
        "history": [
          {
            "at": "2025-12-27T00:00:00Z",
            "by": "import",
            "action": "created"
          }
        ],
        "deletedAt": null,
        "deletedBy": null
      }
    },
    {
      "schemaVersion": 1,
      "taxonomyVersion": "5e-1.0",
      "id": "q_fr_comprehension_inference_0033",
      "blockId": "fr_comprehension_inference",
      "grade": "5e",
      "lang": "fr",
      "primaryTag": "fr_comprehension_inference",
      "type": "MCQ",
      "difficulty": 1,
      "statement": "Question d’entraînement sur la notion « fr comprehension inference ».",
      "choices": [
        "Réponse correcte",
        "Distracteur 1",
        "Distracteur 2",
        "Distracteur 3"
      ],
      "answer": "Réponse correcte",
      "lessonRef": "definition",
      "explanation": "Cette question vérifie la compréhension de la notion.",
      "quality": {
        "status": "draft",
        "review": {
          "reviewedBy": null,
          "reviewedAt": null,
          "decision": null,
          "notes": null
        },
        "history": [
          {
            "at": "2025-12-27T00:00:00Z",
            "by": "import",
            "action": "created"
          }
        ],
        "deletedAt": null,
        "deletedBy": null
      }
    },
    {
      "schemaVersion": 1,
      "taxonomyVersion": "5e-1.0",
      "id": "q_fr_comprehension_inference_0034",
      "blockId": "fr_comprehension_inference",
      "grade": "5e",
      "lang": "fr",
      "primaryTag": "fr_comprehension_inference",
      "type": "MCQ",
      "difficulty": 3,
      "statement": "Question d’entraînement sur la notion « fr comprehension inference ».",
      "choices": [
        "Réponse correcte",
        "Distracteur 1",
        "Distracteur 2",
        "Distracteur 3"
      ],
      "answer": "Réponse correcte",
      "lessonRef": "definition",
      "explanation": "Cette question vérifie la compréhension de la notion.",
      "quality": {
        "status": "draft",
        "review": {
          "reviewedBy": null,
          "reviewedAt": null,
          "decision": null,
          "notes": null
        },
        "history": [
          {
            "at": "2025-12-27T00:00:00Z",
            "by": "import",
            "action": "created"
          }
        ],
        "deletedAt": null,
        "deletedBy": null
      }
    },
    {
      "schemaVersion": 1,
      "taxonomyVersion": "5e-1.0",
      "id": "q_fr_comprehension_inference_0035",
      "blockId": "fr_comprehension_inference",
      "grade": "5e",
      "lang": "fr",
      "primaryTag": "fr_comprehension_inference",
      "type": "MCQ",
      "difficulty": 1,
      "statement": "Question d’entraînement sur la notion « fr comprehension inference ».",
      "choices": [
        "Réponse correcte",
        "Distracteur 1",
        "Distracteur 2",
        "Distracteur 3"
      ],
      "answer": "Réponse correcte",
      "lessonRef": "definition",
      "explanation": "Cette question vérifie la compréhension de la notion.",
      "quality": {
        "status": "draft",
        "review": {
          "reviewedBy": null,
          "reviewedAt": null,
          "decision": null,
          "notes": null
        },
        "history": [
          {
            "at": "2025-12-27T00:00:00Z",
            "by": "import",
            "action": "created"
          }
        ],
        "deletedAt": null,
        "deletedBy": null
      }
    },
    {
      "schemaVersion": 1,
      "taxonomyVersion": "5e-1.0",
      "id": "q_fr_comprehension_inference_0036",
      "blockId": "fr_comprehension_inference",
      "grade": "5e",
      "lang": "fr",
      "primaryTag": "fr_comprehension_inference",
      "type": "MCQ",
      "difficulty": 2,
      "statement": "Question d’entraînement sur la notion « fr comprehension inference ».",
      "choices": [
        "Réponse correcte",
        "Distracteur 1",
        "Distracteur 2",
        "Distracteur 3"
      ],
      "answer": "Réponse correcte",
      "lessonRef": "definition",
      "explanation": "Cette question vérifie la compréhension de la notion.",
      "quality": {
        "status": "draft",
        "review": {
          "reviewedBy": null,
          "reviewedAt": null,
          "decision": null,
          "notes": null
        },
        "history": [
          {
            "at": "2025-12-27T00:00:00Z",
            "by": "import",
            "action": "created"
          }
        ],
        "deletedAt": null,
        "deletedBy": null
      }
    },
    {
      "schemaVersion": 1,
      "taxonomyVersion": "5e-1.0",
      "id": "q_fr_comprehension_inference_0037",
      "blockId": "fr_comprehension_inference",
      "grade": "5e",
      "lang": "fr",
      "primaryTag": "fr_comprehension_inference",
      "type": "MCQ",
      "difficulty": 1,
      "statement": "Question d’entraînement sur la notion « fr comprehension inference ».",
      "choices": [
        "Réponse correcte",
        "Distracteur 1",
        "Distracteur 2",
        "Distracteur 3"
      ],
      "answer": "Réponse correcte",
      "lessonRef": "definition",
      "explanation": "Cette question vérifie la compréhension de la notion.",
      "quality": {
        "status": "draft",
        "review": {
          "reviewedBy": null,
          "reviewedAt": null,
          "decision": null,
          "notes": null
        },
        "history": [
          {
            "at": "2025-12-27T00:00:00Z",
            "by": "import",
            "action": "created"
          }
        ],
        "deletedAt": null,
        "deletedBy": null
      }
    },
    {
      "schemaVersion": 1,
      "taxonomyVersion": "5e-1.0",
      "id": "q_fr_comprehension_inference_0038",
      "blockId": "fr_comprehension_inference",
      "grade": "5e",
      "lang": "fr",
      "primaryTag": "fr_comprehension_inference",
      "type": "MCQ",
      "difficulty": 2,
      "statement": "Question d’entraînement sur la notion « fr comprehension inference ».",
      "choices": [
        "Réponse correcte",
        "Distracteur 1",
        "Distracteur 2",
        "Distracteur 3"
      ],
      "answer": "Réponse correcte",
      "lessonRef": "definition",
      "explanation": "Cette question vérifie la compréhension de la notion.",
      "quality": {
        "status": "draft",
        "review": {
          "reviewedBy": null,
          "reviewedAt": null,
          "decision": null,
          "notes": null
        },
        "history": [
          {
            "at": "2025-12-27T00:00:00Z",
            "by": "import",
            "action": "created"
          }
        ],
        "deletedAt": null,
        "deletedBy": null
      }
    },
    {
      "schemaVersion": 1,
      "taxonomyVersion": "5e-1.0",
      "id": "q_fr_comprehension_inference_0039",
      "blockId": "fr_comprehension_inference",
      "grade": "5e",
      "lang": "fr",
      "primaryTag": "fr_comprehension_inference",
      "type": "MCQ",
      "difficulty": 1,
      "statement": "Question d’entraînement sur la notion « fr comprehension inference ».",
      "choices": [
        "Réponse correcte",
        "Distracteur 1",
        "Distracteur 2",
        "Distracteur 3"
      ],
      "answer": "Réponse correcte",
      "lessonRef": "definition",
      "explanation": "Cette question vérifie la compréhension de la notion.",
      "quality": {
        "status": "draft",
        "review": {
          "reviewedBy": null,
          "reviewedAt": null,
          "decision": null,
          "notes": null
        },
        "history": [
          {
            "at": "2025-12-27T00:00:00Z",
            "by": "import",
            "action": "created"
          }
        ],
        "deletedAt": null,
        "deletedBy": null
      }
    },
    {
      "schemaVersion": 1,
      "taxonomyVersion": "5e-1.0",
      "id": "q_fr_comprehension_inference_0040",
      "blockId": "fr_comprehension_inference",
      "grade": "5e",
      "lang": "fr",
      "primaryTag": "fr_comprehension_inference",
      "type": "MCQ",
      "difficulty": 3,
      "statement": "Question d’entraînement sur la notion « fr comprehension inference ».",
      "choices": [
        "Réponse correcte",
        "Distracteur 1",
        "Distracteur 2",
        "Distracteur 3"
      ],
      "answer": "Réponse correcte",
      "lessonRef": "definition",
      "explanation": "Cette question vérifie la compréhension de la notion.",
      "quality": {
        "status": "draft",
        "review": {
          "reviewedBy": null,
          "reviewedAt": null,
          "decision": null,
          "notes": null
        },
        "history": [
          {
            "at": "2025-12-27T00:00:00Z",
            "by": "import",
            "action": "created"
          }
        ],
        "deletedAt": null,
        "deletedBy": null
      }
    },
    {
      "schemaVersion": 1,
      "taxonomyVersion": "5e-1.0",
      "id": "q_fr_comprehension_inference_0041",
      "blockId": "fr_comprehension_inference",
      "grade": "5e",
      "lang": "fr",
      "primaryTag": "fr_comprehension_inference",
      "type": "MCQ",
      "difficulty": 1,
      "statement": "Question d’entraînement sur la notion « fr comprehension inference ».",
      "choices": [
        "Réponse correcte",
        "Distracteur 1",
        "Distracteur 2",
        "Distracteur 3"
      ],
      "answer": "Réponse correcte",
      "lessonRef": "definition",
      "explanation": "Cette question vérifie la compréhension de la notion.",
      "quality": {
        "status": "draft",
        "review": {
          "reviewedBy": null,
          "reviewedAt": null,
          "decision": null,
          "notes": null
        },
        "history": [
          {
            "at": "2025-12-27T00:00:00Z",
            "by": "import",
            "action": "created"
          }
        ],
        "deletedAt": null,
        "deletedBy": null
      }
    },
    {
      "schemaVersion": 1,
      "taxonomyVersion": "5e-1.0",
      "id": "q_fr_comprehension_inference_0042",
      "blockId": "fr_comprehension_inference",
      "grade": "5e",
      "lang": "fr",
      "primaryTag": "fr_comprehension_inference",
      "type": "MCQ",
      "difficulty": 3,
      "statement": "Question d’entraînement sur la notion « fr comprehension inference ».",
      "choices": [
        "Réponse correcte",
        "Distracteur 1",
        "Distracteur 2",
        "Distracteur 3"
      ],
      "answer": "Réponse correcte",
      "lessonRef": "definition",
      "explanation": "Cette question vérifie la compréhension de la notion.",
      "quality": {
        "status": "draft",
        "review": {
          "reviewedBy": null,
          "reviewedAt": null,
          "decision": null,
          "notes": null
        },
        "history": [
          {
            "at": "2025-12-27T00:00:00Z",
            "by": "import",
            "action": "created"
          }
        ],
        "deletedAt": null,
        "deletedBy": null
      }
    },
    {
      "schemaVersion": 1,
      "taxonomyVersion": "5e-1.0",
      "id": "q_fr_comprehension_inference_0043",
      "blockId": "fr_comprehension_inference",
      "grade": "5e",
      "lang": "fr",
      "primaryTag": "fr_comprehension_inference",
      "type": "MCQ",
      "difficulty": 2,
      "statement": "Question d’entraînement sur la notion « fr comprehension inference ».",
      "choices": [
        "Réponse correcte",
        "Distracteur 1",
        "Distracteur 2",
        "Distracteur 3"
      ],
      "answer": "Réponse correcte",
      "lessonRef": "definition",
      "explanation": "Cette question vérifie la compréhension de la notion.",
      "quality": {
        "status": "draft",
        "review": {
          "reviewedBy": null,
          "reviewedAt": null,
          "decision": null,
          "notes": null
        },
        "history": [
          {
            "at": "2025-12-27T00:00:00Z",
            "by": "import",
            "action": "created"
          }
        ],
        "deletedAt": null,
        "deletedBy": null
      }
    },
    {
      "schemaVersion": 1,
      "taxonomyVersion": "5e-1.0",
      "id": "q_fr_comprehension_inference_0044",
      "blockId": "fr_comprehension_inference",
      "grade": "5e",
      "lang": "fr",
      "primaryTag": "fr_comprehension_inference",
      "type": "MCQ",
      "difficulty": 3,
      "statement": "Question d’entraînement sur la notion « fr comprehension inference ».",
      "choices": [
        "Réponse correcte",
        "Distracteur 1",
        "Distracteur 2",
        "Distracteur 3"
      ],
      "answer": "Réponse correcte",
      "lessonRef": "definition",
      "explanation": "Cette question vérifie la compréhension de la notion.",
      "quality": {
        "status": "draft",
        "review": {
          "reviewedBy": null,
          "reviewedAt": null,
          "decision": null,
          "notes": null
        },
        "history": [
          {
            "at": "2025-12-27T00:00:00Z",
            "by": "import",
            "action": "created"
          }
        ],
        "deletedAt": null,
        "deletedBy": null
      }
    },
    {
      "schemaVersion": 1,
      "taxonomyVersion": "5e-1.0",
      "id": "q_fr_comprehension_inference_0045",
      "blockId": "fr_comprehension_inference",
      "grade": "5e",
      "lang": "fr",
      "primaryTag": "fr_comprehension_inference",
      "type": "MCQ",
      "difficulty": 3,
      "statement": "Question d’entraînement sur la notion « fr comprehension inference ».",
      "choices": [
        "Réponse correcte",
        "Distracteur 1",
        "Distracteur 2",
        "Distracteur 3"
      ],
      "answer": "Réponse correcte",
      "lessonRef": "definition",
      "explanation": "Cette question vérifie la compréhension de la notion.",
      "quality": {
        "status": "draft",
        "review": {
          "reviewedBy": null,
          "reviewedAt": null,
          "decision": null,
          "notes": null
        },
        "history": [
          {
            "at": "2025-12-27T00:00:00Z",
            "by": "import",
            "action": "created"
          }
        ],
        "deletedAt": null,
        "deletedBy": null
      }
    },
    {
      "schemaVersion": 1,
      "taxonomyVersion": "5e-1.0",
      "id": "q_fr_comprehension_inference_0046",
      "blockId": "fr_comprehension_inference",
      "grade": "5e",
      "lang": "fr",
      "primaryTag": "fr_comprehension_inference",
      "type": "MCQ",
      "difficulty": 2,
      "statement": "Question d’entraînement sur la notion « fr comprehension inference ».",
      "choices": [
        "Réponse correcte",
        "Distracteur 1",
        "Distracteur 2",
        "Distracteur 3"
      ],
      "answer": "Réponse correcte",
      "lessonRef": "definition",
      "explanation": "Cette question vérifie la compréhension de la notion.",
      "quality": {
        "status": "draft",
        "review": {
          "reviewedBy": null,
          "reviewedAt": null,
          "decision": null,
          "notes": null
        },
        "history": [
          {
            "at": "2025-12-27T00:00:00Z",
            "by": "import",
            "action": "created"
          }
        ],
        "deletedAt": null,
        "deletedBy": null
      }
    },
    {
      "schemaVersion": 1,
      "taxonomyVersion": "5e-1.0",
      "id": "q_fr_comprehension_inference_0047",
      "blockId": "fr_comprehension_inference",
      "grade": "5e",
      "lang": "fr",
      "primaryTag": "fr_comprehension_inference",
      "type": "MCQ",
      "difficulty": 1,
      "statement": "Question d’entraînement sur la notion « fr comprehension inference ».",
      "choices": [
        "Réponse correcte",
        "Distracteur 1",
        "Distracteur 2",
        "Distracteur 3"
      ],
      "answer": "Réponse correcte",
      "lessonRef": "definition",
      "explanation": "Cette question vérifie la compréhension de la notion.",
      "quality": {
        "status": "draft",
        "review": {
          "reviewedBy": null,
          "reviewedAt": null,
          "decision": null,
          "notes": null
        },
        "history": [
          {
            "at": "2025-12-27T00:00:00Z",
            "by": "import",
            "action": "created"
          }
        ],
        "deletedAt": null,
        "deletedBy": null
      }
    },
    {
      "schemaVersion": 1,
      "taxonomyVersion": "5e-1.0",
      "id": "q_fr_comprehension_inference_0048",
      "blockId": "fr_comprehension_inference",
      "grade": "5e",
      "lang": "fr",
      "primaryTag": "fr_comprehension_inference",
      "type": "MCQ",
      "difficulty": 3,
      "statement": "Question d’entraînement sur la notion « fr comprehension inference ».",
      "choices": [
        "Réponse correcte",
        "Distracteur 1",
        "Distracteur 2",
        "Distracteur 3"
      ],
      "answer": "Réponse correcte",
      "lessonRef": "definition",
      "explanation": "Cette question vérifie la compréhension de la notion.",
      "quality": {
        "status": "draft",
        "review": {
          "reviewedBy": null,
          "reviewedAt": null,
          "decision": null,
          "notes": null
        },
        "history": [
          {
            "at": "2025-12-27T00:00:00Z",
            "by": "import",
            "action": "created"
          }
        ],
        "deletedAt": null,
        "deletedBy": null
      }
    },
    {
      "schemaVersion": 1,
      "taxonomyVersion": "5e-1.0",
      "id": "q_fr_comprehension_inference_0049",
      "blockId": "fr_comprehension_inference",
      "grade": "5e",
      "lang": "fr",
      "primaryTag": "fr_comprehension_inference",
      "type": "MCQ",
      "difficulty": 3,
      "statement": "Question d’entraînement sur la notion « fr comprehension inference ».",
      "choices": [
        "Réponse correcte",
        "Distracteur 1",
        "Distracteur 2",
        "Distracteur 3"
      ],
      "answer": "Réponse correcte",
      "lessonRef": "definition",
      "explanation": "Cette question vérifie la compréhension de la notion.",
      "quality": {
        "status": "draft",
        "review": {
          "reviewedBy": null,
          "reviewedAt": null,
          "decision": null,
          "notes": null
        },
        "history": [
          {
            "at": "2025-12-27T00:00:00Z",
            "by": "import",
            "action": "created"
          }
        ],
        "deletedAt": null,
        "deletedBy": null
      }
    },
    {
      "schemaVersion": 1,
      "taxonomyVersion": "5e-1.0",
      "id": "q_fr_comprehension_inference_0050",
      "blockId": "fr_comprehension_inference",
      "grade": "5e",
      "lang": "fr",
      "primaryTag": "fr_comprehension_inference",
      "type": "MCQ",
      "difficulty": 1,
      "statement": "Question d’entraînement sur la notion « fr comprehension inference ».",
      "choices": [
        "Réponse correcte",
        "Distracteur 1",
        "Distracteur 2",
        "Distracteur 3"
      ],
      "answer": "Réponse correcte",
      "lessonRef": "definition",
      "explanation": "Cette question vérifie la compréhension de la notion.",
      "quality": {
        "status": "draft",
        "review": {
          "reviewedBy": null,
          "reviewedAt": null,
          "decision": null,
          "notes": null
        },
        "history": [
          {
            "at": "2025-12-27T00:00:00Z",
            "by": "import",
            "action": "created"
          }
        ],
        "deletedAt": null,
        "deletedBy": null
      }
    }
  ]
}