{
  "pack": {
    "schemaVersion": 1,
    "taxonomyVersion": "5e-1.0",
    "setId": "pack_fr_conjugaison_imparfait_50q_v1",
    "grade": "5e",
    "lang": "fr",
    "primaryTag": "fr_conjugaison_imparfait",
    "blockId": "fr_conjugaison_imparfait",
    "biomeId": "fr",
    "lessonTitle": "Rappel — fr conjugaison imparfait",
    "lesson": "# Rappel — fr_conjugaison_imparfait\n\n## Définition {#definition}\nÀ compléter.\n\n## Méthode {#methode}\nÀ compléter.\n\n## Exemples {#exemples}\nÀ compléter.\n\n## Pièges fréquents {#pieges}\nÀ compléter.\n",
    "createdAt": "2025-12-27T00:00:00Z"
  },
  "questions": [
    {
      "schemaVersion": 1,
      "taxonomyVersion": "5e-1.0",
      "id": "q_fr_conjugaison_imparfait_0001",
      "blockId": "fr_conjugaison_imparfait",
      "grade": "5e",
      "lang": "fr",
      "primaryTag": "fr_conjugaison_imparfait",
      "type": "MCQ",
      "difficulty": 2,
      "statement": "Question d’entraînement sur la notion « fr conjugaison imparfait ».",
      "choices": [
        "Réponse correcte",
        "Distracteur 1",
        "Distracteur 2",
        "Distracteur 3"
      ],
      "answer": "Réponse correcte",
      "lessonRef": "definition",
      "explanation": "Cette question vérifie la compréhension de la notion.",
      "quality": {
        "status": "draft",
        "review": {
          "reviewedBy": null,
          "reviewedAt": null,
          "decision": null,
          "notes": null
        },
        "history": [
          {
            "at": "2025-12-27T00:00:00Z",
            "by": "import",
            "action": "created"
          }
        ],
        "deletedAt": null,
        "deletedBy": null
      }
    },
    {
      "schemaVersion": 1,
      "taxonomyVersion": "5e-1.0",
      "id": "q_fr_conjugaison_imparfait_0002",
      "blockId": "fr_conjugaison_imparfait",
      "grade": "5e",
      "lang": "fr",
      "primaryTag": "fr_conjugaison_imparfait",
      "type": "MCQ",
      "difficulty": 3,
      "statement": "Question d’entraînement sur la notion « fr conjugaison imparfait ».",
      "choices": [
        "Réponse correcte",
        "Distracteur 1",
        "Distracteur 2",
        "Distracteur 3"
      ],
      "answer": "Réponse correcte",
      "lessonRef": "definition",
      "explanation": "Cette question vérifie la compréhension de la notion.",
      "quality": {
        "status": "draft",
        "review": {
          "reviewedBy": null,
          "reviewedAt": null,
          "decision": null,
          "notes": null
        },
        "history": [
          {
            "at": "2025-12-27T00:00:00Z",
            "by": "import",
            "action": "created"
          }
        ],
        "deletedAt": null,
        "deletedBy": null
      }
    },
    {
      "schemaVersion": 1,
      "taxonomyVersion": "5e-1.0",
      "id": "q_fr_conjugaison_imparfait_0003",
      "blockId": "fr_conjugaison_imparfait",
      "grade": "5e",
      "lang": "fr",
      "primaryTag": "fr_conjugaison_imparfait",
      "type": "MCQ",
      "difficulty": 3,
      "statement": "Question d’entraînement sur la notion « fr conjugaison imparfait ».",
      "choices": [
        "Réponse correcte",
        "Distracteur 1",
        "Distracteur 2",
        "Distracteur 3"
      ],
      "answer": "Réponse correcte",
      "lessonRef": "definition",
      "explanation": "Cette question vérifie la compréhension de la notion.",
      "quality": {
        "status": "draft",
        "review": {
          "reviewedBy": null,
          "reviewedAt": null,
          "decision": null,
          "notes": null
        },
        "history": [
          {
            "at": "2025-12-27T00:00:00Z",
            "by": "import",
            "action": "created"
          }
        ],
        "deletedAt": null,
        "deletedBy": null
      }
    },
    {
      "schemaVersion": 1,
      "taxonomyVersion": "5e-1.0",
      "id": "q_fr_conjugaison_imparfait_0004",
      "blockId": "fr_conjugaison_imparfait",
      "grade": "5e",
      "lang": "fr",
      "primaryTag": "fr_conjugaison_imparfait",
      "type": "MCQ",
      "difficulty": 1,
      "statement": "Question d’entraînement sur la notion « fr conjugaison imparfait ».",
      "choices": [
        "Réponse correcte",
        "Distracteur 1",
        "Distracteur 2",
        "Distracteur 3"
      ],
      "answer": "Réponse correcte",
      "lessonRef": "definition",
      "explanation": "Cette question vérifie la compréhension de la notion.",
      "quality": {
        "status": "draft",
        "review": {
          "reviewedBy": null,
          "reviewedAt": null,
          "decision": null,
          "notes": null
        },
        "history": [
          {
            "at": "2025-12-27T00:00:00Z",
            "by": "import",
            "action": "created"
          }
        ],
        "deletedAt": null,
        "deletedBy": null
      }
    },
    {
      "schemaVersion": 1,
      "taxonomyVersion": "5e-1.0",
      "id": "q_fr_conjugaison_imparfait_0005",
      "blockId": "fr_conjugaison_imparfait",
      "grade": "5e",
      "lang": "fr",
      "primaryTag": "fr_conjugaison_imparfait",
      "type": "MCQ",
      "difficulty": 1,
      "statement": "Question d’entraînement sur la notion « fr conjugaison imparfait ».",
      "choices": [
        "Réponse correcte",
        "Distracteur 1",
        "Distracteur 2",
        "Distracteur 3"
      ],
      "answer": "Réponse correcte",
      "lessonRef": "definition",
      "explanation": "Cette question vérifie la compréhension de la notion.",
      "quality": {
        "status": "draft",
        "review": {
          "reviewedBy": null,
          "reviewedAt": null,
          "decision": null,
          "notes": null
        },
        "history": [
          {
            "at": "2025-12-27T00:00:00Z",
            "by": "import",
            "action": "created"
          }
        ],
        "deletedAt": null,
        "deletedBy": null
      }
    },
    {
      "schemaVersion": 1,
      "taxonomyVersion": "5e-1.0",
      "id": "q_fr_conjugaison_imparfait_0006",
      "blockId": "fr_conjugaison_imparfait",
      "grade": "5e",
      "lang": "fr",
      "primaryTag": "fr_conjugaison_imparfait",
      "type": "MCQ",
      "difficulty": 1,
      "statement": "Question d’entraînement sur la notion « fr conjugaison imparfait ».",
      "choices": [
        "Réponse correcte",
        "Distracteur 1",
        "Distracteur 2",
        "Distracteur 3"
      ],
      "answer": "Réponse correcte",
      "lessonRef": "definition",
      "explanation": "Cette question vérifie la compréhension de la notion.",
      "quality": {
        "status": "draft",
        "review": {
          "reviewedBy": null,
          "reviewedAt": null,
          "decision": null,
          "notes": null
        },
        "history": [
          {
            "at": "2025-12-27T00:00:00Z",
            "by": "import",
            "action": "created"
          }
        ],
        "deletedAt": null,
        "deletedBy": null
      }
    },
    {
      "schemaVersion": 1,
      "taxonomyVersion": "5e-1.0",
      "id": "q_fr_conjugaison_imparfait_0007",
      "blockId": "fr_conjugaison_imparfait",
      "grade": "5e",
      "lang": "fr",
      "primaryTag": "fr_conjugaison_imparfait",
      "type": "MCQ",
      "difficulty": 2,
      "statement": "Question d’entraînement sur la notion « fr conjugaison imparfait ».",
      "choices": [
        "Réponse correcte",
        "Distracteur 1",
        "Distracteur 2",
        "Distracteur 3"
      ],
      "answer": "Réponse correcte",
      "lessonRef": "definition",
      "explanation": "Cette question vérifie la compréhension de la notion.",
      "quality": {
        "status": "draft",
        "review": {
          "reviewedBy": null,
          "reviewedAt": null,
          "decision": null,
          "notes": null
        },
        "history": [
          {
            "at": "2025-12-27T00:00:00Z",
            "by": "import",
            "action": "created"
          }
        ],
        "deletedAt": null,
        "deletedBy": null
      }
    },
    {
      "schemaVersion": 1,
      "taxonomyVersion": "5e-1.0",
      "id": "q_fr_conjugaison_imparfait_0008",
      "blockId": "fr_conjugaison_imparfait",
      "grade": "5e",
      "lang": "fr",
      "primaryTag": "fr_conjugaison_imparfait",
      "type": "MCQ",
      "difficulty": 2,
      "statement": "Question d’entraînement sur la notion « fr conjugaison imparfait ».",
      "choices": [
        "Réponse correcte",
        "Distracteur 1",
        "Distracteur 2",
        "Distracteur 3"
      ],
      "answer": "Réponse correcte",
      "lessonRef": "definition",
      "explanation": "Cette question vérifie la compréhension de la notion.",
      "quality": {
        "status": "draft",
        "review": {
          "reviewedBy": null,
          "reviewedAt": null,
          "decision": null,
          "notes": null
        },
        "history": [
          {
            "at": "2025-12-27T00:00:00Z",
            "by": "import",
            "action": "created"
          }
        ],
        "deletedAt": null,
        "deletedBy": null
      }
    },
    {
      "schemaVersion": 1,
      "taxonomyVersion": "5e-1.0",
      "id": "q_fr_conjugaison_imparfait_0009",
      "blockId": "fr_conjugaison_imparfait",
      "grade": "5e",
      "lang": "fr",
      "primaryTag": "fr_conjugaison_imparfait",
      "type": "MCQ",
      "difficulty": 1,
      "statement": "Question d’entraînement sur la notion « fr conjugaison imparfait ».",
      "choices": [
        "Réponse correcte",
        "Distracteur 1",
        "Distracteur 2",
        "Distracteur 3"
      ],
      "answer": "Réponse correcte",
      "lessonRef": "definition",
      "explanation": "Cette question vérifie la compréhension de la notion.",
      "quality": {
        "status": "draft",
        "review": {
          "reviewedBy": null,
          "reviewedAt": null,
          "decision": null,
          "notes": null
        },
        "history": [
          {
            "at": "2025-12-27T00:00:00Z",
            "by": "import",
            "action": "created"
          }
        ],
        "deletedAt": null,
        "deletedBy": null
      }
    },
    {
      "schemaVersion": 1,
      "taxonomyVersion": "5e-1.0",
      "id": "q_fr_conjugaison_imparfait_0010",
      "blockId": "fr_conjugaison_imparfait",
      "grade": "5e",
      "lang": "fr",
      "primaryTag": "fr_conjugaison_imparfait",
      "type": "MCQ",
      "difficulty": 1,
      "statement": "Question d’entraînement sur la notion « fr conjugaison imparfait ».",
      "choices": [
        "Réponse correcte",
        "Distracteur 1",
        "Distracteur 2",
        "Distracteur 3"
      ],
      "answer": "Réponse correcte",
      "lessonRef": "definition",
      "explanation": "Cette question vérifie la compréhension de la notion.",
      "quality": {
        "status": "draft",
        "review": {
          "reviewedBy": null,
          "reviewedAt": null,
          "decision": null,
          "notes": null
        },
        "history": [
          {
            "at": "2025-12-27T00:00:00Z",
            "by": "import",
            "action": "created"
          }
        ],
        "deletedAt": null,
        "deletedBy": null
      }
    },
    {
      "schemaVersion": 1,
      "taxonomyVersion": "5e-1.0",
      "id": "q_fr_conjugaison_imparfait_0011",
      "blockId": "fr_conjugaison_imparfait",
      "grade": "5e",
      "lang": "fr",
      "primaryTag": "fr_conjugaison_imparfait",
      "type": "MCQ",
      "difficulty": 2,
      "statement": "Question d’entraînement sur la notion « fr conjugaison imparfait ».",
      "choices": [
        "Réponse correcte",
        "Distracteur 1",
        "Distracteur 2",
        "Distracteur 3"
      ],
      "answer": "Réponse correcte",
      "lessonRef": "definition",
      "explanation": "Cette question vérifie la compréhension de la notion.",
      "quality": {
        "status": "draft",
        "review": {
          "reviewedBy": null,
          "reviewedAt": null,
          "decision": null,
          "notes": null
        },
        "history": [
          {
            "at": "2025-12-27T00:00:00Z",
            "by": "import",
            "action": "created"
          }
        ],
        "deletedAt": null,
        "deletedBy": null
      }
    },
    {
      "schemaVersion": 1,
      "taxonomyVersion": "5e-1.0",
      "id": "q_fr_conjugaison_imparfait_0012",
      "blockId": "fr_conjugaison_imparfait",
      "grade": "5e",
      "lang": "fr",
      "primaryTag": "fr_conjugaison_imparfait",
      "type": "MCQ",
      "difficulty": 2,
      "statement": "Question d’entraînement sur la notion « fr conjugaison imparfait ».",
      "choices": [
        "Réponse correcte",
        "Distracteur 1",
        "Distracteur 2",
        "Distracteur 3"
      ],
      "answer": "Réponse correcte",
      "lessonRef": "definition",
      "explanation": "Cette question vérifie la compréhension de la notion.",
      "quality": {
        "status": "draft",
        "review": {
          "reviewedBy": null,
          "reviewedAt": null,
          "decision": null,
          "notes": null
        },
        "history": [
          {
            "at": "2025-12-27T00:00:00Z",
            "by": "import",
            "action": "created"
          }
        ],
        "deletedAt": null,
        "deletedBy": null
      }
    },
    {
      "schemaVersion": 1,
      "taxonomyVersion": "5e-1.0",
      "id": "q_fr_conjugaison_imparfait_0013",
      "blockId": "fr_conjugaison_imparfait",
      "grade": "5e",
      "lang": "fr",
      "primaryTag": "fr_conjugaison_imparfait",
      "type": "MCQ",
      "difficulty": 2,
      "statement": "Question d’entraînement sur la notion « fr conjugaison imparfait ».",
      "choices": [
        "Réponse correcte",
        "Distracteur 1",
        "Distracteur 2",
        "Distracteur 3"
      ],
      "answer": "Réponse correcte",
      "lessonRef": "definition",
      "explanation": "Cette question vérifie la compréhension de la notion.",
      "quality": {
        "status": "draft",
        "review": {
          "reviewedBy": null,
          "reviewedAt": null,
          "decision": null,
          "notes": null
        },
        "history": [
          {
            "at": "2025-12-27T00:00:00Z",
            "by": "import",
            "action": "created"
          }
        ],
        "deletedAt": null,
        "deletedBy": null
      }
    },
    {
      "schemaVersion": 1,
      "taxonomyVersion": "5e-1.0",
      "id": "q_fr_conjugaison_imparfait_0014",
      "blockId": "fr_conjugaison_imparfait",
      "grade": "5e",
      "lang": "fr",
      "primaryTag": "fr_conjugaison_imparfait",
      "type": "MCQ",
      "difficulty": 1,
      "statement": "Question d’entraînement sur la notion « fr conjugaison imparfait ».",
      "choices": [
        "Réponse correcte",
        "Distracteur 1",
        "Distracteur 2",
        "Distracteur 3"
      ],
      "answer": "Réponse correcte",
      "lessonRef": "definition",
      "explanation": "Cette question vérifie la compréhension de la notion.",
      "quality": {
        "status": "draft",
        "review": {
          "reviewedBy": null,
          "reviewedAt": null,
          "decision": null,
          "notes": null
        },
        "history": [
          {
            "at": "2025-12-27T00:00:00Z",
            "by": "import",
            "action": "created"
          }
        ],
        "deletedAt": null,
        "deletedBy": null
      }
    },
    {
      "schemaVersion": 1,
      "taxonomyVersion": "5e-1.0",
      "id": "q_fr_conjugaison_imparfait_0015",
      "blockId": "fr_conjugaison_imparfait",
      "grade": "5e",
      "lang": "fr",
      "primaryTag": "fr_conjugaison_imparfait",
      "type": "MCQ",
      "difficulty": 3,
      "statement": "Question d’entraînement sur la notion « fr conjugaison imparfait ».",
      "choices": [
        "Réponse correcte",
        "Distracteur 1",
        "Distracteur 2",
        "Distracteur 3"
      ],
      "answer": "Réponse correcte",
      "lessonRef": "definition",
      "explanation": "Cette question vérifie la compréhension de la notion.",
      "quality": {
        "status": "draft",
        "review": {
          "reviewedBy": null,
          "reviewedAt": null,
          "decision": null,
          "notes": null
        },
        "history": [
          {
            "at": "2025-12-27T00:00:00Z",
            "by": "import",
            "action": "created"
          }
        ],
        "deletedAt": null,
        "deletedBy": null
      }
    },
    {
      "schemaVersion": 1,
      "taxonomyVersion": "5e-1.0",
      "id": "q_fr_conjugaison_imparfait_0016",
      "blockId": "fr_conjugaison_imparfait",
      "grade": "5e",
      "lang": "fr",
      "primaryTag": "fr_conjugaison_imparfait",
      "type": "MCQ",
      "difficulty": 2,
      "statement": "Question d’entraînement sur la notion « fr conjugaison imparfait ».",
      "choices": [
        "Réponse correcte",
        "Distracteur 1",
        "Distracteur 2",
        "Distracteur 3"
      ],
      "answer": "Réponse correcte",
      "lessonRef": "definition",
      "explanation": "Cette question vérifie la compréhension de la notion.",
      "quality": {
        "status": "draft",
        "review": {
          "reviewedBy": null,
          "reviewedAt": null,
          "decision": null,
          "notes": null
        },
        "history": [
          {
            "at": "2025-12-27T00:00:00Z",
            "by": "import",
            "action": "created"
          }
        ],
        "deletedAt": null,
        "deletedBy": null
      }
    },
    {
      "schemaVersion": 1,
      "taxonomyVersion": "5e-1.0",
      "id": "q_fr_conjugaison_imparfait_0017",
      "blockId": "fr_conjugaison_imparfait",
      "grade": "5e",
      "lang": "fr",
      "primaryTag": "fr_conjugaison_imparfait",
      "type": "MCQ",
      "difficulty": 3,
      "statement": "Question d’entraînement sur la notion « fr conjugaison imparfait ».",
      "choices": [
        "Réponse correcte",
        "Distracteur 1",
        "Distracteur 2",
        "Distracteur 3"
      ],
      "answer": "Réponse correcte",
      "lessonRef": "definition",
      "explanation": "Cette question vérifie la compréhension de la notion.",
      "quality": {
        "status": "draft",
        "review": {
          "reviewedBy": null,
          "reviewedAt": null,
          "decision": null,
          "notes": null
        },
        "history": [
          {
            "at": "2025-12-27T00:00:00Z",
            "by": "import",
            "action": "created"
          }
        ],
        "deletedAt": null,
        "deletedBy": null
      }
    },
    {
      "schemaVersion": 1,
      "taxonomyVersion": "5e-1.0",
      "id": "q_fr_conjugaison_imparfait_0018",
      "blockId": "fr_conjugaison_imparfait",
      "grade": "5e",
      "lang": "fr",
      "primaryTag": "fr_conjugaison_imparfait",
      "type": "MCQ",
      "difficulty": 3,
      "statement": "Question d’entraînement sur la notion « fr conjugaison imparfait ».",
      "choices": [
        "Réponse correcte",
        "Distracteur 1",
        "Distracteur 2",
        "Distracteur 3"
      ],
      "answer": "Réponse correcte",
      "lessonRef": "definition",
      "explanation": "Cette question vérifie la compréhension de la notion.",
      "quality": {
        "status": "draft",
        "review": {
          "reviewedBy": null,
          "reviewedAt": null,
          "decision": null,
          "notes": null
        },
        "history": [
          {
            "at": "2025-12-27T00:00:00Z",
            "by": "import",
            "action": "created"
          }
        ],
        "deletedAt": null,
        "deletedBy": null
      }
    },
    {
      "schemaVersion": 1,
      "taxonomyVersion": "5e-1.0",
      "id": "q_fr_conjugaison_imparfait_0019",
      "blockId": "fr_conjugaison_imparfait",
      "grade": "5e",
      "lang": "fr",
      "primaryTag": "fr_conjugaison_imparfait",
      "type": "MCQ",
      "difficulty": 2,
      "statement": "Question d’entraînement sur la notion « fr conjugaison imparfait ».",
      "choices": [
        "Réponse correcte",
        "Distracteur 1",
        "Distracteur 2",
        "Distracteur 3"
      ],
      "answer": "Réponse correcte",
      "lessonRef": "definition",
      "explanation": "Cette question vérifie la compréhension de la notion.",
      "quality": {
        "status": "draft",
        "review": {
          "reviewedBy": null,
          "reviewedAt": null,
          "decision": null,
          "notes": null
        },
        "history": [
          {
            "at": "2025-12-27T00:00:00Z",
            "by": "import",
            "action": "created"
          }
        ],
        "deletedAt": null,
        "deletedBy": null
      }
    },
    {
      "schemaVersion": 1,
      "taxonomyVersion": "5e-1.0",
      "id": "q_fr_conjugaison_imparfait_0020",
      "blockId": "fr_conjugaison_imparfait",
      "grade": "5e",
      "lang": "fr",
      "primaryTag": "fr_conjugaison_imparfait",
      "type": "MCQ",
      "difficulty": 3,
      "statement": "Question d’entraînement sur la notion « fr conjugaison imparfait ».",
      "choices": [
        "Réponse correcte",
        "Distracteur 1",
        "Distracteur 2",
        "Distracteur 3"
      ],
      "answer": "Réponse correcte",
      "lessonRef": "definition",
      "explanation": "Cette question vérifie la compréhension de la notion.",
      "quality": {
        "status": "draft",
        "review": {
          "reviewedBy": null,
          "reviewedAt": null,
          "decision": null,
          "notes": null
        },
        "history": [
          {
            "at": "2025-12-27T00:00:00Z",
            "by": "import",
            "action": "created"
          }
        ],
        "deletedAt": null,
        "deletedBy": null
      }
    },
    {
      "schemaVersion": 1,
      "taxonomyVersion": "5e-1.0",
      "id": "q_fr_conjugaison_imparfait_0021",
      "blockId": "fr_conjugaison_imparfait",
      "grade": "5e",
      "lang": "fr",
      "primaryTag": "fr_conjugaison_imparfait",
      "type": "MCQ",
      "difficulty": 3,
      "statement": "Question d’entraînement sur la notion « fr conjugaison imparfait ».",
      "choices": [
        "Réponse correcte",
        "Distracteur 1",
        "Distracteur 2",
        "Distracteur 3"
      ],
      "answer": "Réponse correcte",
      "lessonRef": "definition",
      "explanation": "Cette question vérifie la compréhension de la notion.",
      "quality": {
        "status": "draft",
        "review": {
          "reviewedBy": null,
          "reviewedAt": null,
          "decision": null,
          "notes": null
        },
        "history": [
          {
            "at": "2025-12-27T00:00:00Z",
            "by": "import",
            "action": "created"
          }
        ],
        "deletedAt": null,
        "deletedBy": null
      }
    },
    {
      "schemaVersion": 1,
      "taxonomyVersion": "5e-1.0",
      "id": "q_fr_conjugaison_imparfait_0022",
      "blockId": "fr_conjugaison_imparfait",
      "grade": "5e",
      "lang": "fr",
      "primaryTag": "fr_conjugaison_imparfait",
      "type": "MCQ",
      "difficulty": 3,
      "statement": "Question d’entraînement sur la notion « fr conjugaison imparfait ».",
      "choices": [
        "Réponse correcte",
        "Distracteur 1",
        "Distracteur 2",
        "Distracteur 3"
      ],
      "answer": "Réponse correcte",
      "lessonRef": "definition",
      "explanation": "Cette question vérifie la compréhension de la notion.",
      "quality": {
        "status": "draft",
        "review": {
          "reviewedBy": null,
          "reviewedAt": null,
          "decision": null,
          "notes": null
        },
        "history": [
          {
            "at": "2025-12-27T00:00:00Z",
            "by": "import",
            "action": "created"
          }
        ],
        "deletedAt": null,
        "deletedBy": null
      }
    },
    {
      "schemaVersion": 1,
      "taxonomyVersion": "5e-1.0",
      "id": "q_fr_conjugaison_imparfait_0023",
      "blockId": "fr_conjugaison_imparfait",
      "grade": "5e",
      "lang": "fr",
      "primaryTag": "fr_conjugaison_imparfait",
      "type": "MCQ",
      "difficulty": 1,
      "statement": "Question d’entraînement sur la notion « fr conjugaison imparfait ».",
      "choices": [
        "Réponse correcte",
        "Distracteur 1",
        "Distracteur 2",
        "Distracteur 3"
      ],
      "answer": "Réponse correcte",
      "lessonRef": "definition",
      "explanation": "Cette question vérifie la compréhension de la notion.",
      "quality": {
        "status": "draft",
        "review": {
          "reviewedBy": null,
          "reviewedAt": null,
          "decision": null,
          "notes": null
        },
        "history": [
          {
            "at": "2025-12-27T00:00:00Z",
            "by": "import",
            "action": "created"
          }
        ],
        "deletedAt": null,
        "deletedBy": null
      }
    },
    {
      "schemaVersion": 1,
      "taxonomyVersion": "5e-1.0",
      "id": "q_fr_conjugaison_imparfait_0024",
      "blockId": "fr_conjugaison_imparfait",
      "grade": "5e",
      "lang": "fr",
      "primaryTag": "fr_conjugaison_imparfait",
      "type": "MCQ",
      "difficulty": 3,
      "statement": "Question d’entraînement sur la notion « fr conjugaison imparfait ».",
      "choices": [
        "Réponse correcte",
        "Distracteur 1",
        "Distracteur 2",
        "Distracteur 3"
      ],
      "answer": "Réponse correcte",
      "lessonRef": "definition",
      "explanation": "Cette question vérifie la compréhension de la notion.",
      "quality": {
        "status": "draft",
        "review": {
          "reviewedBy": null,
          "reviewedAt": null,
          "decision": null,
          "notes": null
        },
        "history": [
          {
            "at": "2025-12-27T00:00:00Z",
            "by": "import",
            "action": "created"
          }
        ],
        "deletedAt": null,
        "deletedBy": null
      }
    },
    {
      "schemaVersion": 1,
      "taxonomyVersion": "5e-1.0",
      "id": "q_fr_conjugaison_imparfait_0025",
      "blockId": "fr_conjugaison_imparfait",
      "grade": "5e",
      "lang": "fr",
      "primaryTag": "fr_conjugaison_imparfait",
      "type": "MCQ",
      "difficulty": 2,
      "statement": "Question d’entraînement sur la notion « fr conjugaison imparfait ».",
      "choices": [
        "Réponse correcte",
        "Distracteur 1",
        "Distracteur 2",
        "Distracteur 3"
      ],
      "answer": "Réponse correcte",
      "lessonRef": "definition",
      "explanation": "Cette question vérifie la compréhension de la notion.",
      "quality": {
        "status": "draft",
        "review": {
          "reviewedBy": null,
          "reviewedAt": null,
          "decision": null,
          "notes": null
        },
        "history": [
          {
            "at": "2025-12-27T00:00:00Z",
            "by": "import",
            "action": "created"
          }
        ],
        "deletedAt": null,
        "deletedBy": null
      }
    },
    {
      "schemaVersion": 1,
      "taxonomyVersion": "5e-1.0",
      "id": "q_fr_conjugaison_imparfait_0026",
      "blockId": "fr_conjugaison_imparfait",
      "grade": "5e",
      "lang": "fr",
      "primaryTag": "fr_conjugaison_imparfait",
      "type": "MCQ",
      "difficulty": 1,
      "statement": "Question d’entraînement sur la notion « fr conjugaison imparfait ».",
      "choices": [
        "Réponse correcte",
        "Distracteur 1",
        "Distracteur 2",
        "Distracteur 3"
      ],
      "answer": "Réponse correcte",
      "lessonRef": "definition",
      "explanation": "Cette question vérifie la compréhension de la notion.",
      "quality": {
        "status": "draft",
        "review": {
          "reviewedBy": null,
          "reviewedAt": null,
          "decision": null,
          "notes": null
        },
        "history": [
          {
            "at": "2025-12-27T00:00:00Z",
            "by": "import",
            "action": "created"
          }
        ],
        "deletedAt": null,
        "deletedBy": null
      }
    },
    {
      "schemaVersion": 1,
      "taxonomyVersion": "5e-1.0",
      "id": "q_fr_conjugaison_imparfait_0027",
      "blockId": "fr_conjugaison_imparfait",
      "grade": "5e",
      "lang": "fr",
      "primaryTag": "fr_conjugaison_imparfait",
      "type": "MCQ",
      "difficulty": 1,
      "statement": "Question d’entraînement sur la notion « fr conjugaison imparfait ».",
      "choices": [
        "Réponse correcte",
        "Distracteur 1",
        "Distracteur 2",
        "Distracteur 3"
      ],
      "answer": "Réponse correcte",
      "lessonRef": "definition",
      "explanation": "Cette question vérifie la compréhension de la notion.",
      "quality": {
        "status": "draft",
        "review": {
          "reviewedBy": null,
          "reviewedAt": null,
          "decision": null,
          "notes": null
        },
        "history": [
          {
            "at": "2025-12-27T00:00:00Z",
            "by": "import",
            "action": "created"
          }
        ],
        "deletedAt": null,
        "deletedBy": null
      }
    },
    {
      "schemaVersion": 1,
      "taxonomyVersion": "5e-1.0",
      "id": "q_fr_conjugaison_imparfait_0028",
      "blockId": "fr_conjugaison_imparfait",
      "grade": "5e",
      "lang": "fr",
      "primaryTag": "fr_conjugaison_imparfait",
      "type": "MCQ",
      "difficulty": 3,
      "statement": "Question d’entraînement sur la notion « fr conjugaison imparfait ».",
      "choices": [
        "Réponse correcte",
        "Distracteur 1",
        "Distracteur 2",
        "Distracteur 3"
      ],
      "answer": "Réponse correcte",
      "lessonRef": "definition",
      "explanation": "Cette question vérifie la compréhension de la notion.",
      "quality": {
        "status": "draft",
        "review": {
          "reviewedBy": null,
          "reviewedAt": null,
          "decision": null,
          "notes": null
        },
        "history": [
          {
            "at": "2025-12-27T00:00:00Z",
            "by": "import",
            "action": "created"
          }
        ],
        "deletedAt": null,
        "deletedBy": null
      }
    },
    {
      "schemaVersion": 1,
      "taxonomyVersion": "5e-1.0",
      "id": "q_fr_conjugaison_imparfait_0029",
      "blockId": "fr_conjugaison_imparfait",
      "grade": "5e",
      "lang": "fr",
      "primaryTag": "fr_conjugaison_imparfait",
      "type": "MCQ",
      "difficulty": 2,
      "statement": "Question d’entraînement sur la notion « fr conjugaison imparfait ».",
      "choices": [
        "Réponse correcte",
        "Distracteur 1",
        "Distracteur 2",
        "Distracteur 3"
      ],
      "answer": "Réponse correcte",
      "lessonRef": "definition",
      "explanation": "Cette question vérifie la compréhension de la notion.",
      "quality": {
        "status": "draft",
        "review": {
          "reviewedBy": null,
          "reviewedAt": null,
          "decision": null,
          "notes": null
        },
        "history": [
          {
            "at": "2025-12-27T00:00:00Z",
            "by": "import",
            "action": "created"
          }
        ],
        "deletedAt": null,
        "deletedBy": null
      }
    },
    {
      "schemaVersion": 1,
      "taxonomyVersion": "5e-1.0",
      "id": "q_fr_conjugaison_imparfait_0030",
      "blockId": "fr_conjugaison_imparfait",
      "grade": "5e",
      "lang": "fr",
      "primaryTag": "fr_conjugaison_imparfait",
      "type": "MCQ",
      "difficulty": 3,
      "statement": "Question d’entraînement sur la notion « fr conjugaison imparfait ».",
      "choices": [
        "Réponse correcte",
        "Distracteur 1",
        "Distracteur 2",
        "Distracteur 3"
      ],
      "answer": "Réponse correcte",
      "lessonRef": "definition",
      "explanation": "Cette question vérifie la compréhension de la notion.",
      "quality": {
        "status": "draft",
        "review": {
          "reviewedBy": null,
          "reviewedAt": null,
          "decision": null,
          "notes": null
        },
        "history": [
          {
            "at": "2025-12-27T00:00:00Z",
            "by": "import",
            "action": "created"
          }
        ],
        "deletedAt": null,
        "deletedBy": null
      }
    },
    {
      "schemaVersion": 1,
      "taxonomyVersion": "5e-1.0",
      "id": "q_fr_conjugaison_imparfait_0031",
      "blockId": "fr_conjugaison_imparfait",
      "grade": "5e",
      "lang": "fr",
      "primaryTag": "fr_conjugaison_imparfait",
      "type": "MCQ",
      "difficulty": 3,
      "statement": "Question d’entraînement sur la notion « fr conjugaison imparfait ».",
      "choices": [
        "Réponse correcte",
        "Distracteur 1",
        "Distracteur 2",
        "Distracteur 3"
      ],
      "answer": "Réponse correcte",
      "lessonRef": "definition",
      "explanation": "Cette question vérifie la compréhension de la notion.",
      "quality": {
        "status": "draft",
        "review": {
          "reviewedBy": null,
          "reviewedAt": null,
          "decision": null,
          "notes": null
        },
        "history": [
          {
            "at": "2025-12-27T00:00:00Z",
            "by": "import",
            "action": "created"
          }
        ],
        "deletedAt": null,
        "deletedBy": null
      }
    },
    {
      "schemaVersion": 1,
      "taxonomyVersion": "5e-1.0",
      "id": "q_fr_conjugaison_imparfait_0032",
      "blockId": "fr_conjugaison_imparfait",
      "grade": "5e",
      "lang": "fr",
      "primaryTag": "fr_conjugaison_imparfait",
      "type": "MCQ",
      "difficulty": 3,
      "statement": "Question d’entraînement sur la notion « fr conjugaison imparfait ».",
      "choices": [
        "Réponse correcte",
        "Distracteur 1",
        "Distracteur 2",
        "Distracteur 3"
      ],
      "answer": "Réponse correcte",
      "lessonRef": "definition",
      "explanation": "Cette question vérifie la compréhension de la notion.",
      "quality": {
        "status": "draft",
        "review": {
          "reviewedBy": null,
          "reviewedAt": null,
          "decision": null,
          "notes": null
        },
        "history": [
          {
            "at": "2025-12-27T00:00:00Z",
            "by": "import",
            "action": "created"
          }
        ],
        "deletedAt": null,
        "deletedBy": null
      }
    },
    {
      "schemaVersion": 1,
      "taxonomyVersion": "5e-1.0",
      "id": "q_fr_conjugaison_imparfait_0033",
      "blockId": "fr_conjugaison_imparfait",
      "grade": "5e",
      "lang": "fr",
      "primaryTag": "fr_conjugaison_imparfait",
      "type": "MCQ",
      "difficulty": 2,
      "statement": "Question d’entraînement sur la notion « fr conjugaison imparfait ».",
      "choices": [
        "Réponse correcte",
        "Distracteur 1",
        "Distracteur 2",
        "Distracteur 3"
      ],
      "answer": "Réponse correcte",
      "lessonRef": "definition",
      "explanation": "Cette question vérifie la compréhension de la notion.",
      "quality": {
        "status": "draft",
        "review": {
          "reviewedBy": null,
          "reviewedAt": null,
          "decision": null,
          "notes": null
        },
        "history": [
          {
            "at": "2025-12-27T00:00:00Z",
            "by": "import",
            "action": "created"
          }
        ],
        "deletedAt": null,
        "deletedBy": null
      }
    },
    {
      "schemaVersion": 1,
      "taxonomyVersion": "5e-1.0",
      "id": "q_fr_conjugaison_imparfait_0034",
      "blockId": "fr_conjugaison_imparfait",
      "grade": "5e",
      "lang": "fr",
      "primaryTag": "fr_conjugaison_imparfait",
      "type": "MCQ",
      "difficulty": 2,
      "statement": "Question d’entraînement sur la notion « fr conjugaison imparfait ».",
      "choices": [
        "Réponse correcte",
        "Distracteur 1",
        "Distracteur 2",
        "Distracteur 3"
      ],
      "answer": "Réponse correcte",
      "lessonRef": "definition",
      "explanation": "Cette question vérifie la compréhension de la notion.",
      "quality": {
        "status": "draft",
        "review": {
          "reviewedBy": null,
          "reviewedAt": null,
          "decision": null,
          "notes": null
        },
        "history": [
          {
            "at": "2025-12-27T00:00:00Z",
            "by": "import",
            "action": "created"
          }
        ],
        "deletedAt": null,
        "deletedBy": null
      }
    },
    {
      "schemaVersion": 1,
      "taxonomyVersion": "5e-1.0",
      "id": "q_fr_conjugaison_imparfait_0035",
      "blockId": "fr_conjugaison_imparfait",
      "grade": "5e",
      "lang": "fr",
      "primaryTag": "fr_conjugaison_imparfait",
      "type": "MCQ",
      "difficulty": 1,
      "statement": "Question d’entraînement sur la notion « fr conjugaison imparfait ».",
      "choices": [
        "Réponse correcte",
        "Distracteur 1",
        "Distracteur 2",
        "Distracteur 3"
      ],
      "answer": "Réponse correcte",
      "lessonRef": "definition",
      "explanation": "Cette question vérifie la compréhension de la notion.",
      "quality": {
        "status": "draft",
        "review": {
          "reviewedBy": null,
          "reviewedAt": null,
          "decision": null,
          "notes": null
        },
        "history": [
          {
            "at": "2025-12-27T00:00:00Z",
            "by": "import",
            "action": "created"
          }
        ],
        "deletedAt": null,
        "deletedBy": null
      }
    },
    {
      "schemaVersion": 1,
      "taxonomyVersion": "5e-1.0",
      "id": "q_fr_conjugaison_imparfait_0036",
      "blockId": "fr_conjugaison_imparfait",
      "grade": "5e",
      "lang": "fr",
      "primaryTag": "fr_conjugaison_imparfait",
      "type": "MCQ",
      "difficulty": 3,
      "statement": "Question d’entraînement sur la notion « fr conjugaison imparfait ».",
      "choices": [
        "Réponse correcte",
        "Distracteur 1",
        "Distracteur 2",
        "Distracteur 3"
      ],
      "answer": "Réponse correcte",
      "lessonRef": "definition",
      "explanation": "Cette question vérifie la compréhension de la notion.",
      "quality": {
        "status": "draft",
        "review": {
          "reviewedBy": null,
          "reviewedAt": null,
          "decision": null,
          "notes": null
        },
        "history": [
          {
            "at": "2025-12-27T00:00:00Z",
            "by": "import",
            "action": "created"
          }
        ],
        "deletedAt": null,
        "deletedBy": null
      }
    },
    {
      "schemaVersion": 1,
      "taxonomyVersion": "5e-1.0",
      "id": "q_fr_conjugaison_imparfait_0037",
      "blockId": "fr_conjugaison_imparfait",
      "grade": "5e",
      "lang": "fr",
      "primaryTag": "fr_conjugaison_imparfait",
      "type": "MCQ",
      "difficulty": 3,
      "statement": "Question d’entraînement sur la notion « fr conjugaison imparfait ».",
      "choices": [
        "Réponse correcte",
        "Distracteur 1",
        "Distracteur 2",
        "Distracteur 3"
      ],
      "answer": "Réponse correcte",
      "lessonRef": "definition",
      "explanation": "Cette question vérifie la compréhension de la notion.",
      "quality": {
        "status": "draft",
        "review": {
          "reviewedBy": null,
          "reviewedAt": null,
          "decision": null,
          "notes": null
        },
        "history": [
          {
            "at": "2025-12-27T00:00:00Z",
            "by": "import",
            "action": "created"
          }
        ],
        "deletedAt": null,
        "deletedBy": null
      }
    },
    {
      "schemaVersion": 1,
      "taxonomyVersion": "5e-1.0",
      "id": "q_fr_conjugaison_imparfait_0038",
      "blockId": "fr_conjugaison_imparfait",
      "grade": "5e",
      "lang": "fr",
      "primaryTag": "fr_conjugaison_imparfait",
      "type": "MCQ",
      "difficulty": 1,
      "statement": "Question d’entraînement sur la notion « fr conjugaison imparfait ».",
      "choices": [
        "Réponse correcte",
        "Distracteur 1",
        "Distracteur 2",
        "Distracteur 3"
      ],
      "answer": "Réponse correcte",
      "lessonRef": "definition",
      "explanation": "Cette question vérifie la compréhension de la notion.",
      "quality": {
        "status": "draft",
        "review": {
          "reviewedBy": null,
          "reviewedAt": null,
          "decision": null,
          "notes": null
        },
        "history": [
          {
            "at": "2025-12-27T00:00:00Z",
            "by": "import",
            "action": "created"
          }
        ],
        "deletedAt": null,
        "deletedBy": null
      }
    },
    {
      "schemaVersion": 1,
      "taxonomyVersion": "5e-1.0",
      "id": "q_fr_conjugaison_imparfait_0039",
      "blockId": "fr_conjugaison_imparfait",
      "grade": "5e",
      "lang": "fr",
      "primaryTag": "fr_conjugaison_imparfait",
      "type": "MCQ",
      "difficulty": 2,
      "statement": "Question d’entraînement sur la notion « fr conjugaison imparfait ».",
      "choices": [
        "Réponse correcte",
        "Distracteur 1",
        "Distracteur 2",
        "Distracteur 3"
      ],
      "answer": "Réponse correcte",
      "lessonRef": "definition",
      "explanation": "Cette question vérifie la compréhension de la notion.",
      "quality": {
        "status": "draft",
        "review": {
          "reviewedBy": null,
          "reviewedAt": null,
          "decision": null,
          "notes": null
        },
        "history": [
          {
            "at": "2025-12-27T00:00:00Z",
            "by": "import",
            "action": "created"
          }
        ],
        "deletedAt": null,
        "deletedBy": null
      }
    },
    {
      "schemaVersion": 1,
      "taxonomyVersion": "5e-1.0",
      "id": "q_fr_conjugaison_imparfait_0040",
      "blockId": "fr_conjugaison_imparfait",
      "grade": "5e",
      "lang": "fr",
      "primaryTag": "fr_conjugaison_imparfait",
      "type": "MCQ",
      "difficulty": 3,
      "statement": "Question d’entraînement sur la notion « fr conjugaison imparfait ».",
      "choices": [
        "Réponse correcte",
        "Distracteur 1",
        "Distracteur 2",
        "Distracteur 3"
      ],
      "answer": "Réponse correcte",
      "lessonRef": "definition",
      "explanation": "Cette question vérifie la compréhension de la notion.",
      "quality": {
        "status": "draft",
        "review": {
          "reviewedBy": null,
          "reviewedAt": null,
          "decision": null,
          "notes": null
        },
        "history": [
          {
            "at": "2025-12-27T00:00:00Z",
            "by": "import",
            "action": "created"
          }
        ],
        "deletedAt": null,
        "deletedBy": null
      }
    },
    {
      "schemaVersion": 1,
      "taxonomyVersion": "5e-1.0",
      "id": "q_fr_conjugaison_imparfait_0041",
      "blockId": "fr_conjugaison_imparfait",
      "grade": "5e",
      "lang": "fr",
      "primaryTag": "fr_conjugaison_imparfait",
      "type": "MCQ",
      "difficulty": 2,
      "statement": "Question d’entraînement sur la notion « fr conjugaison imparfait ».",
      "choices": [
        "Réponse correcte",
        "Distracteur 1",
        "Distracteur 2",
        "Distracteur 3"
      ],
      "answer": "Réponse correcte",
      "lessonRef": "definition",
      "explanation": "Cette question vérifie la compréhension de la notion.",
      "quality": {
        "status": "draft",
        "review": {
          "reviewedBy": null,
          "reviewedAt": null,
          "decision": null,
          "notes": null
        },
        "history": [
          {
            "at": "2025-12-27T00:00:00Z",
            "by": "import",
            "action": "created"
          }
        ],
        "deletedAt": null,
        "deletedBy": null
      }
    },
    {
      "schemaVersion": 1,
      "taxonomyVersion": "5e-1.0",
      "id": "q_fr_conjugaison_imparfait_0042",
      "blockId": "fr_conjugaison_imparfait",
      "grade": "5e",
      "lang": "fr",
      "primaryTag": "fr_conjugaison_imparfait",
      "type": "MCQ",
      "difficulty": 3,
      "statement": "Question d’entraînement sur la notion « fr conjugaison imparfait ».",
      "choices": [
        "Réponse correcte",
        "Distracteur 1",
        "Distracteur 2",
        "Distracteur 3"
      ],
      "answer": "Réponse correcte",
      "lessonRef": "definition",
      "explanation": "Cette question vérifie la compréhension de la notion.",
      "quality": {
        "status": "draft",
        "review": {
          "reviewedBy": null,
          "reviewedAt": null,
          "decision": null,
          "notes": null
        },
        "history": [
          {
            "at": "2025-12-27T00:00:00Z",
            "by": "import",
            "action": "created"
          }
        ],
        "deletedAt": null,
        "deletedBy": null
      }
    },
    {
      "schemaVersion": 1,
      "taxonomyVersion": "5e-1.0",
      "id": "q_fr_conjugaison_imparfait_0043",
      "blockId": "fr_conjugaison_imparfait",
      "grade": "5e",
      "lang": "fr",
      "primaryTag": "fr_conjugaison_imparfait",
      "type": "MCQ",
      "difficulty": 1,
      "statement": "Question d’entraînement sur la notion « fr conjugaison imparfait ».",
      "choices": [
        "Réponse correcte",
        "Distracteur 1",
        "Distracteur 2",
        "Distracteur 3"
      ],
      "answer": "Réponse correcte",
      "lessonRef": "definition",
      "explanation": "Cette question vérifie la compréhension de la notion.",
      "quality": {
        "status": "draft",
        "review": {
          "reviewedBy": null,
          "reviewedAt": null,
          "decision": null,
          "notes": null
        },
        "history": [
          {
            "at": "2025-12-27T00:00:00Z",
            "by": "import",
            "action": "created"
          }
        ],
        "deletedAt": null,
        "deletedBy": null
      }
    },
    {
      "schemaVersion": 1,
      "taxonomyVersion": "5e-1.0",
      "id": "q_fr_conjugaison_imparfait_0044",
      "blockId": "fr_conjugaison_imparfait",
      "grade": "5e",
      "lang": "fr",
      "primaryTag": "fr_conjugaison_imparfait",
      "type": "MCQ",
      "difficulty": 3,
      "statement": "Question d’entraînement sur la notion « fr conjugaison imparfait ».",
      "choices": [
        "Réponse correcte",
        "Distracteur 1",
        "Distracteur 2",
        "Distracteur 3"
      ],
      "answer": "Réponse correcte",
      "lessonRef": "definition",
      "explanation": "Cette question vérifie la compréhension de la notion.",
      "quality": {
        "status": "draft",
        "review": {
          "reviewedBy": null,
          "reviewedAt": null,
          "decision": null,
          "notes": null
        },
        "history": [
          {
            "at": "2025-12-27T00:00:00Z",
            "by": "import",
            "action": "created"
          }
        ],
        "deletedAt": null,
        "deletedBy": null
      }
    },
    {
      "schemaVersion": 1,
      "taxonomyVersion": "5e-1.0",
      "id": "q_fr_conjugaison_imparfait_0045",
      "blockId": "fr_conjugaison_imparfait",
      "grade": "5e",
      "lang": "fr",
      "primaryTag": "fr_conjugaison_imparfait",
      "type": "MCQ",
      "difficulty": 3,
      "statement": "Question d’entraînement sur la notion « fr conjugaison imparfait ».",
      "choices": [
        "Réponse correcte",
        "Distracteur 1",
        "Distracteur 2",
        "Distracteur 3"
      ],
      "answer": "Réponse correcte",
      "lessonRef": "definition",
      "explanation": "Cette question vérifie la compréhension de la notion.",
      "quality": {
        "status": "draft",
        "review": {
          "reviewedBy": null,
          "reviewedAt": null,
          "decision": null,
          "notes": null
        },
        "history": [
          {
            "at": "2025-12-27T00:00:00Z",
            "by": "import",
            "action": "created"
          }
        ],
        "deletedAt": null,
        "deletedBy": null
      }
    },
    {
      "schemaVersion": 1,
      "taxonomyVersion": "5e-1.0",
      "id": "q_fr_conjugaison_imparfait_0046",
      "blockId": "fr_conjugaison_imparfait",
      "grade": "5e",
      "lang": "fr",
      "primaryTag": "fr_conjugaison_imparfait",
      "type": "MCQ",
      "difficulty": 1,
      "statement": "Question d’entraînement sur la notion « fr conjugaison imparfait ».",
      "choices": [
        "Réponse correcte",
        "Distracteur 1",
        "Distracteur 2",
        "Distracteur 3"
      ],
      "answer": "Réponse correcte",
      "lessonRef": "definition",
      "explanation": "Cette question vérifie la compréhension de la notion.",
      "quality": {
        "status": "draft",
        "review": {
          "reviewedBy": null,
          "reviewedAt": null,
          "decision": null,
          "notes": null
        },
        "history": [
          {
            "at": "2025-12-27T00:00:00Z",
            "by": "import",
            "action": "created"
          }
        ],
        "deletedAt": null,
        "deletedBy": null
      }
    },
    {
      "schemaVersion": 1,
      "taxonomyVersion": "5e-1.0",
      "id": "q_fr_conjugaison_imparfait_0047",
      "blockId": "fr_conjugaison_imparfait",
      "grade": "5e",
      "lang": "fr",
      "primaryTag": "fr_conjugaison_imparfait",
      "type": "MCQ",
      "difficulty": 2,
      "statement": "Question d’entraînement sur la notion « fr conjugaison imparfait ».",
      "choices": [
        "Réponse correcte",
        "Distracteur 1",
        "Distracteur 2",
        "Distracteur 3"
      ],
      "answer": "Réponse correcte",
      "lessonRef": "definition",
      "explanation": "Cette question vérifie la compréhension de la notion.",
      "quality": {
        "status": "draft",
        "review": {
          "reviewedBy": null,
          "reviewedAt": null,
          "decision": null,
          "notes": null
        },
        "history": [
          {
            "at": "2025-12-27T00:00:00Z",
            "by": "import",
            "action": "created"
          }
        ],
        "deletedAt": null,
        "deletedBy": null
      }
    },
    {
      "schemaVersion": 1,
      "taxonomyVersion": "5e-1.0",
      "id": "q_fr_conjugaison_imparfait_0048",
      "blockId": "fr_conjugaison_imparfait",
      "grade": "5e",
      "lang": "fr",
      "primaryTag": "fr_conjugaison_imparfait",
      "type": "MCQ",
      "difficulty": 2,
      "statement": "Question d’entraînement sur la notion « fr conjugaison imparfait ».",
      "choices": [
        "Réponse correcte",
        "Distracteur 1",
        "Distracteur 2",
        "Distracteur 3"
      ],
      "answer": "Réponse correcte",
      "lessonRef": "definition",
      "explanation": "Cette question vérifie la compréhension de la notion.",
      "quality": {
        "status": "draft",
        "review": {
          "reviewedBy": null,
          "reviewedAt": null,
          "decision": null,
          "notes": null
        },
        "history": [
          {
            "at": "2025-12-27T00:00:00Z",
            "by": "import",
            "action": "created"
          }
        ],
        "deletedAt": null,
        "deletedBy": null
      }
    },
    {
      "schemaVersion": 1,
      "taxonomyVersion": "5e-1.0",
      "id": "q_fr_conjugaison_imparfait_0049",
      "blockId": "fr_conjugaison_imparfait",
      "grade": "5e",
      "lang": "fr",
      "primaryTag": "fr_conjugaison_imparfait",
      "type": "MCQ",
      "difficulty": 2,
      "statement": "Question d’entraînement sur la notion « fr conjugaison imparfait ».",
      "choices": [
        "Réponse correcte",
        "Distracteur 1",
        "Distracteur 2",
        "Distracteur 3"
      ],
      "answer": "Réponse correcte",
      "lessonRef": "definition",
      "explanation": "Cette question vérifie la compréhension de la notion.",
      "quality": {
        "status": "draft",
        "review": {
          "reviewedBy": null,
          "reviewedAt": null,
          "decision": null,
          "notes": null
        },
        "history": [
          {
            "at": "2025-12-27T00:00:00Z",
            "by": "import",
            "action": "created"
          }
        ],
        "deletedAt": null,
        "deletedBy": null
      }
    },
    {
      "schemaVersion": 1,
      "taxonomyVersion": "5e-1.0",
      "id": "q_fr_conjugaison_imparfait_0050",
      "blockId": "fr_conjugaison_imparfait",
      "grade": "5e",
      "lang": "fr",
      "primaryTag": "fr_conjugaison_imparfait",
      "type": "MCQ",
      "difficulty": 3,
      "statement": "Question d’entraînement sur la notion « fr conjugaison imparfait ».",
      "choices": [
        "Réponse correcte",
        "Distracteur 1",
        "Distracteur 2",
        "Distracteur 3"
      ],
      "answer": "Réponse correcte",
      "lessonRef": "definition",
      "explanation": "Cette question vérifie la compréhension de la notion.",
      "quality": {
        "status": "draft",
        "review": {
          "reviewedBy": null,
          "reviewedAt": null,
          "decision": null,
          "notes": null
        },
        "history": [
          {
            "at": "2025-12-27T00:00:00Z",
            "by": "import",
            "action": "created"
          }
        ],
        "deletedAt": null,
        "deletedBy": null
      }
    }
  ]
}