{
  "pack": {
    "schemaVersion": 1,
    "taxonomyVersion": "5e-1.0",
    "setId": "pack_fr_grammaire_proposition_relative_50q_v1",
    "grade": "5e",
    "lang": "fr",
    "primaryTag": "fr_grammaire_proposition_relative",
    "blockId": "fr_grammaire_proposition_relative",
    "biomeId": "fr",
    "lessonTitle": "Rappel — fr grammaire proposition relative",
    "lesson": "# Rappel — fr_grammaire_proposition_relative\n\n## Définition {#definition}\nÀ compléter.\n\n## Méthode {#methode}\nÀ compléter.\n\n## Exemples {#exemples}\nÀ compléter.\n\n## Pièges fréquents {#pieges}\nÀ compléter.\n",
    "createdAt": "2025-12-27T00:00:00Z"
  },
  "questions": [
    {
      "schemaVersion": 1,
      "taxonomyVersion": "5e-1.0",
      "id": "q_fr_grammaire_proposition_relative_0001",
      "blockId": "fr_grammaire_proposition_relative",
      "grade": "5e",
      "lang": "fr",
      "primaryTag": "fr_grammaire_proposition_relative",
      "type": "MCQ",
      "difficulty": 3,
      "statement": "Question d’entraînement sur la notion « fr grammaire proposition relative ».",
      "choices": [
        "Réponse correcte",
        "Distracteur 1",
        "Distracteur 2",
        "Distracteur 3"
      ],
      "answer": "Réponse correcte",
      "lessonRef": "definition",
      "explanation": "Cette question vérifie la compréhension de la notion.",
      "quality": {
        "status": "draft",
        "review": {
          "reviewedBy": null,
          "reviewedAt": null,
          "decision": null,
          "notes": null
        },
        "history": [
          {
            "at": "2025-12-27T00:00:00Z",
            "by": "import",
            "action": "created"
          }
        ],
        "deletedAt": null,
        "deletedBy": null
      }
    },
    {
      "schemaVersion": 1,
      "taxonomyVersion": "5e-1.0",
      "id": "q_fr_grammaire_proposition_relative_0002",
      "blockId": "fr_grammaire_proposition_relative",
      "grade": "5e",
      "lang": "fr",
      "primaryTag": "fr_grammaire_proposition_relative",
      "type": "MCQ",
      "difficulty": 3,
      "statement": "Question d’entraînement sur la notion « fr grammaire proposition relative ».",
      "choices": [
        "Réponse correcte",
        "Distracteur 1",
        "Distracteur 2",
        "Distracteur 3"
      ],
      "answer": "Réponse correcte",
      "lessonRef": "definition",
      "explanation": "Cette question vérifie la compréhension de la notion.",
      "quality": {
        "status": "draft",
        "review": {
          "reviewedBy": null,
          "reviewedAt": null,
          "decision": null,
          "notes": null
        },
        "history": [
          {
            "at": "2025-12-27T00:00:00Z",
            "by": "import",
            "action": "created"
          }
        ],
        "deletedAt": null,
        "deletedBy": null
      }
    },
    {
      "schemaVersion": 1,
      "taxonomyVersion": "5e-1.0",
      "id": "q_fr_grammaire_proposition_relative_0003",
      "blockId": "fr_grammaire_proposition_relative",
      "grade": "5e",
      "lang": "fr",
      "primaryTag": "fr_grammaire_proposition_relative",
      "type": "MCQ",
      "difficulty": 3,
      "statement": "Question d’entraînement sur la notion « fr grammaire proposition relative ».",
      "choices": [
        "Réponse correcte",
        "Distracteur 1",
        "Distracteur 2",
        "Distracteur 3"
      ],
      "answer": "Réponse correcte",
      "lessonRef": "definition",
      "explanation": "Cette question vérifie la compréhension de la notion.",
      "quality": {
        "status": "draft",
        "review": {
          "reviewedBy": null,
          "reviewedAt": null,
          "decision": null,
          "notes": null
        },
        "history": [
          {
            "at": "2025-12-27T00:00:00Z",
            "by": "import",
            "action": "created"
          }
        ],
        "deletedAt": null,
        "deletedBy": null
      }
    },
    {
      "schemaVersion": 1,
      "taxonomyVersion": "5e-1.0",
      "id": "q_fr_grammaire_proposition_relative_0004",
      "blockId": "fr_grammaire_proposition_relative",
      "grade": "5e",
      "lang": "fr",
      "primaryTag": "fr_grammaire_proposition_relative",
      "type": "MCQ",
      "difficulty": 2,
      "statement": "Question d’entraînement sur la notion « fr grammaire proposition relative ».",
      "choices": [
        "Réponse correcte",
        "Distracteur 1",
        "Distracteur 2",
        "Distracteur 3"
      ],
      "answer": "Réponse correcte",
      "lessonRef": "definition",
      "explanation": "Cette question vérifie la compréhension de la notion.",
      "quality": {
        "status": "draft",
        "review": {
          "reviewedBy": null,
          "reviewedAt": null,
          "decision": null,
          "notes": null
        },
        "history": [
          {
            "at": "2025-12-27T00:00:00Z",
            "by": "import",
            "action": "created"
          }
        ],
        "deletedAt": null,
        "deletedBy": null
      }
    },
    {
      "schemaVersion": 1,
      "taxonomyVersion": "5e-1.0",
      "id": "q_fr_grammaire_proposition_relative_0005",
      "blockId": "fr_grammaire_proposition_relative",
      "grade": "5e",
      "lang": "fr",
      "primaryTag": "fr_grammaire_proposition_relative",
      "type": "MCQ",
      "difficulty": 2,
      "statement": "Question d’entraînement sur la notion « fr grammaire proposition relative ».",
      "choices": [
        "Réponse correcte",
        "Distracteur 1",
        "Distracteur 2",
        "Distracteur 3"
      ],
      "answer": "Réponse correcte",
      "lessonRef": "definition",
      "explanation": "Cette question vérifie la compréhension de la notion.",
      "quality": {
        "status": "draft",
        "review": {
          "reviewedBy": null,
          "reviewedAt": null,
          "decision": null,
          "notes": null
        },
        "history": [
          {
            "at": "2025-12-27T00:00:00Z",
            "by": "import",
            "action": "created"
          }
        ],
        "deletedAt": null,
        "deletedBy": null
      }
    },
    {
      "schemaVersion": 1,
      "taxonomyVersion": "5e-1.0",
      "id": "q_fr_grammaire_proposition_relative_0006",
      "blockId": "fr_grammaire_proposition_relative",
      "grade": "5e",
      "lang": "fr",
      "primaryTag": "fr_grammaire_proposition_relative",
      "type": "MCQ",
      "difficulty": 3,
      "statement": "Question d’entraînement sur la notion « fr grammaire proposition relative ».",
      "choices": [
        "Réponse correcte",
        "Distracteur 1",
        "Distracteur 2",
        "Distracteur 3"
      ],
      "answer": "Réponse correcte",
      "lessonRef": "definition",
      "explanation": "Cette question vérifie la compréhension de la notion.",
      "quality": {
        "status": "draft",
        "review": {
          "reviewedBy": null,
          "reviewedAt": null,
          "decision": null,
          "notes": null
        },
        "history": [
          {
            "at": "2025-12-27T00:00:00Z",
            "by": "import",
            "action": "created"
          }
        ],
        "deletedAt": null,
        "deletedBy": null
      }
    },
    {
      "schemaVersion": 1,
      "taxonomyVersion": "5e-1.0",
      "id": "q_fr_grammaire_proposition_relative_0007",
      "blockId": "fr_grammaire_proposition_relative",
      "grade": "5e",
      "lang": "fr",
      "primaryTag": "fr_grammaire_proposition_relative",
      "type": "MCQ",
      "difficulty": 3,
      "statement": "Question d’entraînement sur la notion « fr grammaire proposition relative ».",
      "choices": [
        "Réponse correcte",
        "Distracteur 1",
        "Distracteur 2",
        "Distracteur 3"
      ],
      "answer": "Réponse correcte",
      "lessonRef": "definition",
      "explanation": "Cette question vérifie la compréhension de la notion.",
      "quality": {
        "status": "draft",
        "review": {
          "reviewedBy": null,
          "reviewedAt": null,
          "decision": null,
          "notes": null
        },
        "history": [
          {
            "at": "2025-12-27T00:00:00Z",
            "by": "import",
            "action": "created"
          }
        ],
        "deletedAt": null,
        "deletedBy": null
      }
    },
    {
      "schemaVersion": 1,
      "taxonomyVersion": "5e-1.0",
      "id": "q_fr_grammaire_proposition_relative_0008",
      "blockId": "fr_grammaire_proposition_relative",
      "grade": "5e",
      "lang": "fr",
      "primaryTag": "fr_grammaire_proposition_relative",
      "type": "MCQ",
      "difficulty": 3,
      "statement": "Question d’entraînement sur la notion « fr grammaire proposition relative ».",
      "choices": [
        "Réponse correcte",
        "Distracteur 1",
        "Distracteur 2",
        "Distracteur 3"
      ],
      "answer": "Réponse correcte",
      "lessonRef": "definition",
      "explanation": "Cette question vérifie la compréhension de la notion.",
      "quality": {
        "status": "draft",
        "review": {
          "reviewedBy": null,
          "reviewedAt": null,
          "decision": null,
          "notes": null
        },
        "history": [
          {
            "at": "2025-12-27T00:00:00Z",
            "by": "import",
            "action": "created"
          }
        ],
        "deletedAt": null,
        "deletedBy": null
      }
    },
    {
      "schemaVersion": 1,
      "taxonomyVersion": "5e-1.0",
      "id": "q_fr_grammaire_proposition_relative_0009",
      "blockId": "fr_grammaire_proposition_relative",
      "grade": "5e",
      "lang": "fr",
      "primaryTag": "fr_grammaire_proposition_relative",
      "type": "MCQ",
      "difficulty": 2,
      "statement": "Question d’entraînement sur la notion « fr grammaire proposition relative ».",
      "choices": [
        "Réponse correcte",
        "Distracteur 1",
        "Distracteur 2",
        "Distracteur 3"
      ],
      "answer": "Réponse correcte",
      "lessonRef": "definition",
      "explanation": "Cette question vérifie la compréhension de la notion.",
      "quality": {
        "status": "draft",
        "review": {
          "reviewedBy": null,
          "reviewedAt": null,
          "decision": null,
          "notes": null
        },
        "history": [
          {
            "at": "2025-12-27T00:00:00Z",
            "by": "import",
            "action": "created"
          }
        ],
        "deletedAt": null,
        "deletedBy": null
      }
    },
    {
      "schemaVersion": 1,
      "taxonomyVersion": "5e-1.0",
      "id": "q_fr_grammaire_proposition_relative_0010",
      "blockId": "fr_grammaire_proposition_relative",
      "grade": "5e",
      "lang": "fr",
      "primaryTag": "fr_grammaire_proposition_relative",
      "type": "MCQ",
      "difficulty": 3,
      "statement": "Question d’entraînement sur la notion « fr grammaire proposition relative ».",
      "choices": [
        "Réponse correcte",
        "Distracteur 1",
        "Distracteur 2",
        "Distracteur 3"
      ],
      "answer": "Réponse correcte",
      "lessonRef": "definition",
      "explanation": "Cette question vérifie la compréhension de la notion.",
      "quality": {
        "status": "draft",
        "review": {
          "reviewedBy": null,
          "reviewedAt": null,
          "decision": null,
          "notes": null
        },
        "history": [
          {
            "at": "2025-12-27T00:00:00Z",
            "by": "import",
            "action": "created"
          }
        ],
        "deletedAt": null,
        "deletedBy": null
      }
    },
    {
      "schemaVersion": 1,
      "taxonomyVersion": "5e-1.0",
      "id": "q_fr_grammaire_proposition_relative_0011",
      "blockId": "fr_grammaire_proposition_relative",
      "grade": "5e",
      "lang": "fr",
      "primaryTag": "fr_grammaire_proposition_relative",
      "type": "MCQ",
      "difficulty": 2,
      "statement": "Question d’entraînement sur la notion « fr grammaire proposition relative ».",
      "choices": [
        "Réponse correcte",
        "Distracteur 1",
        "Distracteur 2",
        "Distracteur 3"
      ],
      "answer": "Réponse correcte",
      "lessonRef": "definition",
      "explanation": "Cette question vérifie la compréhension de la notion.",
      "quality": {
        "status": "draft",
        "review": {
          "reviewedBy": null,
          "reviewedAt": null,
          "decision": null,
          "notes": null
        },
        "history": [
          {
            "at": "2025-12-27T00:00:00Z",
            "by": "import",
            "action": "created"
          }
        ],
        "deletedAt": null,
        "deletedBy": null
      }
    },
    {
      "schemaVersion": 1,
      "taxonomyVersion": "5e-1.0",
      "id": "q_fr_grammaire_proposition_relative_0012",
      "blockId": "fr_grammaire_proposition_relative",
      "grade": "5e",
      "lang": "fr",
      "primaryTag": "fr_grammaire_proposition_relative",
      "type": "MCQ",
      "difficulty": 1,
      "statement": "Question d’entraînement sur la notion « fr grammaire proposition relative ».",
      "choices": [
        "Réponse correcte",
        "Distracteur 1",
        "Distracteur 2",
        "Distracteur 3"
      ],
      "answer": "Réponse correcte",
      "lessonRef": "definition",
      "explanation": "Cette question vérifie la compréhension de la notion.",
      "quality": {
        "status": "draft",
        "review": {
          "reviewedBy": null,
          "reviewedAt": null,
          "decision": null,
          "notes": null
        },
        "history": [
          {
            "at": "2025-12-27T00:00:00Z",
            "by": "import",
            "action": "created"
          }
        ],
        "deletedAt": null,
        "deletedBy": null
      }
    },
    {
      "schemaVersion": 1,
      "taxonomyVersion": "5e-1.0",
      "id": "q_fr_grammaire_proposition_relative_0013",
      "blockId": "fr_grammaire_proposition_relative",
      "grade": "5e",
      "lang": "fr",
      "primaryTag": "fr_grammaire_proposition_relative",
      "type": "MCQ",
      "difficulty": 2,
      "statement": "Question d’entraînement sur la notion « fr grammaire proposition relative ».",
      "choices": [
        "Réponse correcte",
        "Distracteur 1",
        "Distracteur 2",
        "Distracteur 3"
      ],
      "answer": "Réponse correcte",
      "lessonRef": "definition",
      "explanation": "Cette question vérifie la compréhension de la notion.",
      "quality": {
        "status": "draft",
        "review": {
          "reviewedBy": null,
          "reviewedAt": null,
          "decision": null,
          "notes": null
        },
        "history": [
          {
            "at": "2025-12-27T00:00:00Z",
            "by": "import",
            "action": "created"
          }
        ],
        "deletedAt": null,
        "deletedBy": null
      }
    },
    {
      "schemaVersion": 1,
      "taxonomyVersion": "5e-1.0",
      "id": "q_fr_grammaire_proposition_relative_0014",
      "blockId": "fr_grammaire_proposition_relative",
      "grade": "5e",
      "lang": "fr",
      "primaryTag": "fr_grammaire_proposition_relative",
      "type": "MCQ",
      "difficulty": 3,
      "statement": "Question d’entraînement sur la notion « fr grammaire proposition relative ».",
      "choices": [
        "Réponse correcte",
        "Distracteur 1",
        "Distracteur 2",
        "Distracteur 3"
      ],
      "answer": "Réponse correcte",
      "lessonRef": "definition",
      "explanation": "Cette question vérifie la compréhension de la notion.",
      "quality": {
        "status": "draft",
        "review": {
          "reviewedBy": null,
          "reviewedAt": null,
          "decision": null,
          "notes": null
        },
        "history": [
          {
            "at": "2025-12-27T00:00:00Z",
            "by": "import",
            "action": "created"
          }
        ],
        "deletedAt": null,
        "deletedBy": null
      }
    },
    {
      "schemaVersion": 1,
      "taxonomyVersion": "5e-1.0",
      "id": "q_fr_grammaire_proposition_relative_0015",
      "blockId": "fr_grammaire_proposition_relative",
      "grade": "5e",
      "lang": "fr",
      "primaryTag": "fr_grammaire_proposition_relative",
      "type": "MCQ",
      "difficulty": 3,
      "statement": "Question d’entraînement sur la notion « fr grammaire proposition relative ».",
      "choices": [
        "Réponse correcte",
        "Distracteur 1",
        "Distracteur 2",
        "Distracteur 3"
      ],
      "answer": "Réponse correcte",
      "lessonRef": "definition",
      "explanation": "Cette question vérifie la compréhension de la notion.",
      "quality": {
        "status": "draft",
        "review": {
          "reviewedBy": null,
          "reviewedAt": null,
          "decision": null,
          "notes": null
        },
        "history": [
          {
            "at": "2025-12-27T00:00:00Z",
            "by": "import",
            "action": "created"
          }
        ],
        "deletedAt": null,
        "deletedBy": null
      }
    },
    {
      "schemaVersion": 1,
      "taxonomyVersion": "5e-1.0",
      "id": "q_fr_grammaire_proposition_relative_0016",
      "blockId": "fr_grammaire_proposition_relative",
      "grade": "5e",
      "lang": "fr",
      "primaryTag": "fr_grammaire_proposition_relative",
      "type": "MCQ",
      "difficulty": 3,
      "statement": "Question d’entraînement sur la notion « fr grammaire proposition relative ».",
      "choices": [
        "Réponse correcte",
        "Distracteur 1",
        "Distracteur 2",
        "Distracteur 3"
      ],
      "answer": "Réponse correcte",
      "lessonRef": "definition",
      "explanation": "Cette question vérifie la compréhension de la notion.",
      "quality": {
        "status": "draft",
        "review": {
          "reviewedBy": null,
          "reviewedAt": null,
          "decision": null,
          "notes": null
        },
        "history": [
          {
            "at": "2025-12-27T00:00:00Z",
            "by": "import",
            "action": "created"
          }
        ],
        "deletedAt": null,
        "deletedBy": null
      }
    },
    {
      "schemaVersion": 1,
      "taxonomyVersion": "5e-1.0",
      "id": "q_fr_grammaire_proposition_relative_0017",
      "blockId": "fr_grammaire_proposition_relative",
      "grade": "5e",
      "lang": "fr",
      "primaryTag": "fr_grammaire_proposition_relative",
      "type": "MCQ",
      "difficulty": 1,
      "statement": "Question d’entraînement sur la notion « fr grammaire proposition relative ».",
      "choices": [
        "Réponse correcte",
        "Distracteur 1",
        "Distracteur 2",
        "Distracteur 3"
      ],
      "answer": "Réponse correcte",
      "lessonRef": "definition",
      "explanation": "Cette question vérifie la compréhension de la notion.",
      "quality": {
        "status": "draft",
        "review": {
          "reviewedBy": null,
          "reviewedAt": null,
          "decision": null,
          "notes": null
        },
        "history": [
          {
            "at": "2025-12-27T00:00:00Z",
            "by": "import",
            "action": "created"
          }
        ],
        "deletedAt": null,
        "deletedBy": null
      }
    },
    {
      "schemaVersion": 1,
      "taxonomyVersion": "5e-1.0",
      "id": "q_fr_grammaire_proposition_relative_0018",
      "blockId": "fr_grammaire_proposition_relative",
      "grade": "5e",
      "lang": "fr",
      "primaryTag": "fr_grammaire_proposition_relative",
      "type": "MCQ",
      "difficulty": 3,
      "statement": "Question d’entraînement sur la notion « fr grammaire proposition relative ».",
      "choices": [
        "Réponse correcte",
        "Distracteur 1",
        "Distracteur 2",
        "Distracteur 3"
      ],
      "answer": "Réponse correcte",
      "lessonRef": "definition",
      "explanation": "Cette question vérifie la compréhension de la notion.",
      "quality": {
        "status": "draft",
        "review": {
          "reviewedBy": null,
          "reviewedAt": null,
          "decision": null,
          "notes": null
        },
        "history": [
          {
            "at": "2025-12-27T00:00:00Z",
            "by": "import",
            "action": "created"
          }
        ],
        "deletedAt": null,
        "deletedBy": null
      }
    },
    {
      "schemaVersion": 1,
      "taxonomyVersion": "5e-1.0",
      "id": "q_fr_grammaire_proposition_relative_0019",
      "blockId": "fr_grammaire_proposition_relative",
      "grade": "5e",
      "lang": "fr",
      "primaryTag": "fr_grammaire_proposition_relative",
      "type": "MCQ",
      "difficulty": 3,
      "statement": "Question d’entraînement sur la notion « fr grammaire proposition relative ».",
      "choices": [
        "Réponse correcte",
        "Distracteur 1",
        "Distracteur 2",
        "Distracteur 3"
      ],
      "answer": "Réponse correcte",
      "lessonRef": "definition",
      "explanation": "Cette question vérifie la compréhension de la notion.",
      "quality": {
        "status": "draft",
        "review": {
          "reviewedBy": null,
          "reviewedAt": null,
          "decision": null,
          "notes": null
        },
        "history": [
          {
            "at": "2025-12-27T00:00:00Z",
            "by": "import",
            "action": "created"
          }
        ],
        "deletedAt": null,
        "deletedBy": null
      }
    },
    {
      "schemaVersion": 1,
      "taxonomyVersion": "5e-1.0",
      "id": "q_fr_grammaire_proposition_relative_0020",
      "blockId": "fr_grammaire_proposition_relative",
      "grade": "5e",
      "lang": "fr",
      "primaryTag": "fr_grammaire_proposition_relative",
      "type": "MCQ",
      "difficulty": 2,
      "statement": "Question d’entraînement sur la notion « fr grammaire proposition relative ».",
      "choices": [
        "Réponse correcte",
        "Distracteur 1",
        "Distracteur 2",
        "Distracteur 3"
      ],
      "answer": "Réponse correcte",
      "lessonRef": "definition",
      "explanation": "Cette question vérifie la compréhension de la notion.",
      "quality": {
        "status": "draft",
        "review": {
          "reviewedBy": null,
          "reviewedAt": null,
          "decision": null,
          "notes": null
        },
        "history": [
          {
            "at": "2025-12-27T00:00:00Z",
            "by": "import",
            "action": "created"
          }
        ],
        "deletedAt": null,
        "deletedBy": null
      }
    },
    {
      "schemaVersion": 1,
      "taxonomyVersion": "5e-1.0",
      "id": "q_fr_grammaire_proposition_relative_0021",
      "blockId": "fr_grammaire_proposition_relative",
      "grade": "5e",
      "lang": "fr",
      "primaryTag": "fr_grammaire_proposition_relative",
      "type": "MCQ",
      "difficulty": 1,
      "statement": "Question d’entraînement sur la notion « fr grammaire proposition relative ».",
      "choices": [
        "Réponse correcte",
        "Distracteur 1",
        "Distracteur 2",
        "Distracteur 3"
      ],
      "answer": "Réponse correcte",
      "lessonRef": "definition",
      "explanation": "Cette question vérifie la compréhension de la notion.",
      "quality": {
        "status": "draft",
        "review": {
          "reviewedBy": null,
          "reviewedAt": null,
          "decision": null,
          "notes": null
        },
        "history": [
          {
            "at": "2025-12-27T00:00:00Z",
            "by": "import",
            "action": "created"
          }
        ],
        "deletedAt": null,
        "deletedBy": null
      }
    },
    {
      "schemaVersion": 1,
      "taxonomyVersion": "5e-1.0",
      "id": "q_fr_grammaire_proposition_relative_0022",
      "blockId": "fr_grammaire_proposition_relative",
      "grade": "5e",
      "lang": "fr",
      "primaryTag": "fr_grammaire_proposition_relative",
      "type": "MCQ",
      "difficulty": 3,
      "statement": "Question d’entraînement sur la notion « fr grammaire proposition relative ».",
      "choices": [
        "Réponse correcte",
        "Distracteur 1",
        "Distracteur 2",
        "Distracteur 3"
      ],
      "answer": "Réponse correcte",
      "lessonRef": "definition",
      "explanation": "Cette question vérifie la compréhension de la notion.",
      "quality": {
        "status": "draft",
        "review": {
          "reviewedBy": null,
          "reviewedAt": null,
          "decision": null,
          "notes": null
        },
        "history": [
          {
            "at": "2025-12-27T00:00:00Z",
            "by": "import",
            "action": "created"
          }
        ],
        "deletedAt": null,
        "deletedBy": null
      }
    },
    {
      "schemaVersion": 1,
      "taxonomyVersion": "5e-1.0",
      "id": "q_fr_grammaire_proposition_relative_0023",
      "blockId": "fr_grammaire_proposition_relative",
      "grade": "5e",
      "lang": "fr",
      "primaryTag": "fr_grammaire_proposition_relative",
      "type": "MCQ",
      "difficulty": 3,
      "statement": "Question d’entraînement sur la notion « fr grammaire proposition relative ».",
      "choices": [
        "Réponse correcte",
        "Distracteur 1",
        "Distracteur 2",
        "Distracteur 3"
      ],
      "answer": "Réponse correcte",
      "lessonRef": "definition",
      "explanation": "Cette question vérifie la compréhension de la notion.",
      "quality": {
        "status": "draft",
        "review": {
          "reviewedBy": null,
          "reviewedAt": null,
          "decision": null,
          "notes": null
        },
        "history": [
          {
            "at": "2025-12-27T00:00:00Z",
            "by": "import",
            "action": "created"
          }
        ],
        "deletedAt": null,
        "deletedBy": null
      }
    },
    {
      "schemaVersion": 1,
      "taxonomyVersion": "5e-1.0",
      "id": "q_fr_grammaire_proposition_relative_0024",
      "blockId": "fr_grammaire_proposition_relative",
      "grade": "5e",
      "lang": "fr",
      "primaryTag": "fr_grammaire_proposition_relative",
      "type": "MCQ",
      "difficulty": 3,
      "statement": "Question d’entraînement sur la notion « fr grammaire proposition relative ».",
      "choices": [
        "Réponse correcte",
        "Distracteur 1",
        "Distracteur 2",
        "Distracteur 3"
      ],
      "answer": "Réponse correcte",
      "lessonRef": "definition",
      "explanation": "Cette question vérifie la compréhension de la notion.",
      "quality": {
        "status": "draft",
        "review": {
          "reviewedBy": null,
          "reviewedAt": null,
          "decision": null,
          "notes": null
        },
        "history": [
          {
            "at": "2025-12-27T00:00:00Z",
            "by": "import",
            "action": "created"
          }
        ],
        "deletedAt": null,
        "deletedBy": null
      }
    },
    {
      "schemaVersion": 1,
      "taxonomyVersion": "5e-1.0",
      "id": "q_fr_grammaire_proposition_relative_0025",
      "blockId": "fr_grammaire_proposition_relative",
      "grade": "5e",
      "lang": "fr",
      "primaryTag": "fr_grammaire_proposition_relative",
      "type": "MCQ",
      "difficulty": 3,
      "statement": "Question d’entraînement sur la notion « fr grammaire proposition relative ».",
      "choices": [
        "Réponse correcte",
        "Distracteur 1",
        "Distracteur 2",
        "Distracteur 3"
      ],
      "answer": "Réponse correcte",
      "lessonRef": "definition",
      "explanation": "Cette question vérifie la compréhension de la notion.",
      "quality": {
        "status": "draft",
        "review": {
          "reviewedBy": null,
          "reviewedAt": null,
          "decision": null,
          "notes": null
        },
        "history": [
          {
            "at": "2025-12-27T00:00:00Z",
            "by": "import",
            "action": "created"
          }
        ],
        "deletedAt": null,
        "deletedBy": null
      }
    },
    {
      "schemaVersion": 1,
      "taxonomyVersion": "5e-1.0",
      "id": "q_fr_grammaire_proposition_relative_0026",
      "blockId": "fr_grammaire_proposition_relative",
      "grade": "5e",
      "lang": "fr",
      "primaryTag": "fr_grammaire_proposition_relative",
      "type": "MCQ",
      "difficulty": 1,
      "statement": "Question d’entraînement sur la notion « fr grammaire proposition relative ».",
      "choices": [
        "Réponse correcte",
        "Distracteur 1",
        "Distracteur 2",
        "Distracteur 3"
      ],
      "answer": "Réponse correcte",
      "lessonRef": "definition",
      "explanation": "Cette question vérifie la compréhension de la notion.",
      "quality": {
        "status": "draft",
        "review": {
          "reviewedBy": null,
          "reviewedAt": null,
          "decision": null,
          "notes": null
        },
        "history": [
          {
            "at": "2025-12-27T00:00:00Z",
            "by": "import",
            "action": "created"
          }
        ],
        "deletedAt": null,
        "deletedBy": null
      }
    },
    {
      "schemaVersion": 1,
      "taxonomyVersion": "5e-1.0",
      "id": "q_fr_grammaire_proposition_relative_0027",
      "blockId": "fr_grammaire_proposition_relative",
      "grade": "5e",
      "lang": "fr",
      "primaryTag": "fr_grammaire_proposition_relative",
      "type": "MCQ",
      "difficulty": 1,
      "statement": "Question d’entraînement sur la notion « fr grammaire proposition relative ».",
      "choices": [
        "Réponse correcte",
        "Distracteur 1",
        "Distracteur 2",
        "Distracteur 3"
      ],
      "answer": "Réponse correcte",
      "lessonRef": "definition",
      "explanation": "Cette question vérifie la compréhension de la notion.",
      "quality": {
        "status": "draft",
        "review": {
          "reviewedBy": null,
          "reviewedAt": null,
          "decision": null,
          "notes": null
        },
        "history": [
          {
            "at": "2025-12-27T00:00:00Z",
            "by": "import",
            "action": "created"
          }
        ],
        "deletedAt": null,
        "deletedBy": null
      }
    },
    {
      "schemaVersion": 1,
      "taxonomyVersion": "5e-1.0",
      "id": "q_fr_grammaire_proposition_relative_0028",
      "blockId": "fr_grammaire_proposition_relative",
      "grade": "5e",
      "lang": "fr",
      "primaryTag": "fr_grammaire_proposition_relative",
      "type": "MCQ",
      "difficulty": 3,
      "statement": "Question d’entraînement sur la notion « fr grammaire proposition relative ».",
      "choices": [
        "Réponse correcte",
        "Distracteur 1",
        "Distracteur 2",
        "Distracteur 3"
      ],
      "answer": "Réponse correcte",
      "lessonRef": "definition",
      "explanation": "Cette question vérifie la compréhension de la notion.",
      "quality": {
        "status": "draft",
        "review": {
          "reviewedBy": null,
          "reviewedAt": null,
          "decision": null,
          "notes": null
        },
        "history": [
          {
            "at": "2025-12-27T00:00:00Z",
            "by": "import",
            "action": "created"
          }
        ],
        "deletedAt": null,
        "deletedBy": null
      }
    },
    {
      "schemaVersion": 1,
      "taxonomyVersion": "5e-1.0",
      "id": "q_fr_grammaire_proposition_relative_0029",
      "blockId": "fr_grammaire_proposition_relative",
      "grade": "5e",
      "lang": "fr",
      "primaryTag": "fr_grammaire_proposition_relative",
      "type": "MCQ",
      "difficulty": 3,
      "statement": "Question d’entraînement sur la notion « fr grammaire proposition relative ».",
      "choices": [
        "Réponse correcte",
        "Distracteur 1",
        "Distracteur 2",
        "Distracteur 3"
      ],
      "answer": "Réponse correcte",
      "lessonRef": "definition",
      "explanation": "Cette question vérifie la compréhension de la notion.",
      "quality": {
        "status": "draft",
        "review": {
          "reviewedBy": null,
          "reviewedAt": null,
          "decision": null,
          "notes": null
        },
        "history": [
          {
            "at": "2025-12-27T00:00:00Z",
            "by": "import",
            "action": "created"
          }
        ],
        "deletedAt": null,
        "deletedBy": null
      }
    },
    {
      "schemaVersion": 1,
      "taxonomyVersion": "5e-1.0",
      "id": "q_fr_grammaire_proposition_relative_0030",
      "blockId": "fr_grammaire_proposition_relative",
      "grade": "5e",
      "lang": "fr",
      "primaryTag": "fr_grammaire_proposition_relative",
      "type": "MCQ",
      "difficulty": 2,
      "statement": "Question d’entraînement sur la notion « fr grammaire proposition relative ».",
      "choices": [
        "Réponse correcte",
        "Distracteur 1",
        "Distracteur 2",
        "Distracteur 3"
      ],
      "answer": "Réponse correcte",
      "lessonRef": "definition",
      "explanation": "Cette question vérifie la compréhension de la notion.",
      "quality": {
        "status": "draft",
        "review": {
          "reviewedBy": null,
          "reviewedAt": null,
          "decision": null,
          "notes": null
        },
        "history": [
          {
            "at": "2025-12-27T00:00:00Z",
            "by": "import",
            "action": "created"
          }
        ],
        "deletedAt": null,
        "deletedBy": null
      }
    },
    {
      "schemaVersion": 1,
      "taxonomyVersion": "5e-1.0",
      "id": "q_fr_grammaire_proposition_relative_0031",
      "blockId": "fr_grammaire_proposition_relative",
      "grade": "5e",
      "lang": "fr",
      "primaryTag": "fr_grammaire_proposition_relative",
      "type": "MCQ",
      "difficulty": 2,
      "statement": "Question d’entraînement sur la notion « fr grammaire proposition relative ».",
      "choices": [
        "Réponse correcte",
        "Distracteur 1",
        "Distracteur 2",
        "Distracteur 3"
      ],
      "answer": "Réponse correcte",
      "lessonRef": "definition",
      "explanation": "Cette question vérifie la compréhension de la notion.",
      "quality": {
        "status": "draft",
        "review": {
          "reviewedBy": null,
          "reviewedAt": null,
          "decision": null,
          "notes": null
        },
        "history": [
          {
            "at": "2025-12-27T00:00:00Z",
            "by": "import",
            "action": "created"
          }
        ],
        "deletedAt": null,
        "deletedBy": null
      }
    },
    {
      "schemaVersion": 1,
      "taxonomyVersion": "5e-1.0",
      "id": "q_fr_grammaire_proposition_relative_0032",
      "blockId": "fr_grammaire_proposition_relative",
      "grade": "5e",
      "lang": "fr",
      "primaryTag": "fr_grammaire_proposition_relative",
      "type": "MCQ",
      "difficulty": 1,
      "statement": "Question d’entraînement sur la notion « fr grammaire proposition relative ».",
      "choices": [
        "Réponse correcte",
        "Distracteur 1",
        "Distracteur 2",
        "Distracteur 3"
      ],
      "answer": "Réponse correcte",
      "lessonRef": "definition",
      "explanation": "Cette question vérifie la compréhension de la notion.",
      "quality": {
        "status": "draft",
        "review": {
          "reviewedBy": null,
          "reviewedAt": null,
          "decision": null,
          "notes": null
        },
        "history": [
          {
            "at": "2025-12-27T00:00:00Z",
            "by": "import",
            "action": "created"
          }
        ],
        "deletedAt": null,
        "deletedBy": null
      }
    },
    {
      "schemaVersion": 1,
      "taxonomyVersion": "5e-1.0",
      "id": "q_fr_grammaire_proposition_relative_0033",
      "blockId": "fr_grammaire_proposition_relative",
      "grade": "5e",
      "lang": "fr",
      "primaryTag": "fr_grammaire_proposition_relative",
      "type": "MCQ",
      "difficulty": 2,
      "statement": "Question d’entraînement sur la notion « fr grammaire proposition relative ».",
      "choices": [
        "Réponse correcte",
        "Distracteur 1",
        "Distracteur 2",
        "Distracteur 3"
      ],
      "answer": "Réponse correcte",
      "lessonRef": "definition",
      "explanation": "Cette question vérifie la compréhension de la notion.",
      "quality": {
        "status": "draft",
        "review": {
          "reviewedBy": null,
          "reviewedAt": null,
          "decision": null,
          "notes": null
        },
        "history": [
          {
            "at": "2025-12-27T00:00:00Z",
            "by": "import",
            "action": "created"
          }
        ],
        "deletedAt": null,
        "deletedBy": null
      }
    },
    {
      "schemaVersion": 1,
      "taxonomyVersion": "5e-1.0",
      "id": "q_fr_grammaire_proposition_relative_0034",
      "blockId": "fr_grammaire_proposition_relative",
      "grade": "5e",
      "lang": "fr",
      "primaryTag": "fr_grammaire_proposition_relative",
      "type": "MCQ",
      "difficulty": 2,
      "statement": "Question d’entraînement sur la notion « fr grammaire proposition relative ».",
      "choices": [
        "Réponse correcte",
        "Distracteur 1",
        "Distracteur 2",
        "Distracteur 3"
      ],
      "answer": "Réponse correcte",
      "lessonRef": "definition",
      "explanation": "Cette question vérifie la compréhension de la notion.",
      "quality": {
        "status": "draft",
        "review": {
          "reviewedBy": null,
          "reviewedAt": null,
          "decision": null,
          "notes": null
        },
        "history": [
          {
            "at": "2025-12-27T00:00:00Z",
            "by": "import",
            "action": "created"
          }
        ],
        "deletedAt": null,
        "deletedBy": null
      }
    },
    {
      "schemaVersion": 1,
      "taxonomyVersion": "5e-1.0",
      "id": "q_fr_grammaire_proposition_relative_0035",
      "blockId": "fr_grammaire_proposition_relative",
      "grade": "5e",
      "lang": "fr",
      "primaryTag": "fr_grammaire_proposition_relative",
      "type": "MCQ",
      "difficulty": 3,
      "statement": "Question d’entraînement sur la notion « fr grammaire proposition relative ».",
      "choices": [
        "Réponse correcte",
        "Distracteur 1",
        "Distracteur 2",
        "Distracteur 3"
      ],
      "answer": "Réponse correcte",
      "lessonRef": "definition",
      "explanation": "Cette question vérifie la compréhension de la notion.",
      "quality": {
        "status": "draft",
        "review": {
          "reviewedBy": null,
          "reviewedAt": null,
          "decision": null,
          "notes": null
        },
        "history": [
          {
            "at": "2025-12-27T00:00:00Z",
            "by": "import",
            "action": "created"
          }
        ],
        "deletedAt": null,
        "deletedBy": null
      }
    },
    {
      "schemaVersion": 1,
      "taxonomyVersion": "5e-1.0",
      "id": "q_fr_grammaire_proposition_relative_0036",
      "blockId": "fr_grammaire_proposition_relative",
      "grade": "5e",
      "lang": "fr",
      "primaryTag": "fr_grammaire_proposition_relative",
      "type": "MCQ",
      "difficulty": 1,
      "statement": "Question d’entraînement sur la notion « fr grammaire proposition relative ».",
      "choices": [
        "Réponse correcte",
        "Distracteur 1",
        "Distracteur 2",
        "Distracteur 3"
      ],
      "answer": "Réponse correcte",
      "lessonRef": "definition",
      "explanation": "Cette question vérifie la compréhension de la notion.",
      "quality": {
        "status": "draft",
        "review": {
          "reviewedBy": null,
          "reviewedAt": null,
          "decision": null,
          "notes": null
        },
        "history": [
          {
            "at": "2025-12-27T00:00:00Z",
            "by": "import",
            "action": "created"
          }
        ],
        "deletedAt": null,
        "deletedBy": null
      }
    },
    {
      "schemaVersion": 1,
      "taxonomyVersion": "5e-1.0",
      "id": "q_fr_grammaire_proposition_relative_0037",
      "blockId": "fr_grammaire_proposition_relative",
      "grade": "5e",
      "lang": "fr",
      "primaryTag": "fr_grammaire_proposition_relative",
      "type": "MCQ",
      "difficulty": 3,
      "statement": "Question d’entraînement sur la notion « fr grammaire proposition relative ».",
      "choices": [
        "Réponse correcte",
        "Distracteur 1",
        "Distracteur 2",
        "Distracteur 3"
      ],
      "answer": "Réponse correcte",
      "lessonRef": "definition",
      "explanation": "Cette question vérifie la compréhension de la notion.",
      "quality": {
        "status": "draft",
        "review": {
          "reviewedBy": null,
          "reviewedAt": null,
          "decision": null,
          "notes": null
        },
        "history": [
          {
            "at": "2025-12-27T00:00:00Z",
            "by": "import",
            "action": "created"
          }
        ],
        "deletedAt": null,
        "deletedBy": null
      }
    },
    {
      "schemaVersion": 1,
      "taxonomyVersion": "5e-1.0",
      "id": "q_fr_grammaire_proposition_relative_0038",
      "blockId": "fr_grammaire_proposition_relative",
      "grade": "5e",
      "lang": "fr",
      "primaryTag": "fr_grammaire_proposition_relative",
      "type": "MCQ",
      "difficulty": 3,
      "statement": "Question d’entraînement sur la notion « fr grammaire proposition relative ».",
      "choices": [
        "Réponse correcte",
        "Distracteur 1",
        "Distracteur 2",
        "Distracteur 3"
      ],
      "answer": "Réponse correcte",
      "lessonRef": "definition",
      "explanation": "Cette question vérifie la compréhension de la notion.",
      "quality": {
        "status": "draft",
        "review": {
          "reviewedBy": null,
          "reviewedAt": null,
          "decision": null,
          "notes": null
        },
        "history": [
          {
            "at": "2025-12-27T00:00:00Z",
            "by": "import",
            "action": "created"
          }
        ],
        "deletedAt": null,
        "deletedBy": null
      }
    },
    {
      "schemaVersion": 1,
      "taxonomyVersion": "5e-1.0",
      "id": "q_fr_grammaire_proposition_relative_0039",
      "blockId": "fr_grammaire_proposition_relative",
      "grade": "5e",
      "lang": "fr",
      "primaryTag": "fr_grammaire_proposition_relative",
      "type": "MCQ",
      "difficulty": 1,
      "statement": "Question d’entraînement sur la notion « fr grammaire proposition relative ».",
      "choices": [
        "Réponse correcte",
        "Distracteur 1",
        "Distracteur 2",
        "Distracteur 3"
      ],
      "answer": "Réponse correcte",
      "lessonRef": "definition",
      "explanation": "Cette question vérifie la compréhension de la notion.",
      "quality": {
        "status": "draft",
        "review": {
          "reviewedBy": null,
          "reviewedAt": null,
          "decision": null,
          "notes": null
        },
        "history": [
          {
            "at": "2025-12-27T00:00:00Z",
            "by": "import",
            "action": "created"
          }
        ],
        "deletedAt": null,
        "deletedBy": null
      }
    },
    {
      "schemaVersion": 1,
      "taxonomyVersion": "5e-1.0",
      "id": "q_fr_grammaire_proposition_relative_0040",
      "blockId": "fr_grammaire_proposition_relative",
      "grade": "5e",
      "lang": "fr",
      "primaryTag": "fr_grammaire_proposition_relative",
      "type": "MCQ",
      "difficulty": 1,
      "statement": "Question d’entraînement sur la notion « fr grammaire proposition relative ».",
      "choices": [
        "Réponse correcte",
        "Distracteur 1",
        "Distracteur 2",
        "Distracteur 3"
      ],
      "answer": "Réponse correcte",
      "lessonRef": "definition",
      "explanation": "Cette question vérifie la compréhension de la notion.",
      "quality": {
        "status": "draft",
        "review": {
          "reviewedBy": null,
          "reviewedAt": null,
          "decision": null,
          "notes": null
        },
        "history": [
          {
            "at": "2025-12-27T00:00:00Z",
            "by": "import",
            "action": "created"
          }
        ],
        "deletedAt": null,
        "deletedBy": null
      }
    },
    {
      "schemaVersion": 1,
      "taxonomyVersion": "5e-1.0",
      "id": "q_fr_grammaire_proposition_relative_0041",
      "blockId": "fr_grammaire_proposition_relative",
      "grade": "5e",
      "lang": "fr",
      "primaryTag": "fr_grammaire_proposition_relative",
      "type": "MCQ",
      "difficulty": 2,
      "statement": "Question d’entraînement sur la notion « fr grammaire proposition relative ».",
      "choices": [
        "Réponse correcte",
        "Distracteur 1",
        "Distracteur 2",
        "Distracteur 3"
      ],
      "answer": "Réponse correcte",
      "lessonRef": "definition",
      "explanation": "Cette question vérifie la compréhension de la notion.",
      "quality": {
        "status": "draft",
        "review": {
          "reviewedBy": null,
          "reviewedAt": null,
          "decision": null,
          "notes": null
        },
        "history": [
          {
            "at": "2025-12-27T00:00:00Z",
            "by": "import",
            "action": "created"
          }
        ],
        "deletedAt": null,
        "deletedBy": null
      }
    },
    {
      "schemaVersion": 1,
      "taxonomyVersion": "5e-1.0",
      "id": "q_fr_grammaire_proposition_relative_0042",
      "blockId": "fr_grammaire_proposition_relative",
      "grade": "5e",
      "lang": "fr",
      "primaryTag": "fr_grammaire_proposition_relative",
      "type": "MCQ",
      "difficulty": 3,
      "statement": "Question d’entraînement sur la notion « fr grammaire proposition relative ».",
      "choices": [
        "Réponse correcte",
        "Distracteur 1",
        "Distracteur 2",
        "Distracteur 3"
      ],
      "answer": "Réponse correcte",
      "lessonRef": "definition",
      "explanation": "Cette question vérifie la compréhension de la notion.",
      "quality": {
        "status": "draft",
        "review": {
          "reviewedBy": null,
          "reviewedAt": null,
          "decision": null,
          "notes": null
        },
        "history": [
          {
            "at": "2025-12-27T00:00:00Z",
            "by": "import",
            "action": "created"
          }
        ],
        "deletedAt": null,
        "deletedBy": null
      }
    },
    {
      "schemaVersion": 1,
      "taxonomyVersion": "5e-1.0",
      "id": "q_fr_grammaire_proposition_relative_0043",
      "blockId": "fr_grammaire_proposition_relative",
      "grade": "5e",
      "lang": "fr",
      "primaryTag": "fr_grammaire_proposition_relative",
      "type": "MCQ",
      "difficulty": 3,
      "statement": "Question d’entraînement sur la notion « fr grammaire proposition relative ».",
      "choices": [
        "Réponse correcte",
        "Distracteur 1",
        "Distracteur 2",
        "Distracteur 3"
      ],
      "answer": "Réponse correcte",
      "lessonRef": "definition",
      "explanation": "Cette question vérifie la compréhension de la notion.",
      "quality": {
        "status": "draft",
        "review": {
          "reviewedBy": null,
          "reviewedAt": null,
          "decision": null,
          "notes": null
        },
        "history": [
          {
            "at": "2025-12-27T00:00:00Z",
            "by": "import",
            "action": "created"
          }
        ],
        "deletedAt": null,
        "deletedBy": null
      }
    },
    {
      "schemaVersion": 1,
      "taxonomyVersion": "5e-1.0",
      "id": "q_fr_grammaire_proposition_relative_0044",
      "blockId": "fr_grammaire_proposition_relative",
      "grade": "5e",
      "lang": "fr",
      "primaryTag": "fr_grammaire_proposition_relative",
      "type": "MCQ",
      "difficulty": 1,
      "statement": "Question d’entraînement sur la notion « fr grammaire proposition relative ».",
      "choices": [
        "Réponse correcte",
        "Distracteur 1",
        "Distracteur 2",
        "Distracteur 3"
      ],
      "answer": "Réponse correcte",
      "lessonRef": "definition",
      "explanation": "Cette question vérifie la compréhension de la notion.",
      "quality": {
        "status": "draft",
        "review": {
          "reviewedBy": null,
          "reviewedAt": null,
          "decision": null,
          "notes": null
        },
        "history": [
          {
            "at": "2025-12-27T00:00:00Z",
            "by": "import",
            "action": "created"
          }
        ],
        "deletedAt": null,
        "deletedBy": null
      }
    },
    {
      "schemaVersion": 1,
      "taxonomyVersion": "5e-1.0",
      "id": "q_fr_grammaire_proposition_relative_0045",
      "blockId": "fr_grammaire_proposition_relative",
      "grade": "5e",
      "lang": "fr",
      "primaryTag": "fr_grammaire_proposition_relative",
      "type": "MCQ",
      "difficulty": 2,
      "statement": "Question d’entraînement sur la notion « fr grammaire proposition relative ».",
      "choices": [
        "Réponse correcte",
        "Distracteur 1",
        "Distracteur 2",
        "Distracteur 3"
      ],
      "answer": "Réponse correcte",
      "lessonRef": "definition",
      "explanation": "Cette question vérifie la compréhension de la notion.",
      "quality": {
        "status": "draft",
        "review": {
          "reviewedBy": null,
          "reviewedAt": null,
          "decision": null,
          "notes": null
        },
        "history": [
          {
            "at": "2025-12-27T00:00:00Z",
            "by": "import",
            "action": "created"
          }
        ],
        "deletedAt": null,
        "deletedBy": null
      }
    },
    {
      "schemaVersion": 1,
      "taxonomyVersion": "5e-1.0",
      "id": "q_fr_grammaire_proposition_relative_0046",
      "blockId": "fr_grammaire_proposition_relative",
      "grade": "5e",
      "lang": "fr",
      "primaryTag": "fr_grammaire_proposition_relative",
      "type": "MCQ",
      "difficulty": 3,
      "statement": "Question d’entraînement sur la notion « fr grammaire proposition relative ».",
      "choices": [
        "Réponse correcte",
        "Distracteur 1",
        "Distracteur 2",
        "Distracteur 3"
      ],
      "answer": "Réponse correcte",
      "lessonRef": "definition",
      "explanation": "Cette question vérifie la compréhension de la notion.",
      "quality": {
        "status": "draft",
        "review": {
          "reviewedBy": null,
          "reviewedAt": null,
          "decision": null,
          "notes": null
        },
        "history": [
          {
            "at": "2025-12-27T00:00:00Z",
            "by": "import",
            "action": "created"
          }
        ],
        "deletedAt": null,
        "deletedBy": null
      }
    },
    {
      "schemaVersion": 1,
      "taxonomyVersion": "5e-1.0",
      "id": "q_fr_grammaire_proposition_relative_0047",
      "blockId": "fr_grammaire_proposition_relative",
      "grade": "5e",
      "lang": "fr",
      "primaryTag": "fr_grammaire_proposition_relative",
      "type": "MCQ",
      "difficulty": 2,
      "statement": "Question d’entraînement sur la notion « fr grammaire proposition relative ».",
      "choices": [
        "Réponse correcte",
        "Distracteur 1",
        "Distracteur 2",
        "Distracteur 3"
      ],
      "answer": "Réponse correcte",
      "lessonRef": "definition",
      "explanation": "Cette question vérifie la compréhension de la notion.",
      "quality": {
        "status": "draft",
        "review": {
          "reviewedBy": null,
          "reviewedAt": null,
          "decision": null,
          "notes": null
        },
        "history": [
          {
            "at": "2025-12-27T00:00:00Z",
            "by": "import",
            "action": "created"
          }
        ],
        "deletedAt": null,
        "deletedBy": null
      }
    },
    {
      "schemaVersion": 1,
      "taxonomyVersion": "5e-1.0",
      "id": "q_fr_grammaire_proposition_relative_0048",
      "blockId": "fr_grammaire_proposition_relative",
      "grade": "5e",
      "lang": "fr",
      "primaryTag": "fr_grammaire_proposition_relative",
      "type": "MCQ",
      "difficulty": 1,
      "statement": "Question d’entraînement sur la notion « fr grammaire proposition relative ».",
      "choices": [
        "Réponse correcte",
        "Distracteur 1",
        "Distracteur 2",
        "Distracteur 3"
      ],
      "answer": "Réponse correcte",
      "lessonRef": "definition",
      "explanation": "Cette question vérifie la compréhension de la notion.",
      "quality": {
        "status": "draft",
        "review": {
          "reviewedBy": null,
          "reviewedAt": null,
          "decision": null,
          "notes": null
        },
        "history": [
          {
            "at": "2025-12-27T00:00:00Z",
            "by": "import",
            "action": "created"
          }
        ],
        "deletedAt": null,
        "deletedBy": null
      }
    },
    {
      "schemaVersion": 1,
      "taxonomyVersion": "5e-1.0",
      "id": "q_fr_grammaire_proposition_relative_0049",
      "blockId": "fr_grammaire_proposition_relative",
      "grade": "5e",
      "lang": "fr",
      "primaryTag": "fr_grammaire_proposition_relative",
      "type": "MCQ",
      "difficulty": 1,
      "statement": "Question d’entraînement sur la notion « fr grammaire proposition relative ».",
      "choices": [
        "Réponse correcte",
        "Distracteur 1",
        "Distracteur 2",
        "Distracteur 3"
      ],
      "answer": "Réponse correcte",
      "lessonRef": "definition",
      "explanation": "Cette question vérifie la compréhension de la notion.",
      "quality": {
        "status": "draft",
        "review": {
          "reviewedBy": null,
          "reviewedAt": null,
          "decision": null,
          "notes": null
        },
        "history": [
          {
            "at": "2025-12-27T00:00:00Z",
            "by": "import",
            "action": "created"
          }
        ],
        "deletedAt": null,
        "deletedBy": null
      }
    },
    {
      "schemaVersion": 1,
      "taxonomyVersion": "5e-1.0",
      "id": "q_fr_grammaire_proposition_relative_0050",
      "blockId": "fr_grammaire_proposition_relative",
      "grade": "5e",
      "lang": "fr",
      "primaryTag": "fr_grammaire_proposition_relative",
      "type": "MCQ",
      "difficulty": 3,
      "statement": "Question d’entraînement sur la notion « fr grammaire proposition relative ».",
      "choices": [
        "Réponse correcte",
        "Distracteur 1",
        "Distracteur 2",
        "Distracteur 3"
      ],
      "answer": "Réponse correcte",
      "lessonRef": "definition",
      "explanation": "Cette question vérifie la compréhension de la notion.",
      "quality": {
        "status": "draft",
        "review": {
          "reviewedBy": null,
          "reviewedAt": null,
          "decision": null,
          "notes": null
        },
        "history": [
          {
            "at": "2025-12-27T00:00:00Z",
            "by": "import",
            "action": "created"
          }
        ],
        "deletedAt": null,
        "deletedBy": null
      }
    }
  ]
}