{
  "pack": {
    "schemaVersion": 1,
    "taxonomyVersion": "5e-1.0",
    "setId": "pack_fr_orthographe_accord_gn_50q_v1",
    "grade": "5e",
    "lang": "fr",
    "primaryTag": "fr_orthographe_accord_gn",
    "blockId": "fr_orthographe_accord_gn",
    "biomeId": "fr",
    "lessonTitle": "Rappel — fr orthographe accord gn",
    "lesson": "# Rappel — fr_orthographe_accord_gn\n\n## Définition {#definition}\nÀ compléter.\n\n## Méthode {#methode}\nÀ compléter.\n\n## Exemples {#exemples}\nÀ compléter.\n\n## Pièges fréquents {#pieges}\nÀ compléter.\n",
    "createdAt": "2025-12-27T00:00:00Z"
  },
  "questions": [
    {
      "schemaVersion": 1,
      "taxonomyVersion": "5e-1.0",
      "id": "q_fr_orthographe_accord_gn_0001",
      "blockId": "fr_orthographe_accord_gn",
      "grade": "5e",
      "lang": "fr",
      "primaryTag": "fr_orthographe_accord_gn",
      "type": "MCQ",
      "difficulty": 2,
      "statement": "Question d’entraînement sur la notion « fr orthographe accord gn ».",
      "choices": [
        "Réponse correcte",
        "Distracteur 1",
        "Distracteur 2",
        "Distracteur 3"
      ],
      "answer": "Réponse correcte",
      "lessonRef": "definition",
      "explanation": "Cette question vérifie la compréhension de la notion.",
      "quality": {
        "status": "draft",
        "review": {
          "reviewedBy": null,
          "reviewedAt": null,
          "decision": null,
          "notes": null
        },
        "history": [
          {
            "at": "2025-12-27T00:00:00Z",
            "by": "import",
            "action": "created"
          }
        ],
        "deletedAt": null,
        "deletedBy": null
      }
    },
    {
      "schemaVersion": 1,
      "taxonomyVersion": "5e-1.0",
      "id": "q_fr_orthographe_accord_gn_0002",
      "blockId": "fr_orthographe_accord_gn",
      "grade": "5e",
      "lang": "fr",
      "primaryTag": "fr_orthographe_accord_gn",
      "type": "MCQ",
      "difficulty": 2,
      "statement": "Question d’entraînement sur la notion « fr orthographe accord gn ».",
      "choices": [
        "Réponse correcte",
        "Distracteur 1",
        "Distracteur 2",
        "Distracteur 3"
      ],
      "answer": "Réponse correcte",
      "lessonRef": "definition",
      "explanation": "Cette question vérifie la compréhension de la notion.",
      "quality": {
        "status": "draft",
        "review": {
          "reviewedBy": null,
          "reviewedAt": null,
          "decision": null,
          "notes": null
        },
        "history": [
          {
            "at": "2025-12-27T00:00:00Z",
            "by": "import",
            "action": "created"
          }
        ],
        "deletedAt": null,
        "deletedBy": null
      }
    },
    {
      "schemaVersion": 1,
      "taxonomyVersion": "5e-1.0",
      "id": "q_fr_orthographe_accord_gn_0003",
      "blockId": "fr_orthographe_accord_gn",
      "grade": "5e",
      "lang": "fr",
      "primaryTag": "fr_orthographe_accord_gn",
      "type": "MCQ",
      "difficulty": 1,
      "statement": "Question d’entraînement sur la notion « fr orthographe accord gn ».",
      "choices": [
        "Réponse correcte",
        "Distracteur 1",
        "Distracteur 2",
        "Distracteur 3"
      ],
      "answer": "Réponse correcte",
      "lessonRef": "definition",
      "explanation": "Cette question vérifie la compréhension de la notion.",
      "quality": {
        "status": "draft",
        "review": {
          "reviewedBy": null,
          "reviewedAt": null,
          "decision": null,
          "notes": null
        },
        "history": [
          {
            "at": "2025-12-27T00:00:00Z",
            "by": "import",
            "action": "created"
          }
        ],
        "deletedAt": null,
        "deletedBy": null
      }
    },
    {
      "schemaVersion": 1,
      "taxonomyVersion": "5e-1.0",
      "id": "q_fr_orthographe_accord_gn_0004",
      "blockId": "fr_orthographe_accord_gn",
      "grade": "5e",
      "lang": "fr",
      "primaryTag": "fr_orthographe_accord_gn",
      "type": "MCQ",
      "difficulty": 3,
      "statement": "Question d’entraînement sur la notion « fr orthographe accord gn ».",
      "choices": [
        "Réponse correcte",
        "Distracteur 1",
        "Distracteur 2",
        "Distracteur 3"
      ],
      "answer": "Réponse correcte",
      "lessonRef": "definition",
      "explanation": "Cette question vérifie la compréhension de la notion.",
      "quality": {
        "status": "draft",
        "review": {
          "reviewedBy": null,
          "reviewedAt": null,
          "decision": null,
          "notes": null
        },
        "history": [
          {
            "at": "2025-12-27T00:00:00Z",
            "by": "import",
            "action": "created"
          }
        ],
        "deletedAt": null,
        "deletedBy": null
      }
    },
    {
      "schemaVersion": 1,
      "taxonomyVersion": "5e-1.0",
      "id": "q_fr_orthographe_accord_gn_0005",
      "blockId": "fr_orthographe_accord_gn",
      "grade": "5e",
      "lang": "fr",
      "primaryTag": "fr_orthographe_accord_gn",
      "type": "MCQ",
      "difficulty": 2,
      "statement": "Question d’entraînement sur la notion « fr orthographe accord gn ».",
      "choices": [
        "Réponse correcte",
        "Distracteur 1",
        "Distracteur 2",
        "Distracteur 3"
      ],
      "answer": "Réponse correcte",
      "lessonRef": "definition",
      "explanation": "Cette question vérifie la compréhension de la notion.",
      "quality": {
        "status": "draft",
        "review": {
          "reviewedBy": null,
          "reviewedAt": null,
          "decision": null,
          "notes": null
        },
        "history": [
          {
            "at": "2025-12-27T00:00:00Z",
            "by": "import",
            "action": "created"
          }
        ],
        "deletedAt": null,
        "deletedBy": null
      }
    },
    {
      "schemaVersion": 1,
      "taxonomyVersion": "5e-1.0",
      "id": "q_fr_orthographe_accord_gn_0006",
      "blockId": "fr_orthographe_accord_gn",
      "grade": "5e",
      "lang": "fr",
      "primaryTag": "fr_orthographe_accord_gn",
      "type": "MCQ",
      "difficulty": 1,
      "statement": "Question d’entraînement sur la notion « fr orthographe accord gn ».",
      "choices": [
        "Réponse correcte",
        "Distracteur 1",
        "Distracteur 2",
        "Distracteur 3"
      ],
      "answer": "Réponse correcte",
      "lessonRef": "definition",
      "explanation": "Cette question vérifie la compréhension de la notion.",
      "quality": {
        "status": "draft",
        "review": {
          "reviewedBy": null,
          "reviewedAt": null,
          "decision": null,
          "notes": null
        },
        "history": [
          {
            "at": "2025-12-27T00:00:00Z",
            "by": "import",
            "action": "created"
          }
        ],
        "deletedAt": null,
        "deletedBy": null
      }
    },
    {
      "schemaVersion": 1,
      "taxonomyVersion": "5e-1.0",
      "id": "q_fr_orthographe_accord_gn_0007",
      "blockId": "fr_orthographe_accord_gn",
      "grade": "5e",
      "lang": "fr",
      "primaryTag": "fr_orthographe_accord_gn",
      "type": "MCQ",
      "difficulty": 2,
      "statement": "Question d’entraînement sur la notion « fr orthographe accord gn ».",
      "choices": [
        "Réponse correcte",
        "Distracteur 1",
        "Distracteur 2",
        "Distracteur 3"
      ],
      "answer": "Réponse correcte",
      "lessonRef": "definition",
      "explanation": "Cette question vérifie la compréhension de la notion.",
      "quality": {
        "status": "draft",
        "review": {
          "reviewedBy": null,
          "reviewedAt": null,
          "decision": null,
          "notes": null
        },
        "history": [
          {
            "at": "2025-12-27T00:00:00Z",
            "by": "import",
            "action": "created"
          }
        ],
        "deletedAt": null,
        "deletedBy": null
      }
    },
    {
      "schemaVersion": 1,
      "taxonomyVersion": "5e-1.0",
      "id": "q_fr_orthographe_accord_gn_0008",
      "blockId": "fr_orthographe_accord_gn",
      "grade": "5e",
      "lang": "fr",
      "primaryTag": "fr_orthographe_accord_gn",
      "type": "MCQ",
      "difficulty": 2,
      "statement": "Question d’entraînement sur la notion « fr orthographe accord gn ».",
      "choices": [
        "Réponse correcte",
        "Distracteur 1",
        "Distracteur 2",
        "Distracteur 3"
      ],
      "answer": "Réponse correcte",
      "lessonRef": "definition",
      "explanation": "Cette question vérifie la compréhension de la notion.",
      "quality": {
        "status": "draft",
        "review": {
          "reviewedBy": null,
          "reviewedAt": null,
          "decision": null,
          "notes": null
        },
        "history": [
          {
            "at": "2025-12-27T00:00:00Z",
            "by": "import",
            "action": "created"
          }
        ],
        "deletedAt": null,
        "deletedBy": null
      }
    },
    {
      "schemaVersion": 1,
      "taxonomyVersion": "5e-1.0",
      "id": "q_fr_orthographe_accord_gn_0009",
      "blockId": "fr_orthographe_accord_gn",
      "grade": "5e",
      "lang": "fr",
      "primaryTag": "fr_orthographe_accord_gn",
      "type": "MCQ",
      "difficulty": 3,
      "statement": "Question d’entraînement sur la notion « fr orthographe accord gn ».",
      "choices": [
        "Réponse correcte",
        "Distracteur 1",
        "Distracteur 2",
        "Distracteur 3"
      ],
      "answer": "Réponse correcte",
      "lessonRef": "definition",
      "explanation": "Cette question vérifie la compréhension de la notion.",
      "quality": {
        "status": "draft",
        "review": {
          "reviewedBy": null,
          "reviewedAt": null,
          "decision": null,
          "notes": null
        },
        "history": [
          {
            "at": "2025-12-27T00:00:00Z",
            "by": "import",
            "action": "created"
          }
        ],
        "deletedAt": null,
        "deletedBy": null
      }
    },
    {
      "schemaVersion": 1,
      "taxonomyVersion": "5e-1.0",
      "id": "q_fr_orthographe_accord_gn_0010",
      "blockId": "fr_orthographe_accord_gn",
      "grade": "5e",
      "lang": "fr",
      "primaryTag": "fr_orthographe_accord_gn",
      "type": "MCQ",
      "difficulty": 3,
      "statement": "Question d’entraînement sur la notion « fr orthographe accord gn ».",
      "choices": [
        "Réponse correcte",
        "Distracteur 1",
        "Distracteur 2",
        "Distracteur 3"
      ],
      "answer": "Réponse correcte",
      "lessonRef": "definition",
      "explanation": "Cette question vérifie la compréhension de la notion.",
      "quality": {
        "status": "draft",
        "review": {
          "reviewedBy": null,
          "reviewedAt": null,
          "decision": null,
          "notes": null
        },
        "history": [
          {
            "at": "2025-12-27T00:00:00Z",
            "by": "import",
            "action": "created"
          }
        ],
        "deletedAt": null,
        "deletedBy": null
      }
    },
    {
      "schemaVersion": 1,
      "taxonomyVersion": "5e-1.0",
      "id": "q_fr_orthographe_accord_gn_0011",
      "blockId": "fr_orthographe_accord_gn",
      "grade": "5e",
      "lang": "fr",
      "primaryTag": "fr_orthographe_accord_gn",
      "type": "MCQ",
      "difficulty": 3,
      "statement": "Question d’entraînement sur la notion « fr orthographe accord gn ».",
      "choices": [
        "Réponse correcte",
        "Distracteur 1",
        "Distracteur 2",
        "Distracteur 3"
      ],
      "answer": "Réponse correcte",
      "lessonRef": "definition",
      "explanation": "Cette question vérifie la compréhension de la notion.",
      "quality": {
        "status": "draft",
        "review": {
          "reviewedBy": null,
          "reviewedAt": null,
          "decision": null,
          "notes": null
        },
        "history": [
          {
            "at": "2025-12-27T00:00:00Z",
            "by": "import",
            "action": "created"
          }
        ],
        "deletedAt": null,
        "deletedBy": null
      }
    },
    {
      "schemaVersion": 1,
      "taxonomyVersion": "5e-1.0",
      "id": "q_fr_orthographe_accord_gn_0012",
      "blockId": "fr_orthographe_accord_gn",
      "grade": "5e",
      "lang": "fr",
      "primaryTag": "fr_orthographe_accord_gn",
      "type": "MCQ",
      "difficulty": 3,
      "statement": "Question d’entraînement sur la notion « fr orthographe accord gn ».",
      "choices": [
        "Réponse correcte",
        "Distracteur 1",
        "Distracteur 2",
        "Distracteur 3"
      ],
      "answer": "Réponse correcte",
      "lessonRef": "definition",
      "explanation": "Cette question vérifie la compréhension de la notion.",
      "quality": {
        "status": "draft",
        "review": {
          "reviewedBy": null,
          "reviewedAt": null,
          "decision": null,
          "notes": null
        },
        "history": [
          {
            "at": "2025-12-27T00:00:00Z",
            "by": "import",
            "action": "created"
          }
        ],
        "deletedAt": null,
        "deletedBy": null
      }
    },
    {
      "schemaVersion": 1,
      "taxonomyVersion": "5e-1.0",
      "id": "q_fr_orthographe_accord_gn_0013",
      "blockId": "fr_orthographe_accord_gn",
      "grade": "5e",
      "lang": "fr",
      "primaryTag": "fr_orthographe_accord_gn",
      "type": "MCQ",
      "difficulty": 1,
      "statement": "Question d’entraînement sur la notion « fr orthographe accord gn ».",
      "choices": [
        "Réponse correcte",
        "Distracteur 1",
        "Distracteur 2",
        "Distracteur 3"
      ],
      "answer": "Réponse correcte",
      "lessonRef": "definition",
      "explanation": "Cette question vérifie la compréhension de la notion.",
      "quality": {
        "status": "draft",
        "review": {
          "reviewedBy": null,
          "reviewedAt": null,
          "decision": null,
          "notes": null
        },
        "history": [
          {
            "at": "2025-12-27T00:00:00Z",
            "by": "import",
            "action": "created"
          }
        ],
        "deletedAt": null,
        "deletedBy": null
      }
    },
    {
      "schemaVersion": 1,
      "taxonomyVersion": "5e-1.0",
      "id": "q_fr_orthographe_accord_gn_0014",
      "blockId": "fr_orthographe_accord_gn",
      "grade": "5e",
      "lang": "fr",
      "primaryTag": "fr_orthographe_accord_gn",
      "type": "MCQ",
      "difficulty": 2,
      "statement": "Question d’entraînement sur la notion « fr orthographe accord gn ».",
      "choices": [
        "Réponse correcte",
        "Distracteur 1",
        "Distracteur 2",
        "Distracteur 3"
      ],
      "answer": "Réponse correcte",
      "lessonRef": "definition",
      "explanation": "Cette question vérifie la compréhension de la notion.",
      "quality": {
        "status": "draft",
        "review": {
          "reviewedBy": null,
          "reviewedAt": null,
          "decision": null,
          "notes": null
        },
        "history": [
          {
            "at": "2025-12-27T00:00:00Z",
            "by": "import",
            "action": "created"
          }
        ],
        "deletedAt": null,
        "deletedBy": null
      }
    },
    {
      "schemaVersion": 1,
      "taxonomyVersion": "5e-1.0",
      "id": "q_fr_orthographe_accord_gn_0015",
      "blockId": "fr_orthographe_accord_gn",
      "grade": "5e",
      "lang": "fr",
      "primaryTag": "fr_orthographe_accord_gn",
      "type": "MCQ",
      "difficulty": 3,
      "statement": "Question d’entraînement sur la notion « fr orthographe accord gn ».",
      "choices": [
        "Réponse correcte",
        "Distracteur 1",
        "Distracteur 2",
        "Distracteur 3"
      ],
      "answer": "Réponse correcte",
      "lessonRef": "definition",
      "explanation": "Cette question vérifie la compréhension de la notion.",
      "quality": {
        "status": "draft",
        "review": {
          "reviewedBy": null,
          "reviewedAt": null,
          "decision": null,
          "notes": null
        },
        "history": [
          {
            "at": "2025-12-27T00:00:00Z",
            "by": "import",
            "action": "created"
          }
        ],
        "deletedAt": null,
        "deletedBy": null
      }
    },
    {
      "schemaVersion": 1,
      "taxonomyVersion": "5e-1.0",
      "id": "q_fr_orthographe_accord_gn_0016",
      "blockId": "fr_orthographe_accord_gn",
      "grade": "5e",
      "lang": "fr",
      "primaryTag": "fr_orthographe_accord_gn",
      "type": "MCQ",
      "difficulty": 3,
      "statement": "Question d’entraînement sur la notion « fr orthographe accord gn ».",
      "choices": [
        "Réponse correcte",
        "Distracteur 1",
        "Distracteur 2",
        "Distracteur 3"
      ],
      "answer": "Réponse correcte",
      "lessonRef": "definition",
      "explanation": "Cette question vérifie la compréhension de la notion.",
      "quality": {
        "status": "draft",
        "review": {
          "reviewedBy": null,
          "reviewedAt": null,
          "decision": null,
          "notes": null
        },
        "history": [
          {
            "at": "2025-12-27T00:00:00Z",
            "by": "import",
            "action": "created"
          }
        ],
        "deletedAt": null,
        "deletedBy": null
      }
    },
    {
      "schemaVersion": 1,
      "taxonomyVersion": "5e-1.0",
      "id": "q_fr_orthographe_accord_gn_0017",
      "blockId": "fr_orthographe_accord_gn",
      "grade": "5e",
      "lang": "fr",
      "primaryTag": "fr_orthographe_accord_gn",
      "type": "MCQ",
      "difficulty": 1,
      "statement": "Question d’entraînement sur la notion « fr orthographe accord gn ».",
      "choices": [
        "Réponse correcte",
        "Distracteur 1",
        "Distracteur 2",
        "Distracteur 3"
      ],
      "answer": "Réponse correcte",
      "lessonRef": "definition",
      "explanation": "Cette question vérifie la compréhension de la notion.",
      "quality": {
        "status": "draft",
        "review": {
          "reviewedBy": null,
          "reviewedAt": null,
          "decision": null,
          "notes": null
        },
        "history": [
          {
            "at": "2025-12-27T00:00:00Z",
            "by": "import",
            "action": "created"
          }
        ],
        "deletedAt": null,
        "deletedBy": null
      }
    },
    {
      "schemaVersion": 1,
      "taxonomyVersion": "5e-1.0",
      "id": "q_fr_orthographe_accord_gn_0018",
      "blockId": "fr_orthographe_accord_gn",
      "grade": "5e",
      "lang": "fr",
      "primaryTag": "fr_orthographe_accord_gn",
      "type": "MCQ",
      "difficulty": 1,
      "statement": "Question d’entraînement sur la notion « fr orthographe accord gn ».",
      "choices": [
        "Réponse correcte",
        "Distracteur 1",
        "Distracteur 2",
        "Distracteur 3"
      ],
      "answer": "Réponse correcte",
      "lessonRef": "definition",
      "explanation": "Cette question vérifie la compréhension de la notion.",
      "quality": {
        "status": "draft",
        "review": {
          "reviewedBy": null,
          "reviewedAt": null,
          "decision": null,
          "notes": null
        },
        "history": [
          {
            "at": "2025-12-27T00:00:00Z",
            "by": "import",
            "action": "created"
          }
        ],
        "deletedAt": null,
        "deletedBy": null
      }
    },
    {
      "schemaVersion": 1,
      "taxonomyVersion": "5e-1.0",
      "id": "q_fr_orthographe_accord_gn_0019",
      "blockId": "fr_orthographe_accord_gn",
      "grade": "5e",
      "lang": "fr",
      "primaryTag": "fr_orthographe_accord_gn",
      "type": "MCQ",
      "difficulty": 1,
      "statement": "Question d’entraînement sur la notion « fr orthographe accord gn ».",
      "choices": [
        "Réponse correcte",
        "Distracteur 1",
        "Distracteur 2",
        "Distracteur 3"
      ],
      "answer": "Réponse correcte",
      "lessonRef": "definition",
      "explanation": "Cette question vérifie la compréhension de la notion.",
      "quality": {
        "status": "draft",
        "review": {
          "reviewedBy": null,
          "reviewedAt": null,
          "decision": null,
          "notes": null
        },
        "history": [
          {
            "at": "2025-12-27T00:00:00Z",
            "by": "import",
            "action": "created"
          }
        ],
        "deletedAt": null,
        "deletedBy": null
      }
    },
    {
      "schemaVersion": 1,
      "taxonomyVersion": "5e-1.0",
      "id": "q_fr_orthographe_accord_gn_0020",
      "blockId": "fr_orthographe_accord_gn",
      "grade": "5e",
      "lang": "fr",
      "primaryTag": "fr_orthographe_accord_gn",
      "type": "MCQ",
      "difficulty": 2,
      "statement": "Question d’entraînement sur la notion « fr orthographe accord gn ».",
      "choices": [
        "Réponse correcte",
        "Distracteur 1",
        "Distracteur 2",
        "Distracteur 3"
      ],
      "answer": "Réponse correcte",
      "lessonRef": "definition",
      "explanation": "Cette question vérifie la compréhension de la notion.",
      "quality": {
        "status": "draft",
        "review": {
          "reviewedBy": null,
          "reviewedAt": null,
          "decision": null,
          "notes": null
        },
        "history": [
          {
            "at": "2025-12-27T00:00:00Z",
            "by": "import",
            "action": "created"
          }
        ],
        "deletedAt": null,
        "deletedBy": null
      }
    },
    {
      "schemaVersion": 1,
      "taxonomyVersion": "5e-1.0",
      "id": "q_fr_orthographe_accord_gn_0021",
      "blockId": "fr_orthographe_accord_gn",
      "grade": "5e",
      "lang": "fr",
      "primaryTag": "fr_orthographe_accord_gn",
      "type": "MCQ",
      "difficulty": 3,
      "statement": "Question d’entraînement sur la notion « fr orthographe accord gn ».",
      "choices": [
        "Réponse correcte",
        "Distracteur 1",
        "Distracteur 2",
        "Distracteur 3"
      ],
      "answer": "Réponse correcte",
      "lessonRef": "definition",
      "explanation": "Cette question vérifie la compréhension de la notion.",
      "quality": {
        "status": "draft",
        "review": {
          "reviewedBy": null,
          "reviewedAt": null,
          "decision": null,
          "notes": null
        },
        "history": [
          {
            "at": "2025-12-27T00:00:00Z",
            "by": "import",
            "action": "created"
          }
        ],
        "deletedAt": null,
        "deletedBy": null
      }
    },
    {
      "schemaVersion": 1,
      "taxonomyVersion": "5e-1.0",
      "id": "q_fr_orthographe_accord_gn_0022",
      "blockId": "fr_orthographe_accord_gn",
      "grade": "5e",
      "lang": "fr",
      "primaryTag": "fr_orthographe_accord_gn",
      "type": "MCQ",
      "difficulty": 3,
      "statement": "Question d’entraînement sur la notion « fr orthographe accord gn ».",
      "choices": [
        "Réponse correcte",
        "Distracteur 1",
        "Distracteur 2",
        "Distracteur 3"
      ],
      "answer": "Réponse correcte",
      "lessonRef": "definition",
      "explanation": "Cette question vérifie la compréhension de la notion.",
      "quality": {
        "status": "draft",
        "review": {
          "reviewedBy": null,
          "reviewedAt": null,
          "decision": null,
          "notes": null
        },
        "history": [
          {
            "at": "2025-12-27T00:00:00Z",
            "by": "import",
            "action": "created"
          }
        ],
        "deletedAt": null,
        "deletedBy": null
      }
    },
    {
      "schemaVersion": 1,
      "taxonomyVersion": "5e-1.0",
      "id": "q_fr_orthographe_accord_gn_0023",
      "blockId": "fr_orthographe_accord_gn",
      "grade": "5e",
      "lang": "fr",
      "primaryTag": "fr_orthographe_accord_gn",
      "type": "MCQ",
      "difficulty": 3,
      "statement": "Question d’entraînement sur la notion « fr orthographe accord gn ».",
      "choices": [
        "Réponse correcte",
        "Distracteur 1",
        "Distracteur 2",
        "Distracteur 3"
      ],
      "answer": "Réponse correcte",
      "lessonRef": "definition",
      "explanation": "Cette question vérifie la compréhension de la notion.",
      "quality": {
        "status": "draft",
        "review": {
          "reviewedBy": null,
          "reviewedAt": null,
          "decision": null,
          "notes": null
        },
        "history": [
          {
            "at": "2025-12-27T00:00:00Z",
            "by": "import",
            "action": "created"
          }
        ],
        "deletedAt": null,
        "deletedBy": null
      }
    },
    {
      "schemaVersion": 1,
      "taxonomyVersion": "5e-1.0",
      "id": "q_fr_orthographe_accord_gn_0024",
      "blockId": "fr_orthographe_accord_gn",
      "grade": "5e",
      "lang": "fr",
      "primaryTag": "fr_orthographe_accord_gn",
      "type": "MCQ",
      "difficulty": 3,
      "statement": "Question d’entraînement sur la notion « fr orthographe accord gn ».",
      "choices": [
        "Réponse correcte",
        "Distracteur 1",
        "Distracteur 2",
        "Distracteur 3"
      ],
      "answer": "Réponse correcte",
      "lessonRef": "definition",
      "explanation": "Cette question vérifie la compréhension de la notion.",
      "quality": {
        "status": "draft",
        "review": {
          "reviewedBy": null,
          "reviewedAt": null,
          "decision": null,
          "notes": null
        },
        "history": [
          {
            "at": "2025-12-27T00:00:00Z",
            "by": "import",
            "action": "created"
          }
        ],
        "deletedAt": null,
        "deletedBy": null
      }
    },
    {
      "schemaVersion": 1,
      "taxonomyVersion": "5e-1.0",
      "id": "q_fr_orthographe_accord_gn_0025",
      "blockId": "fr_orthographe_accord_gn",
      "grade": "5e",
      "lang": "fr",
      "primaryTag": "fr_orthographe_accord_gn",
      "type": "MCQ",
      "difficulty": 3,
      "statement": "Question d’entraînement sur la notion « fr orthographe accord gn ».",
      "choices": [
        "Réponse correcte",
        "Distracteur 1",
        "Distracteur 2",
        "Distracteur 3"
      ],
      "answer": "Réponse correcte",
      "lessonRef": "definition",
      "explanation": "Cette question vérifie la compréhension de la notion.",
      "quality": {
        "status": "draft",
        "review": {
          "reviewedBy": null,
          "reviewedAt": null,
          "decision": null,
          "notes": null
        },
        "history": [
          {
            "at": "2025-12-27T00:00:00Z",
            "by": "import",
            "action": "created"
          }
        ],
        "deletedAt": null,
        "deletedBy": null
      }
    },
    {
      "schemaVersion": 1,
      "taxonomyVersion": "5e-1.0",
      "id": "q_fr_orthographe_accord_gn_0026",
      "blockId": "fr_orthographe_accord_gn",
      "grade": "5e",
      "lang": "fr",
      "primaryTag": "fr_orthographe_accord_gn",
      "type": "MCQ",
      "difficulty": 1,
      "statement": "Question d’entraînement sur la notion « fr orthographe accord gn ».",
      "choices": [
        "Réponse correcte",
        "Distracteur 1",
        "Distracteur 2",
        "Distracteur 3"
      ],
      "answer": "Réponse correcte",
      "lessonRef": "definition",
      "explanation": "Cette question vérifie la compréhension de la notion.",
      "quality": {
        "status": "draft",
        "review": {
          "reviewedBy": null,
          "reviewedAt": null,
          "decision": null,
          "notes": null
        },
        "history": [
          {
            "at": "2025-12-27T00:00:00Z",
            "by": "import",
            "action": "created"
          }
        ],
        "deletedAt": null,
        "deletedBy": null
      }
    },
    {
      "schemaVersion": 1,
      "taxonomyVersion": "5e-1.0",
      "id": "q_fr_orthographe_accord_gn_0027",
      "blockId": "fr_orthographe_accord_gn",
      "grade": "5e",
      "lang": "fr",
      "primaryTag": "fr_orthographe_accord_gn",
      "type": "MCQ",
      "difficulty": 3,
      "statement": "Question d’entraînement sur la notion « fr orthographe accord gn ».",
      "choices": [
        "Réponse correcte",
        "Distracteur 1",
        "Distracteur 2",
        "Distracteur 3"
      ],
      "answer": "Réponse correcte",
      "lessonRef": "definition",
      "explanation": "Cette question vérifie la compréhension de la notion.",
      "quality": {
        "status": "draft",
        "review": {
          "reviewedBy": null,
          "reviewedAt": null,
          "decision": null,
          "notes": null
        },
        "history": [
          {
            "at": "2025-12-27T00:00:00Z",
            "by": "import",
            "action": "created"
          }
        ],
        "deletedAt": null,
        "deletedBy": null
      }
    },
    {
      "schemaVersion": 1,
      "taxonomyVersion": "5e-1.0",
      "id": "q_fr_orthographe_accord_gn_0028",
      "blockId": "fr_orthographe_accord_gn",
      "grade": "5e",
      "lang": "fr",
      "primaryTag": "fr_orthographe_accord_gn",
      "type": "MCQ",
      "difficulty": 3,
      "statement": "Question d’entraînement sur la notion « fr orthographe accord gn ».",
      "choices": [
        "Réponse correcte",
        "Distracteur 1",
        "Distracteur 2",
        "Distracteur 3"
      ],
      "answer": "Réponse correcte",
      "lessonRef": "definition",
      "explanation": "Cette question vérifie la compréhension de la notion.",
      "quality": {
        "status": "draft",
        "review": {
          "reviewedBy": null,
          "reviewedAt": null,
          "decision": null,
          "notes": null
        },
        "history": [
          {
            "at": "2025-12-27T00:00:00Z",
            "by": "import",
            "action": "created"
          }
        ],
        "deletedAt": null,
        "deletedBy": null
      }
    },
    {
      "schemaVersion": 1,
      "taxonomyVersion": "5e-1.0",
      "id": "q_fr_orthographe_accord_gn_0029",
      "blockId": "fr_orthographe_accord_gn",
      "grade": "5e",
      "lang": "fr",
      "primaryTag": "fr_orthographe_accord_gn",
      "type": "MCQ",
      "difficulty": 2,
      "statement": "Question d’entraînement sur la notion « fr orthographe accord gn ».",
      "choices": [
        "Réponse correcte",
        "Distracteur 1",
        "Distracteur 2",
        "Distracteur 3"
      ],
      "answer": "Réponse correcte",
      "lessonRef": "definition",
      "explanation": "Cette question vérifie la compréhension de la notion.",
      "quality": {
        "status": "draft",
        "review": {
          "reviewedBy": null,
          "reviewedAt": null,
          "decision": null,
          "notes": null
        },
        "history": [
          {
            "at": "2025-12-27T00:00:00Z",
            "by": "import",
            "action": "created"
          }
        ],
        "deletedAt": null,
        "deletedBy": null
      }
    },
    {
      "schemaVersion": 1,
      "taxonomyVersion": "5e-1.0",
      "id": "q_fr_orthographe_accord_gn_0030",
      "blockId": "fr_orthographe_accord_gn",
      "grade": "5e",
      "lang": "fr",
      "primaryTag": "fr_orthographe_accord_gn",
      "type": "MCQ",
      "difficulty": 3,
      "statement": "Question d’entraînement sur la notion « fr orthographe accord gn ».",
      "choices": [
        "Réponse correcte",
        "Distracteur 1",
        "Distracteur 2",
        "Distracteur 3"
      ],
      "answer": "Réponse correcte",
      "lessonRef": "definition",
      "explanation": "Cette question vérifie la compréhension de la notion.",
      "quality": {
        "status": "draft",
        "review": {
          "reviewedBy": null,
          "reviewedAt": null,
          "decision": null,
          "notes": null
        },
        "history": [
          {
            "at": "2025-12-27T00:00:00Z",
            "by": "import",
            "action": "created"
          }
        ],
        "deletedAt": null,
        "deletedBy": null
      }
    },
    {
      "schemaVersion": 1,
      "taxonomyVersion": "5e-1.0",
      "id": "q_fr_orthographe_accord_gn_0031",
      "blockId": "fr_orthographe_accord_gn",
      "grade": "5e",
      "lang": "fr",
      "primaryTag": "fr_orthographe_accord_gn",
      "type": "MCQ",
      "difficulty": 1,
      "statement": "Question d’entraînement sur la notion « fr orthographe accord gn ».",
      "choices": [
        "Réponse correcte",
        "Distracteur 1",
        "Distracteur 2",
        "Distracteur 3"
      ],
      "answer": "Réponse correcte",
      "lessonRef": "definition",
      "explanation": "Cette question vérifie la compréhension de la notion.",
      "quality": {
        "status": "draft",
        "review": {
          "reviewedBy": null,
          "reviewedAt": null,
          "decision": null,
          "notes": null
        },
        "history": [
          {
            "at": "2025-12-27T00:00:00Z",
            "by": "import",
            "action": "created"
          }
        ],
        "deletedAt": null,
        "deletedBy": null
      }
    },
    {
      "schemaVersion": 1,
      "taxonomyVersion": "5e-1.0",
      "id": "q_fr_orthographe_accord_gn_0032",
      "blockId": "fr_orthographe_accord_gn",
      "grade": "5e",
      "lang": "fr",
      "primaryTag": "fr_orthographe_accord_gn",
      "type": "MCQ",
      "difficulty": 3,
      "statement": "Question d’entraînement sur la notion « fr orthographe accord gn ».",
      "choices": [
        "Réponse correcte",
        "Distracteur 1",
        "Distracteur 2",
        "Distracteur 3"
      ],
      "answer": "Réponse correcte",
      "lessonRef": "definition",
      "explanation": "Cette question vérifie la compréhension de la notion.",
      "quality": {
        "status": "draft",
        "review": {
          "reviewedBy": null,
          "reviewedAt": null,
          "decision": null,
          "notes": null
        },
        "history": [
          {
            "at": "2025-12-27T00:00:00Z",
            "by": "import",
            "action": "created"
          }
        ],
        "deletedAt": null,
        "deletedBy": null
      }
    },
    {
      "schemaVersion": 1,
      "taxonomyVersion": "5e-1.0",
      "id": "q_fr_orthographe_accord_gn_0033",
      "blockId": "fr_orthographe_accord_gn",
      "grade": "5e",
      "lang": "fr",
      "primaryTag": "fr_orthographe_accord_gn",
      "type": "MCQ",
      "difficulty": 1,
      "statement": "Question d’entraînement sur la notion « fr orthographe accord gn ».",
      "choices": [
        "Réponse correcte",
        "Distracteur 1",
        "Distracteur 2",
        "Distracteur 3"
      ],
      "answer": "Réponse correcte",
      "lessonRef": "definition",
      "explanation": "Cette question vérifie la compréhension de la notion.",
      "quality": {
        "status": "draft",
        "review": {
          "reviewedBy": null,
          "reviewedAt": null,
          "decision": null,
          "notes": null
        },
        "history": [
          {
            "at": "2025-12-27T00:00:00Z",
            "by": "import",
            "action": "created"
          }
        ],
        "deletedAt": null,
        "deletedBy": null
      }
    },
    {
      "schemaVersion": 1,
      "taxonomyVersion": "5e-1.0",
      "id": "q_fr_orthographe_accord_gn_0034",
      "blockId": "fr_orthographe_accord_gn",
      "grade": "5e",
      "lang": "fr",
      "primaryTag": "fr_orthographe_accord_gn",
      "type": "MCQ",
      "difficulty": 3,
      "statement": "Question d’entraînement sur la notion « fr orthographe accord gn ».",
      "choices": [
        "Réponse correcte",
        "Distracteur 1",
        "Distracteur 2",
        "Distracteur 3"
      ],
      "answer": "Réponse correcte",
      "lessonRef": "definition",
      "explanation": "Cette question vérifie la compréhension de la notion.",
      "quality": {
        "status": "draft",
        "review": {
          "reviewedBy": null,
          "reviewedAt": null,
          "decision": null,
          "notes": null
        },
        "history": [
          {
            "at": "2025-12-27T00:00:00Z",
            "by": "import",
            "action": "created"
          }
        ],
        "deletedAt": null,
        "deletedBy": null
      }
    },
    {
      "schemaVersion": 1,
      "taxonomyVersion": "5e-1.0",
      "id": "q_fr_orthographe_accord_gn_0035",
      "blockId": "fr_orthographe_accord_gn",
      "grade": "5e",
      "lang": "fr",
      "primaryTag": "fr_orthographe_accord_gn",
      "type": "MCQ",
      "difficulty": 2,
      "statement": "Question d’entraînement sur la notion « fr orthographe accord gn ».",
      "choices": [
        "Réponse correcte",
        "Distracteur 1",
        "Distracteur 2",
        "Distracteur 3"
      ],
      "answer": "Réponse correcte",
      "lessonRef": "definition",
      "explanation": "Cette question vérifie la compréhension de la notion.",
      "quality": {
        "status": "draft",
        "review": {
          "reviewedBy": null,
          "reviewedAt": null,
          "decision": null,
          "notes": null
        },
        "history": [
          {
            "at": "2025-12-27T00:00:00Z",
            "by": "import",
            "action": "created"
          }
        ],
        "deletedAt": null,
        "deletedBy": null
      }
    },
    {
      "schemaVersion": 1,
      "taxonomyVersion": "5e-1.0",
      "id": "q_fr_orthographe_accord_gn_0036",
      "blockId": "fr_orthographe_accord_gn",
      "grade": "5e",
      "lang": "fr",
      "primaryTag": "fr_orthographe_accord_gn",
      "type": "MCQ",
      "difficulty": 2,
      "statement": "Question d’entraînement sur la notion « fr orthographe accord gn ».",
      "choices": [
        "Réponse correcte",
        "Distracteur 1",
        "Distracteur 2",
        "Distracteur 3"
      ],
      "answer": "Réponse correcte",
      "lessonRef": "definition",
      "explanation": "Cette question vérifie la compréhension de la notion.",
      "quality": {
        "status": "draft",
        "review": {
          "reviewedBy": null,
          "reviewedAt": null,
          "decision": null,
          "notes": null
        },
        "history": [
          {
            "at": "2025-12-27T00:00:00Z",
            "by": "import",
            "action": "created"
          }
        ],
        "deletedAt": null,
        "deletedBy": null
      }
    },
    {
      "schemaVersion": 1,
      "taxonomyVersion": "5e-1.0",
      "id": "q_fr_orthographe_accord_gn_0037",
      "blockId": "fr_orthographe_accord_gn",
      "grade": "5e",
      "lang": "fr",
      "primaryTag": "fr_orthographe_accord_gn",
      "type": "MCQ",
      "difficulty": 3,
      "statement": "Question d’entraînement sur la notion « fr orthographe accord gn ».",
      "choices": [
        "Réponse correcte",
        "Distracteur 1",
        "Distracteur 2",
        "Distracteur 3"
      ],
      "answer": "Réponse correcte",
      "lessonRef": "definition",
      "explanation": "Cette question vérifie la compréhension de la notion.",
      "quality": {
        "status": "draft",
        "review": {
          "reviewedBy": null,
          "reviewedAt": null,
          "decision": null,
          "notes": null
        },
        "history": [
          {
            "at": "2025-12-27T00:00:00Z",
            "by": "import",
            "action": "created"
          }
        ],
        "deletedAt": null,
        "deletedBy": null
      }
    },
    {
      "schemaVersion": 1,
      "taxonomyVersion": "5e-1.0",
      "id": "q_fr_orthographe_accord_gn_0038",
      "blockId": "fr_orthographe_accord_gn",
      "grade": "5e",
      "lang": "fr",
      "primaryTag": "fr_orthographe_accord_gn",
      "type": "MCQ",
      "difficulty": 1,
      "statement": "Question d’entraînement sur la notion « fr orthographe accord gn ».",
      "choices": [
        "Réponse correcte",
        "Distracteur 1",
        "Distracteur 2",
        "Distracteur 3"
      ],
      "answer": "Réponse correcte",
      "lessonRef": "definition",
      "explanation": "Cette question vérifie la compréhension de la notion.",
      "quality": {
        "status": "draft",
        "review": {
          "reviewedBy": null,
          "reviewedAt": null,
          "decision": null,
          "notes": null
        },
        "history": [
          {
            "at": "2025-12-27T00:00:00Z",
            "by": "import",
            "action": "created"
          }
        ],
        "deletedAt": null,
        "deletedBy": null
      }
    },
    {
      "schemaVersion": 1,
      "taxonomyVersion": "5e-1.0",
      "id": "q_fr_orthographe_accord_gn_0039",
      "blockId": "fr_orthographe_accord_gn",
      "grade": "5e",
      "lang": "fr",
      "primaryTag": "fr_orthographe_accord_gn",
      "type": "MCQ",
      "difficulty": 3,
      "statement": "Question d’entraînement sur la notion « fr orthographe accord gn ».",
      "choices": [
        "Réponse correcte",
        "Distracteur 1",
        "Distracteur 2",
        "Distracteur 3"
      ],
      "answer": "Réponse correcte",
      "lessonRef": "definition",
      "explanation": "Cette question vérifie la compréhension de la notion.",
      "quality": {
        "status": "draft",
        "review": {
          "reviewedBy": null,
          "reviewedAt": null,
          "decision": null,
          "notes": null
        },
        "history": [
          {
            "at": "2025-12-27T00:00:00Z",
            "by": "import",
            "action": "created"
          }
        ],
        "deletedAt": null,
        "deletedBy": null
      }
    },
    {
      "schemaVersion": 1,
      "taxonomyVersion": "5e-1.0",
      "id": "q_fr_orthographe_accord_gn_0040",
      "blockId": "fr_orthographe_accord_gn",
      "grade": "5e",
      "lang": "fr",
      "primaryTag": "fr_orthographe_accord_gn",
      "type": "MCQ",
      "difficulty": 1,
      "statement": "Question d’entraînement sur la notion « fr orthographe accord gn ».",
      "choices": [
        "Réponse correcte",
        "Distracteur 1",
        "Distracteur 2",
        "Distracteur 3"
      ],
      "answer": "Réponse correcte",
      "lessonRef": "definition",
      "explanation": "Cette question vérifie la compréhension de la notion.",
      "quality": {
        "status": "draft",
        "review": {
          "reviewedBy": null,
          "reviewedAt": null,
          "decision": null,
          "notes": null
        },
        "history": [
          {
            "at": "2025-12-27T00:00:00Z",
            "by": "import",
            "action": "created"
          }
        ],
        "deletedAt": null,
        "deletedBy": null
      }
    },
    {
      "schemaVersion": 1,
      "taxonomyVersion": "5e-1.0",
      "id": "q_fr_orthographe_accord_gn_0041",
      "blockId": "fr_orthographe_accord_gn",
      "grade": "5e",
      "lang": "fr",
      "primaryTag": "fr_orthographe_accord_gn",
      "type": "MCQ",
      "difficulty": 2,
      "statement": "Question d’entraînement sur la notion « fr orthographe accord gn ».",
      "choices": [
        "Réponse correcte",
        "Distracteur 1",
        "Distracteur 2",
        "Distracteur 3"
      ],
      "answer": "Réponse correcte",
      "lessonRef": "definition",
      "explanation": "Cette question vérifie la compréhension de la notion.",
      "quality": {
        "status": "draft",
        "review": {
          "reviewedBy": null,
          "reviewedAt": null,
          "decision": null,
          "notes": null
        },
        "history": [
          {
            "at": "2025-12-27T00:00:00Z",
            "by": "import",
            "action": "created"
          }
        ],
        "deletedAt": null,
        "deletedBy": null
      }
    },
    {
      "schemaVersion": 1,
      "taxonomyVersion": "5e-1.0",
      "id": "q_fr_orthographe_accord_gn_0042",
      "blockId": "fr_orthographe_accord_gn",
      "grade": "5e",
      "lang": "fr",
      "primaryTag": "fr_orthographe_accord_gn",
      "type": "MCQ",
      "difficulty": 3,
      "statement": "Question d’entraînement sur la notion « fr orthographe accord gn ».",
      "choices": [
        "Réponse correcte",
        "Distracteur 1",
        "Distracteur 2",
        "Distracteur 3"
      ],
      "answer": "Réponse correcte",
      "lessonRef": "definition",
      "explanation": "Cette question vérifie la compréhension de la notion.",
      "quality": {
        "status": "draft",
        "review": {
          "reviewedBy": null,
          "reviewedAt": null,
          "decision": null,
          "notes": null
        },
        "history": [
          {
            "at": "2025-12-27T00:00:00Z",
            "by": "import",
            "action": "created"
          }
        ],
        "deletedAt": null,
        "deletedBy": null
      }
    },
    {
      "schemaVersion": 1,
      "taxonomyVersion": "5e-1.0",
      "id": "q_fr_orthographe_accord_gn_0043",
      "blockId": "fr_orthographe_accord_gn",
      "grade": "5e",
      "lang": "fr",
      "primaryTag": "fr_orthographe_accord_gn",
      "type": "MCQ",
      "difficulty": 2,
      "statement": "Question d’entraînement sur la notion « fr orthographe accord gn ».",
      "choices": [
        "Réponse correcte",
        "Distracteur 1",
        "Distracteur 2",
        "Distracteur 3"
      ],
      "answer": "Réponse correcte",
      "lessonRef": "definition",
      "explanation": "Cette question vérifie la compréhension de la notion.",
      "quality": {
        "status": "draft",
        "review": {
          "reviewedBy": null,
          "reviewedAt": null,
          "decision": null,
          "notes": null
        },
        "history": [
          {
            "at": "2025-12-27T00:00:00Z",
            "by": "import",
            "action": "created"
          }
        ],
        "deletedAt": null,
        "deletedBy": null
      }
    },
    {
      "schemaVersion": 1,
      "taxonomyVersion": "5e-1.0",
      "id": "q_fr_orthographe_accord_gn_0044",
      "blockId": "fr_orthographe_accord_gn",
      "grade": "5e",
      "lang": "fr",
      "primaryTag": "fr_orthographe_accord_gn",
      "type": "MCQ",
      "difficulty": 3,
      "statement": "Question d’entraînement sur la notion « fr orthographe accord gn ».",
      "choices": [
        "Réponse correcte",
        "Distracteur 1",
        "Distracteur 2",
        "Distracteur 3"
      ],
      "answer": "Réponse correcte",
      "lessonRef": "definition",
      "explanation": "Cette question vérifie la compréhension de la notion.",
      "quality": {
        "status": "draft",
        "review": {
          "reviewedBy": null,
          "reviewedAt": null,
          "decision": null,
          "notes": null
        },
        "history": [
          {
            "at": "2025-12-27T00:00:00Z",
            "by": "import",
            "action": "created"
          }
        ],
        "deletedAt": null,
        "deletedBy": null
      }
    },
    {
      "schemaVersion": 1,
      "taxonomyVersion": "5e-1.0",
      "id": "q_fr_orthographe_accord_gn_0045",
      "blockId": "fr_orthographe_accord_gn",
      "grade": "5e",
      "lang": "fr",
      "primaryTag": "fr_orthographe_accord_gn",
      "type": "MCQ",
      "difficulty": 2,
      "statement": "Question d’entraînement sur la notion « fr orthographe accord gn ».",
      "choices": [
        "Réponse correcte",
        "Distracteur 1",
        "Distracteur 2",
        "Distracteur 3"
      ],
      "answer": "Réponse correcte",
      "lessonRef": "definition",
      "explanation": "Cette question vérifie la compréhension de la notion.",
      "quality": {
        "status": "draft",
        "review": {
          "reviewedBy": null,
          "reviewedAt": null,
          "decision": null,
          "notes": null
        },
        "history": [
          {
            "at": "2025-12-27T00:00:00Z",
            "by": "import",
            "action": "created"
          }
        ],
        "deletedAt": null,
        "deletedBy": null
      }
    },
    {
      "schemaVersion": 1,
      "taxonomyVersion": "5e-1.0",
      "id": "q_fr_orthographe_accord_gn_0046",
      "blockId": "fr_orthographe_accord_gn",
      "grade": "5e",
      "lang": "fr",
      "primaryTag": "fr_orthographe_accord_gn",
      "type": "MCQ",
      "difficulty": 2,
      "statement": "Question d’entraînement sur la notion « fr orthographe accord gn ».",
      "choices": [
        "Réponse correcte",
        "Distracteur 1",
        "Distracteur 2",
        "Distracteur 3"
      ],
      "answer": "Réponse correcte",
      "lessonRef": "definition",
      "explanation": "Cette question vérifie la compréhension de la notion.",
      "quality": {
        "status": "draft",
        "review": {
          "reviewedBy": null,
          "reviewedAt": null,
          "decision": null,
          "notes": null
        },
        "history": [
          {
            "at": "2025-12-27T00:00:00Z",
            "by": "import",
            "action": "created"
          }
        ],
        "deletedAt": null,
        "deletedBy": null
      }
    },
    {
      "schemaVersion": 1,
      "taxonomyVersion": "5e-1.0",
      "id": "q_fr_orthographe_accord_gn_0047",
      "blockId": "fr_orthographe_accord_gn",
      "grade": "5e",
      "lang": "fr",
      "primaryTag": "fr_orthographe_accord_gn",
      "type": "MCQ",
      "difficulty": 2,
      "statement": "Question d’entraînement sur la notion « fr orthographe accord gn ».",
      "choices": [
        "Réponse correcte",
        "Distracteur 1",
        "Distracteur 2",
        "Distracteur 3"
      ],
      "answer": "Réponse correcte",
      "lessonRef": "definition",
      "explanation": "Cette question vérifie la compréhension de la notion.",
      "quality": {
        "status": "draft",
        "review": {
          "reviewedBy": null,
          "reviewedAt": null,
          "decision": null,
          "notes": null
        },
        "history": [
          {
            "at": "2025-12-27T00:00:00Z",
            "by": "import",
            "action": "created"
          }
        ],
        "deletedAt": null,
        "deletedBy": null
      }
    },
    {
      "schemaVersion": 1,
      "taxonomyVersion": "5e-1.0",
      "id": "q_fr_orthographe_accord_gn_0048",
      "blockId": "fr_orthographe_accord_gn",
      "grade": "5e",
      "lang": "fr",
      "primaryTag": "fr_orthographe_accord_gn",
      "type": "MCQ",
      "difficulty": 2,
      "statement": "Question d’entraînement sur la notion « fr orthographe accord gn ».",
      "choices": [
        "Réponse correcte",
        "Distracteur 1",
        "Distracteur 2",
        "Distracteur 3"
      ],
      "answer": "Réponse correcte",
      "lessonRef": "definition",
      "explanation": "Cette question vérifie la compréhension de la notion.",
      "quality": {
        "status": "draft",
        "review": {
          "reviewedBy": null,
          "reviewedAt": null,
          "decision": null,
          "notes": null
        },
        "history": [
          {
            "at": "2025-12-27T00:00:00Z",
            "by": "import",
            "action": "created"
          }
        ],
        "deletedAt": null,
        "deletedBy": null
      }
    },
    {
      "schemaVersion": 1,
      "taxonomyVersion": "5e-1.0",
      "id": "q_fr_orthographe_accord_gn_0049",
      "blockId": "fr_orthographe_accord_gn",
      "grade": "5e",
      "lang": "fr",
      "primaryTag": "fr_orthographe_accord_gn",
      "type": "MCQ",
      "difficulty": 3,
      "statement": "Question d’entraînement sur la notion « fr orthographe accord gn ».",
      "choices": [
        "Réponse correcte",
        "Distracteur 1",
        "Distracteur 2",
        "Distracteur 3"
      ],
      "answer": "Réponse correcte",
      "lessonRef": "definition",
      "explanation": "Cette question vérifie la compréhension de la notion.",
      "quality": {
        "status": "draft",
        "review": {
          "reviewedBy": null,
          "reviewedAt": null,
          "decision": null,
          "notes": null
        },
        "history": [
          {
            "at": "2025-12-27T00:00:00Z",
            "by": "import",
            "action": "created"
          }
        ],
        "deletedAt": null,
        "deletedBy": null
      }
    },
    {
      "schemaVersion": 1,
      "taxonomyVersion": "5e-1.0",
      "id": "q_fr_orthographe_accord_gn_0050",
      "blockId": "fr_orthographe_accord_gn",
      "grade": "5e",
      "lang": "fr",
      "primaryTag": "fr_orthographe_accord_gn",
      "type": "MCQ",
      "difficulty": 2,
      "statement": "Question d’entraînement sur la notion « fr orthographe accord gn ».",
      "choices": [
        "Réponse correcte",
        "Distracteur 1",
        "Distracteur 2",
        "Distracteur 3"
      ],
      "answer": "Réponse correcte",
      "lessonRef": "definition",
      "explanation": "Cette question vérifie la compréhension de la notion.",
      "quality": {
        "status": "draft",
        "review": {
          "reviewedBy": null,
          "reviewedAt": null,
          "decision": null,
          "notes": null
        },
        "history": [
          {
            "at": "2025-12-27T00:00:00Z",
            "by": "import",
            "action": "created"
          }
        ],
        "deletedAt": null,
        "deletedBy": null
      }
    }
  ]
}