{
  "pack": {
    "schemaVersion": 1,
    "taxonomyVersion": "5e-1.0",
    "setId": "pack_math_geometrie_paralleles_50q_v1",
    "grade": "5e",
    "lang": "fr",
    "primaryTag": "math_geometrie_paralleles",
    "blockId": "math_geometrie_paralleles",
    "biomeId": "math",
    "lessonTitle": "Rappel — math geometrie paralleles",
    "lesson": "# Rappel — math_geometrie_paralleles\n\n## Définition {#definition}\nÀ compléter.\n\n## Méthode {#methode}\nÀ compléter.\n\n## Exemples {#exemples}\nÀ compléter.\n\n## Pièges fréquents {#pieges}\nÀ compléter.\n",
    "createdAt": "2025-12-27T00:00:00Z"
  },
  "questions": [
    {
      "schemaVersion": 1,
      "taxonomyVersion": "5e-1.0",
      "id": "q_math_geometrie_paralleles_0001",
      "blockId": "math_geometrie_paralleles",
      "grade": "5e",
      "lang": "fr",
      "primaryTag": "math_geometrie_paralleles",
      "type": "MCQ",
      "difficulty": 3,
      "statement": "Question d’entraînement sur la notion « math geometrie paralleles ».",
      "choices": [
        "Réponse correcte",
        "Distracteur 1",
        "Distracteur 2",
        "Distracteur 3"
      ],
      "answer": "Réponse correcte",
      "lessonRef": "definition",
      "explanation": "Cette question vérifie la compréhension de la notion.",
      "quality": {
        "status": "draft",
        "review": {
          "reviewedBy": null,
          "reviewedAt": null,
          "decision": null,
          "notes": null
        },
        "history": [
          {
            "at": "2025-12-27T00:00:00Z",
            "by": "import",
            "action": "created"
          }
        ],
        "deletedAt": null,
        "deletedBy": null
      }
    },
    {
      "schemaVersion": 1,
      "taxonomyVersion": "5e-1.0",
      "id": "q_math_geometrie_paralleles_0002",
      "blockId": "math_geometrie_paralleles",
      "grade": "5e",
      "lang": "fr",
      "primaryTag": "math_geometrie_paralleles",
      "type": "MCQ",
      "difficulty": 2,
      "statement": "Question d’entraînement sur la notion « math geometrie paralleles ».",
      "choices": [
        "Réponse correcte",
        "Distracteur 1",
        "Distracteur 2",
        "Distracteur 3"
      ],
      "answer": "Réponse correcte",
      "lessonRef": "definition",
      "explanation": "Cette question vérifie la compréhension de la notion.",
      "quality": {
        "status": "draft",
        "review": {
          "reviewedBy": null,
          "reviewedAt": null,
          "decision": null,
          "notes": null
        },
        "history": [
          {
            "at": "2025-12-27T00:00:00Z",
            "by": "import",
            "action": "created"
          }
        ],
        "deletedAt": null,
        "deletedBy": null
      }
    },
    {
      "schemaVersion": 1,
      "taxonomyVersion": "5e-1.0",
      "id": "q_math_geometrie_paralleles_0003",
      "blockId": "math_geometrie_paralleles",
      "grade": "5e",
      "lang": "fr",
      "primaryTag": "math_geometrie_paralleles",
      "type": "MCQ",
      "difficulty": 3,
      "statement": "Question d’entraînement sur la notion « math geometrie paralleles ».",
      "choices": [
        "Réponse correcte",
        "Distracteur 1",
        "Distracteur 2",
        "Distracteur 3"
      ],
      "answer": "Réponse correcte",
      "lessonRef": "definition",
      "explanation": "Cette question vérifie la compréhension de la notion.",
      "quality": {
        "status": "draft",
        "review": {
          "reviewedBy": null,
          "reviewedAt": null,
          "decision": null,
          "notes": null
        },
        "history": [
          {
            "at": "2025-12-27T00:00:00Z",
            "by": "import",
            "action": "created"
          }
        ],
        "deletedAt": null,
        "deletedBy": null
      }
    },
    {
      "schemaVersion": 1,
      "taxonomyVersion": "5e-1.0",
      "id": "q_math_geometrie_paralleles_0004",
      "blockId": "math_geometrie_paralleles",
      "grade": "5e",
      "lang": "fr",
      "primaryTag": "math_geometrie_paralleles",
      "type": "MCQ",
      "difficulty": 3,
      "statement": "Question d’entraînement sur la notion « math geometrie paralleles ».",
      "choices": [
        "Réponse correcte",
        "Distracteur 1",
        "Distracteur 2",
        "Distracteur 3"
      ],
      "answer": "Réponse correcte",
      "lessonRef": "definition",
      "explanation": "Cette question vérifie la compréhension de la notion.",
      "quality": {
        "status": "draft",
        "review": {
          "reviewedBy": null,
          "reviewedAt": null,
          "decision": null,
          "notes": null
        },
        "history": [
          {
            "at": "2025-12-27T00:00:00Z",
            "by": "import",
            "action": "created"
          }
        ],
        "deletedAt": null,
        "deletedBy": null
      }
    },
    {
      "schemaVersion": 1,
      "taxonomyVersion": "5e-1.0",
      "id": "q_math_geometrie_paralleles_0005",
      "blockId": "math_geometrie_paralleles",
      "grade": "5e",
      "lang": "fr",
      "primaryTag": "math_geometrie_paralleles",
      "type": "MCQ",
      "difficulty": 1,
      "statement": "Question d’entraînement sur la notion « math geometrie paralleles ».",
      "choices": [
        "Réponse correcte",
        "Distracteur 1",
        "Distracteur 2",
        "Distracteur 3"
      ],
      "answer": "Réponse correcte",
      "lessonRef": "definition",
      "explanation": "Cette question vérifie la compréhension de la notion.",
      "quality": {
        "status": "draft",
        "review": {
          "reviewedBy": null,
          "reviewedAt": null,
          "decision": null,
          "notes": null
        },
        "history": [
          {
            "at": "2025-12-27T00:00:00Z",
            "by": "import",
            "action": "created"
          }
        ],
        "deletedAt": null,
        "deletedBy": null
      }
    },
    {
      "schemaVersion": 1,
      "taxonomyVersion": "5e-1.0",
      "id": "q_math_geometrie_paralleles_0006",
      "blockId": "math_geometrie_paralleles",
      "grade": "5e",
      "lang": "fr",
      "primaryTag": "math_geometrie_paralleles",
      "type": "MCQ",
      "difficulty": 2,
      "statement": "Question d’entraînement sur la notion « math geometrie paralleles ».",
      "choices": [
        "Réponse correcte",
        "Distracteur 1",
        "Distracteur 2",
        "Distracteur 3"
      ],
      "answer": "Réponse correcte",
      "lessonRef": "definition",
      "explanation": "Cette question vérifie la compréhension de la notion.",
      "quality": {
        "status": "draft",
        "review": {
          "reviewedBy": null,
          "reviewedAt": null,
          "decision": null,
          "notes": null
        },
        "history": [
          {
            "at": "2025-12-27T00:00:00Z",
            "by": "import",
            "action": "created"
          }
        ],
        "deletedAt": null,
        "deletedBy": null
      }
    },
    {
      "schemaVersion": 1,
      "taxonomyVersion": "5e-1.0",
      "id": "q_math_geometrie_paralleles_0007",
      "blockId": "math_geometrie_paralleles",
      "grade": "5e",
      "lang": "fr",
      "primaryTag": "math_geometrie_paralleles",
      "type": "MCQ",
      "difficulty": 3,
      "statement": "Question d’entraînement sur la notion « math geometrie paralleles ».",
      "choices": [
        "Réponse correcte",
        "Distracteur 1",
        "Distracteur 2",
        "Distracteur 3"
      ],
      "answer": "Réponse correcte",
      "lessonRef": "definition",
      "explanation": "Cette question vérifie la compréhension de la notion.",
      "quality": {
        "status": "draft",
        "review": {
          "reviewedBy": null,
          "reviewedAt": null,
          "decision": null,
          "notes": null
        },
        "history": [
          {
            "at": "2025-12-27T00:00:00Z",
            "by": "import",
            "action": "created"
          }
        ],
        "deletedAt": null,
        "deletedBy": null
      }
    },
    {
      "schemaVersion": 1,
      "taxonomyVersion": "5e-1.0",
      "id": "q_math_geometrie_paralleles_0008",
      "blockId": "math_geometrie_paralleles",
      "grade": "5e",
      "lang": "fr",
      "primaryTag": "math_geometrie_paralleles",
      "type": "MCQ",
      "difficulty": 2,
      "statement": "Question d’entraînement sur la notion « math geometrie paralleles ».",
      "choices": [
        "Réponse correcte",
        "Distracteur 1",
        "Distracteur 2",
        "Distracteur 3"
      ],
      "answer": "Réponse correcte",
      "lessonRef": "definition",
      "explanation": "Cette question vérifie la compréhension de la notion.",
      "quality": {
        "status": "draft",
        "review": {
          "reviewedBy": null,
          "reviewedAt": null,
          "decision": null,
          "notes": null
        },
        "history": [
          {
            "at": "2025-12-27T00:00:00Z",
            "by": "import",
            "action": "created"
          }
        ],
        "deletedAt": null,
        "deletedBy": null
      }
    },
    {
      "schemaVersion": 1,
      "taxonomyVersion": "5e-1.0",
      "id": "q_math_geometrie_paralleles_0009",
      "blockId": "math_geometrie_paralleles",
      "grade": "5e",
      "lang": "fr",
      "primaryTag": "math_geometrie_paralleles",
      "type": "MCQ",
      "difficulty": 2,
      "statement": "Question d’entraînement sur la notion « math geometrie paralleles ».",
      "choices": [
        "Réponse correcte",
        "Distracteur 1",
        "Distracteur 2",
        "Distracteur 3"
      ],
      "answer": "Réponse correcte",
      "lessonRef": "definition",
      "explanation": "Cette question vérifie la compréhension de la notion.",
      "quality": {
        "status": "draft",
        "review": {
          "reviewedBy": null,
          "reviewedAt": null,
          "decision": null,
          "notes": null
        },
        "history": [
          {
            "at": "2025-12-27T00:00:00Z",
            "by": "import",
            "action": "created"
          }
        ],
        "deletedAt": null,
        "deletedBy": null
      }
    },
    {
      "schemaVersion": 1,
      "taxonomyVersion": "5e-1.0",
      "id": "q_math_geometrie_paralleles_0010",
      "blockId": "math_geometrie_paralleles",
      "grade": "5e",
      "lang": "fr",
      "primaryTag": "math_geometrie_paralleles",
      "type": "MCQ",
      "difficulty": 3,
      "statement": "Question d’entraînement sur la notion « math geometrie paralleles ».",
      "choices": [
        "Réponse correcte",
        "Distracteur 1",
        "Distracteur 2",
        "Distracteur 3"
      ],
      "answer": "Réponse correcte",
      "lessonRef": "definition",
      "explanation": "Cette question vérifie la compréhension de la notion.",
      "quality": {
        "status": "draft",
        "review": {
          "reviewedBy": null,
          "reviewedAt": null,
          "decision": null,
          "notes": null
        },
        "history": [
          {
            "at": "2025-12-27T00:00:00Z",
            "by": "import",
            "action": "created"
          }
        ],
        "deletedAt": null,
        "deletedBy": null
      }
    },
    {
      "schemaVersion": 1,
      "taxonomyVersion": "5e-1.0",
      "id": "q_math_geometrie_paralleles_0011",
      "blockId": "math_geometrie_paralleles",
      "grade": "5e",
      "lang": "fr",
      "primaryTag": "math_geometrie_paralleles",
      "type": "MCQ",
      "difficulty": 2,
      "statement": "Question d’entraînement sur la notion « math geometrie paralleles ».",
      "choices": [
        "Réponse correcte",
        "Distracteur 1",
        "Distracteur 2",
        "Distracteur 3"
      ],
      "answer": "Réponse correcte",
      "lessonRef": "definition",
      "explanation": "Cette question vérifie la compréhension de la notion.",
      "quality": {
        "status": "draft",
        "review": {
          "reviewedBy": null,
          "reviewedAt": null,
          "decision": null,
          "notes": null
        },
        "history": [
          {
            "at": "2025-12-27T00:00:00Z",
            "by": "import",
            "action": "created"
          }
        ],
        "deletedAt": null,
        "deletedBy": null
      }
    },
    {
      "schemaVersion": 1,
      "taxonomyVersion": "5e-1.0",
      "id": "q_math_geometrie_paralleles_0012",
      "blockId": "math_geometrie_paralleles",
      "grade": "5e",
      "lang": "fr",
      "primaryTag": "math_geometrie_paralleles",
      "type": "MCQ",
      "difficulty": 1,
      "statement": "Question d’entraînement sur la notion « math geometrie paralleles ».",
      "choices": [
        "Réponse correcte",
        "Distracteur 1",
        "Distracteur 2",
        "Distracteur 3"
      ],
      "answer": "Réponse correcte",
      "lessonRef": "definition",
      "explanation": "Cette question vérifie la compréhension de la notion.",
      "quality": {
        "status": "draft",
        "review": {
          "reviewedBy": null,
          "reviewedAt": null,
          "decision": null,
          "notes": null
        },
        "history": [
          {
            "at": "2025-12-27T00:00:00Z",
            "by": "import",
            "action": "created"
          }
        ],
        "deletedAt": null,
        "deletedBy": null
      }
    },
    {
      "schemaVersion": 1,
      "taxonomyVersion": "5e-1.0",
      "id": "q_math_geometrie_paralleles_0013",
      "blockId": "math_geometrie_paralleles",
      "grade": "5e",
      "lang": "fr",
      "primaryTag": "math_geometrie_paralleles",
      "type": "MCQ",
      "difficulty": 2,
      "statement": "Question d’entraînement sur la notion « math geometrie paralleles ».",
      "choices": [
        "Réponse correcte",
        "Distracteur 1",
        "Distracteur 2",
        "Distracteur 3"
      ],
      "answer": "Réponse correcte",
      "lessonRef": "definition",
      "explanation": "Cette question vérifie la compréhension de la notion.",
      "quality": {
        "status": "draft",
        "review": {
          "reviewedBy": null,
          "reviewedAt": null,
          "decision": null,
          "notes": null
        },
        "history": [
          {
            "at": "2025-12-27T00:00:00Z",
            "by": "import",
            "action": "created"
          }
        ],
        "deletedAt": null,
        "deletedBy": null
      }
    },
    {
      "schemaVersion": 1,
      "taxonomyVersion": "5e-1.0",
      "id": "q_math_geometrie_paralleles_0014",
      "blockId": "math_geometrie_paralleles",
      "grade": "5e",
      "lang": "fr",
      "primaryTag": "math_geometrie_paralleles",
      "type": "MCQ",
      "difficulty": 2,
      "statement": "Question d’entraînement sur la notion « math geometrie paralleles ».",
      "choices": [
        "Réponse correcte",
        "Distracteur 1",
        "Distracteur 2",
        "Distracteur 3"
      ],
      "answer": "Réponse correcte",
      "lessonRef": "definition",
      "explanation": "Cette question vérifie la compréhension de la notion.",
      "quality": {
        "status": "draft",
        "review": {
          "reviewedBy": null,
          "reviewedAt": null,
          "decision": null,
          "notes": null
        },
        "history": [
          {
            "at": "2025-12-27T00:00:00Z",
            "by": "import",
            "action": "created"
          }
        ],
        "deletedAt": null,
        "deletedBy": null
      }
    },
    {
      "schemaVersion": 1,
      "taxonomyVersion": "5e-1.0",
      "id": "q_math_geometrie_paralleles_0015",
      "blockId": "math_geometrie_paralleles",
      "grade": "5e",
      "lang": "fr",
      "primaryTag": "math_geometrie_paralleles",
      "type": "MCQ",
      "difficulty": 3,
      "statement": "Question d’entraînement sur la notion « math geometrie paralleles ».",
      "choices": [
        "Réponse correcte",
        "Distracteur 1",
        "Distracteur 2",
        "Distracteur 3"
      ],
      "answer": "Réponse correcte",
      "lessonRef": "definition",
      "explanation": "Cette question vérifie la compréhension de la notion.",
      "quality": {
        "status": "draft",
        "review": {
          "reviewedBy": null,
          "reviewedAt": null,
          "decision": null,
          "notes": null
        },
        "history": [
          {
            "at": "2025-12-27T00:00:00Z",
            "by": "import",
            "action": "created"
          }
        ],
        "deletedAt": null,
        "deletedBy": null
      }
    },
    {
      "schemaVersion": 1,
      "taxonomyVersion": "5e-1.0",
      "id": "q_math_geometrie_paralleles_0016",
      "blockId": "math_geometrie_paralleles",
      "grade": "5e",
      "lang": "fr",
      "primaryTag": "math_geometrie_paralleles",
      "type": "MCQ",
      "difficulty": 3,
      "statement": "Question d’entraînement sur la notion « math geometrie paralleles ».",
      "choices": [
        "Réponse correcte",
        "Distracteur 1",
        "Distracteur 2",
        "Distracteur 3"
      ],
      "answer": "Réponse correcte",
      "lessonRef": "definition",
      "explanation": "Cette question vérifie la compréhension de la notion.",
      "quality": {
        "status": "draft",
        "review": {
          "reviewedBy": null,
          "reviewedAt": null,
          "decision": null,
          "notes": null
        },
        "history": [
          {
            "at": "2025-12-27T00:00:00Z",
            "by": "import",
            "action": "created"
          }
        ],
        "deletedAt": null,
        "deletedBy": null
      }
    },
    {
      "schemaVersion": 1,
      "taxonomyVersion": "5e-1.0",
      "id": "q_math_geometrie_paralleles_0017",
      "blockId": "math_geometrie_paralleles",
      "grade": "5e",
      "lang": "fr",
      "primaryTag": "math_geometrie_paralleles",
      "type": "MCQ",
      "difficulty": 3,
      "statement": "Question d’entraînement sur la notion « math geometrie paralleles ».",
      "choices": [
        "Réponse correcte",
        "Distracteur 1",
        "Distracteur 2",
        "Distracteur 3"
      ],
      "answer": "Réponse correcte",
      "lessonRef": "definition",
      "explanation": "Cette question vérifie la compréhension de la notion.",
      "quality": {
        "status": "draft",
        "review": {
          "reviewedBy": null,
          "reviewedAt": null,
          "decision": null,
          "notes": null
        },
        "history": [
          {
            "at": "2025-12-27T00:00:00Z",
            "by": "import",
            "action": "created"
          }
        ],
        "deletedAt": null,
        "deletedBy": null
      }
    },
    {
      "schemaVersion": 1,
      "taxonomyVersion": "5e-1.0",
      "id": "q_math_geometrie_paralleles_0018",
      "blockId": "math_geometrie_paralleles",
      "grade": "5e",
      "lang": "fr",
      "primaryTag": "math_geometrie_paralleles",
      "type": "MCQ",
      "difficulty": 2,
      "statement": "Question d’entraînement sur la notion « math geometrie paralleles ».",
      "choices": [
        "Réponse correcte",
        "Distracteur 1",
        "Distracteur 2",
        "Distracteur 3"
      ],
      "answer": "Réponse correcte",
      "lessonRef": "definition",
      "explanation": "Cette question vérifie la compréhension de la notion.",
      "quality": {
        "status": "draft",
        "review": {
          "reviewedBy": null,
          "reviewedAt": null,
          "decision": null,
          "notes": null
        },
        "history": [
          {
            "at": "2025-12-27T00:00:00Z",
            "by": "import",
            "action": "created"
          }
        ],
        "deletedAt": null,
        "deletedBy": null
      }
    },
    {
      "schemaVersion": 1,
      "taxonomyVersion": "5e-1.0",
      "id": "q_math_geometrie_paralleles_0019",
      "blockId": "math_geometrie_paralleles",
      "grade": "5e",
      "lang": "fr",
      "primaryTag": "math_geometrie_paralleles",
      "type": "MCQ",
      "difficulty": 1,
      "statement": "Question d’entraînement sur la notion « math geometrie paralleles ».",
      "choices": [
        "Réponse correcte",
        "Distracteur 1",
        "Distracteur 2",
        "Distracteur 3"
      ],
      "answer": "Réponse correcte",
      "lessonRef": "definition",
      "explanation": "Cette question vérifie la compréhension de la notion.",
      "quality": {
        "status": "draft",
        "review": {
          "reviewedBy": null,
          "reviewedAt": null,
          "decision": null,
          "notes": null
        },
        "history": [
          {
            "at": "2025-12-27T00:00:00Z",
            "by": "import",
            "action": "created"
          }
        ],
        "deletedAt": null,
        "deletedBy": null
      }
    },
    {
      "schemaVersion": 1,
      "taxonomyVersion": "5e-1.0",
      "id": "q_math_geometrie_paralleles_0020",
      "blockId": "math_geometrie_paralleles",
      "grade": "5e",
      "lang": "fr",
      "primaryTag": "math_geometrie_paralleles",
      "type": "MCQ",
      "difficulty": 3,
      "statement": "Question d’entraînement sur la notion « math geometrie paralleles ».",
      "choices": [
        "Réponse correcte",
        "Distracteur 1",
        "Distracteur 2",
        "Distracteur 3"
      ],
      "answer": "Réponse correcte",
      "lessonRef": "definition",
      "explanation": "Cette question vérifie la compréhension de la notion.",
      "quality": {
        "status": "draft",
        "review": {
          "reviewedBy": null,
          "reviewedAt": null,
          "decision": null,
          "notes": null
        },
        "history": [
          {
            "at": "2025-12-27T00:00:00Z",
            "by": "import",
            "action": "created"
          }
        ],
        "deletedAt": null,
        "deletedBy": null
      }
    },
    {
      "schemaVersion": 1,
      "taxonomyVersion": "5e-1.0",
      "id": "q_math_geometrie_paralleles_0021",
      "blockId": "math_geometrie_paralleles",
      "grade": "5e",
      "lang": "fr",
      "primaryTag": "math_geometrie_paralleles",
      "type": "MCQ",
      "difficulty": 1,
      "statement": "Question d’entraînement sur la notion « math geometrie paralleles ».",
      "choices": [
        "Réponse correcte",
        "Distracteur 1",
        "Distracteur 2",
        "Distracteur 3"
      ],
      "answer": "Réponse correcte",
      "lessonRef": "definition",
      "explanation": "Cette question vérifie la compréhension de la notion.",
      "quality": {
        "status": "draft",
        "review": {
          "reviewedBy": null,
          "reviewedAt": null,
          "decision": null,
          "notes": null
        },
        "history": [
          {
            "at": "2025-12-27T00:00:00Z",
            "by": "import",
            "action": "created"
          }
        ],
        "deletedAt": null,
        "deletedBy": null
      }
    },
    {
      "schemaVersion": 1,
      "taxonomyVersion": "5e-1.0",
      "id": "q_math_geometrie_paralleles_0022",
      "blockId": "math_geometrie_paralleles",
      "grade": "5e",
      "lang": "fr",
      "primaryTag": "math_geometrie_paralleles",
      "type": "MCQ",
      "difficulty": 2,
      "statement": "Question d’entraînement sur la notion « math geometrie paralleles ».",
      "choices": [
        "Réponse correcte",
        "Distracteur 1",
        "Distracteur 2",
        "Distracteur 3"
      ],
      "answer": "Réponse correcte",
      "lessonRef": "definition",
      "explanation": "Cette question vérifie la compréhension de la notion.",
      "quality": {
        "status": "draft",
        "review": {
          "reviewedBy": null,
          "reviewedAt": null,
          "decision": null,
          "notes": null
        },
        "history": [
          {
            "at": "2025-12-27T00:00:00Z",
            "by": "import",
            "action": "created"
          }
        ],
        "deletedAt": null,
        "deletedBy": null
      }
    },
    {
      "schemaVersion": 1,
      "taxonomyVersion": "5e-1.0",
      "id": "q_math_geometrie_paralleles_0023",
      "blockId": "math_geometrie_paralleles",
      "grade": "5e",
      "lang": "fr",
      "primaryTag": "math_geometrie_paralleles",
      "type": "MCQ",
      "difficulty": 3,
      "statement": "Question d’entraînement sur la notion « math geometrie paralleles ».",
      "choices": [
        "Réponse correcte",
        "Distracteur 1",
        "Distracteur 2",
        "Distracteur 3"
      ],
      "answer": "Réponse correcte",
      "lessonRef": "definition",
      "explanation": "Cette question vérifie la compréhension de la notion.",
      "quality": {
        "status": "draft",
        "review": {
          "reviewedBy": null,
          "reviewedAt": null,
          "decision": null,
          "notes": null
        },
        "history": [
          {
            "at": "2025-12-27T00:00:00Z",
            "by": "import",
            "action": "created"
          }
        ],
        "deletedAt": null,
        "deletedBy": null
      }
    },
    {
      "schemaVersion": 1,
      "taxonomyVersion": "5e-1.0",
      "id": "q_math_geometrie_paralleles_0024",
      "blockId": "math_geometrie_paralleles",
      "grade": "5e",
      "lang": "fr",
      "primaryTag": "math_geometrie_paralleles",
      "type": "MCQ",
      "difficulty": 3,
      "statement": "Question d’entraînement sur la notion « math geometrie paralleles ».",
      "choices": [
        "Réponse correcte",
        "Distracteur 1",
        "Distracteur 2",
        "Distracteur 3"
      ],
      "answer": "Réponse correcte",
      "lessonRef": "definition",
      "explanation": "Cette question vérifie la compréhension de la notion.",
      "quality": {
        "status": "draft",
        "review": {
          "reviewedBy": null,
          "reviewedAt": null,
          "decision": null,
          "notes": null
        },
        "history": [
          {
            "at": "2025-12-27T00:00:00Z",
            "by": "import",
            "action": "created"
          }
        ],
        "deletedAt": null,
        "deletedBy": null
      }
    },
    {
      "schemaVersion": 1,
      "taxonomyVersion": "5e-1.0",
      "id": "q_math_geometrie_paralleles_0025",
      "blockId": "math_geometrie_paralleles",
      "grade": "5e",
      "lang": "fr",
      "primaryTag": "math_geometrie_paralleles",
      "type": "MCQ",
      "difficulty": 3,
      "statement": "Question d’entraînement sur la notion « math geometrie paralleles ».",
      "choices": [
        "Réponse correcte",
        "Distracteur 1",
        "Distracteur 2",
        "Distracteur 3"
      ],
      "answer": "Réponse correcte",
      "lessonRef": "definition",
      "explanation": "Cette question vérifie la compréhension de la notion.",
      "quality": {
        "status": "draft",
        "review": {
          "reviewedBy": null,
          "reviewedAt": null,
          "decision": null,
          "notes": null
        },
        "history": [
          {
            "at": "2025-12-27T00:00:00Z",
            "by": "import",
            "action": "created"
          }
        ],
        "deletedAt": null,
        "deletedBy": null
      }
    },
    {
      "schemaVersion": 1,
      "taxonomyVersion": "5e-1.0",
      "id": "q_math_geometrie_paralleles_0026",
      "blockId": "math_geometrie_paralleles",
      "grade": "5e",
      "lang": "fr",
      "primaryTag": "math_geometrie_paralleles",
      "type": "MCQ",
      "difficulty": 3,
      "statement": "Question d’entraînement sur la notion « math geometrie paralleles ».",
      "choices": [
        "Réponse correcte",
        "Distracteur 1",
        "Distracteur 2",
        "Distracteur 3"
      ],
      "answer": "Réponse correcte",
      "lessonRef": "definition",
      "explanation": "Cette question vérifie la compréhension de la notion.",
      "quality": {
        "status": "draft",
        "review": {
          "reviewedBy": null,
          "reviewedAt": null,
          "decision": null,
          "notes": null
        },
        "history": [
          {
            "at": "2025-12-27T00:00:00Z",
            "by": "import",
            "action": "created"
          }
        ],
        "deletedAt": null,
        "deletedBy": null
      }
    },
    {
      "schemaVersion": 1,
      "taxonomyVersion": "5e-1.0",
      "id": "q_math_geometrie_paralleles_0027",
      "blockId": "math_geometrie_paralleles",
      "grade": "5e",
      "lang": "fr",
      "primaryTag": "math_geometrie_paralleles",
      "type": "MCQ",
      "difficulty": 2,
      "statement": "Question d’entraînement sur la notion « math geometrie paralleles ».",
      "choices": [
        "Réponse correcte",
        "Distracteur 1",
        "Distracteur 2",
        "Distracteur 3"
      ],
      "answer": "Réponse correcte",
      "lessonRef": "definition",
      "explanation": "Cette question vérifie la compréhension de la notion.",
      "quality": {
        "status": "draft",
        "review": {
          "reviewedBy": null,
          "reviewedAt": null,
          "decision": null,
          "notes": null
        },
        "history": [
          {
            "at": "2025-12-27T00:00:00Z",
            "by": "import",
            "action": "created"
          }
        ],
        "deletedAt": null,
        "deletedBy": null
      }
    },
    {
      "schemaVersion": 1,
      "taxonomyVersion": "5e-1.0",
      "id": "q_math_geometrie_paralleles_0028",
      "blockId": "math_geometrie_paralleles",
      "grade": "5e",
      "lang": "fr",
      "primaryTag": "math_geometrie_paralleles",
      "type": "MCQ",
      "difficulty": 3,
      "statement": "Question d’entraînement sur la notion « math geometrie paralleles ».",
      "choices": [
        "Réponse correcte",
        "Distracteur 1",
        "Distracteur 2",
        "Distracteur 3"
      ],
      "answer": "Réponse correcte",
      "lessonRef": "definition",
      "explanation": "Cette question vérifie la compréhension de la notion.",
      "quality": {
        "status": "draft",
        "review": {
          "reviewedBy": null,
          "reviewedAt": null,
          "decision": null,
          "notes": null
        },
        "history": [
          {
            "at": "2025-12-27T00:00:00Z",
            "by": "import",
            "action": "created"
          }
        ],
        "deletedAt": null,
        "deletedBy": null
      }
    },
    {
      "schemaVersion": 1,
      "taxonomyVersion": "5e-1.0",
      "id": "q_math_geometrie_paralleles_0029",
      "blockId": "math_geometrie_paralleles",
      "grade": "5e",
      "lang": "fr",
      "primaryTag": "math_geometrie_paralleles",
      "type": "MCQ",
      "difficulty": 3,
      "statement": "Question d’entraînement sur la notion « math geometrie paralleles ».",
      "choices": [
        "Réponse correcte",
        "Distracteur 1",
        "Distracteur 2",
        "Distracteur 3"
      ],
      "answer": "Réponse correcte",
      "lessonRef": "definition",
      "explanation": "Cette question vérifie la compréhension de la notion.",
      "quality": {
        "status": "draft",
        "review": {
          "reviewedBy": null,
          "reviewedAt": null,
          "decision": null,
          "notes": null
        },
        "history": [
          {
            "at": "2025-12-27T00:00:00Z",
            "by": "import",
            "action": "created"
          }
        ],
        "deletedAt": null,
        "deletedBy": null
      }
    },
    {
      "schemaVersion": 1,
      "taxonomyVersion": "5e-1.0",
      "id": "q_math_geometrie_paralleles_0030",
      "blockId": "math_geometrie_paralleles",
      "grade": "5e",
      "lang": "fr",
      "primaryTag": "math_geometrie_paralleles",
      "type": "MCQ",
      "difficulty": 1,
      "statement": "Question d’entraînement sur la notion « math geometrie paralleles ».",
      "choices": [
        "Réponse correcte",
        "Distracteur 1",
        "Distracteur 2",
        "Distracteur 3"
      ],
      "answer": "Réponse correcte",
      "lessonRef": "definition",
      "explanation": "Cette question vérifie la compréhension de la notion.",
      "quality": {
        "status": "draft",
        "review": {
          "reviewedBy": null,
          "reviewedAt": null,
          "decision": null,
          "notes": null
        },
        "history": [
          {
            "at": "2025-12-27T00:00:00Z",
            "by": "import",
            "action": "created"
          }
        ],
        "deletedAt": null,
        "deletedBy": null
      }
    },
    {
      "schemaVersion": 1,
      "taxonomyVersion": "5e-1.0",
      "id": "q_math_geometrie_paralleles_0031",
      "blockId": "math_geometrie_paralleles",
      "grade": "5e",
      "lang": "fr",
      "primaryTag": "math_geometrie_paralleles",
      "type": "MCQ",
      "difficulty": 3,
      "statement": "Question d’entraînement sur la notion « math geometrie paralleles ».",
      "choices": [
        "Réponse correcte",
        "Distracteur 1",
        "Distracteur 2",
        "Distracteur 3"
      ],
      "answer": "Réponse correcte",
      "lessonRef": "definition",
      "explanation": "Cette question vérifie la compréhension de la notion.",
      "quality": {
        "status": "draft",
        "review": {
          "reviewedBy": null,
          "reviewedAt": null,
          "decision": null,
          "notes": null
        },
        "history": [
          {
            "at": "2025-12-27T00:00:00Z",
            "by": "import",
            "action": "created"
          }
        ],
        "deletedAt": null,
        "deletedBy": null
      }
    },
    {
      "schemaVersion": 1,
      "taxonomyVersion": "5e-1.0",
      "id": "q_math_geometrie_paralleles_0032",
      "blockId": "math_geometrie_paralleles",
      "grade": "5e",
      "lang": "fr",
      "primaryTag": "math_geometrie_paralleles",
      "type": "MCQ",
      "difficulty": 1,
      "statement": "Question d’entraînement sur la notion « math geometrie paralleles ».",
      "choices": [
        "Réponse correcte",
        "Distracteur 1",
        "Distracteur 2",
        "Distracteur 3"
      ],
      "answer": "Réponse correcte",
      "lessonRef": "definition",
      "explanation": "Cette question vérifie la compréhension de la notion.",
      "quality": {
        "status": "draft",
        "review": {
          "reviewedBy": null,
          "reviewedAt": null,
          "decision": null,
          "notes": null
        },
        "history": [
          {
            "at": "2025-12-27T00:00:00Z",
            "by": "import",
            "action": "created"
          }
        ],
        "deletedAt": null,
        "deletedBy": null
      }
    },
    {
      "schemaVersion": 1,
      "taxonomyVersion": "5e-1.0",
      "id": "q_math_geometrie_paralleles_0033",
      "blockId": "math_geometrie_paralleles",
      "grade": "5e",
      "lang": "fr",
      "primaryTag": "math_geometrie_paralleles",
      "type": "MCQ",
      "difficulty": 2,
      "statement": "Question d’entraînement sur la notion « math geometrie paralleles ».",
      "choices": [
        "Réponse correcte",
        "Distracteur 1",
        "Distracteur 2",
        "Distracteur 3"
      ],
      "answer": "Réponse correcte",
      "lessonRef": "definition",
      "explanation": "Cette question vérifie la compréhension de la notion.",
      "quality": {
        "status": "draft",
        "review": {
          "reviewedBy": null,
          "reviewedAt": null,
          "decision": null,
          "notes": null
        },
        "history": [
          {
            "at": "2025-12-27T00:00:00Z",
            "by": "import",
            "action": "created"
          }
        ],
        "deletedAt": null,
        "deletedBy": null
      }
    },
    {
      "schemaVersion": 1,
      "taxonomyVersion": "5e-1.0",
      "id": "q_math_geometrie_paralleles_0034",
      "blockId": "math_geometrie_paralleles",
      "grade": "5e",
      "lang": "fr",
      "primaryTag": "math_geometrie_paralleles",
      "type": "MCQ",
      "difficulty": 2,
      "statement": "Question d’entraînement sur la notion « math geometrie paralleles ».",
      "choices": [
        "Réponse correcte",
        "Distracteur 1",
        "Distracteur 2",
        "Distracteur 3"
      ],
      "answer": "Réponse correcte",
      "lessonRef": "definition",
      "explanation": "Cette question vérifie la compréhension de la notion.",
      "quality": {
        "status": "draft",
        "review": {
          "reviewedBy": null,
          "reviewedAt": null,
          "decision": null,
          "notes": null
        },
        "history": [
          {
            "at": "2025-12-27T00:00:00Z",
            "by": "import",
            "action": "created"
          }
        ],
        "deletedAt": null,
        "deletedBy": null
      }
    },
    {
      "schemaVersion": 1,
      "taxonomyVersion": "5e-1.0",
      "id": "q_math_geometrie_paralleles_0035",
      "blockId": "math_geometrie_paralleles",
      "grade": "5e",
      "lang": "fr",
      "primaryTag": "math_geometrie_paralleles",
      "type": "MCQ",
      "difficulty": 2,
      "statement": "Question d’entraînement sur la notion « math geometrie paralleles ».",
      "choices": [
        "Réponse correcte",
        "Distracteur 1",
        "Distracteur 2",
        "Distracteur 3"
      ],
      "answer": "Réponse correcte",
      "lessonRef": "definition",
      "explanation": "Cette question vérifie la compréhension de la notion.",
      "quality": {
        "status": "draft",
        "review": {
          "reviewedBy": null,
          "reviewedAt": null,
          "decision": null,
          "notes": null
        },
        "history": [
          {
            "at": "2025-12-27T00:00:00Z",
            "by": "import",
            "action": "created"
          }
        ],
        "deletedAt": null,
        "deletedBy": null
      }
    },
    {
      "schemaVersion": 1,
      "taxonomyVersion": "5e-1.0",
      "id": "q_math_geometrie_paralleles_0036",
      "blockId": "math_geometrie_paralleles",
      "grade": "5e",
      "lang": "fr",
      "primaryTag": "math_geometrie_paralleles",
      "type": "MCQ",
      "difficulty": 2,
      "statement": "Question d’entraînement sur la notion « math geometrie paralleles ».",
      "choices": [
        "Réponse correcte",
        "Distracteur 1",
        "Distracteur 2",
        "Distracteur 3"
      ],
      "answer": "Réponse correcte",
      "lessonRef": "definition",
      "explanation": "Cette question vérifie la compréhension de la notion.",
      "quality": {
        "status": "draft",
        "review": {
          "reviewedBy": null,
          "reviewedAt": null,
          "decision": null,
          "notes": null
        },
        "history": [
          {
            "at": "2025-12-27T00:00:00Z",
            "by": "import",
            "action": "created"
          }
        ],
        "deletedAt": null,
        "deletedBy": null
      }
    },
    {
      "schemaVersion": 1,
      "taxonomyVersion": "5e-1.0",
      "id": "q_math_geometrie_paralleles_0037",
      "blockId": "math_geometrie_paralleles",
      "grade": "5e",
      "lang": "fr",
      "primaryTag": "math_geometrie_paralleles",
      "type": "MCQ",
      "difficulty": 2,
      "statement": "Question d’entraînement sur la notion « math geometrie paralleles ».",
      "choices": [
        "Réponse correcte",
        "Distracteur 1",
        "Distracteur 2",
        "Distracteur 3"
      ],
      "answer": "Réponse correcte",
      "lessonRef": "definition",
      "explanation": "Cette question vérifie la compréhension de la notion.",
      "quality": {
        "status": "draft",
        "review": {
          "reviewedBy": null,
          "reviewedAt": null,
          "decision": null,
          "notes": null
        },
        "history": [
          {
            "at": "2025-12-27T00:00:00Z",
            "by": "import",
            "action": "created"
          }
        ],
        "deletedAt": null,
        "deletedBy": null
      }
    },
    {
      "schemaVersion": 1,
      "taxonomyVersion": "5e-1.0",
      "id": "q_math_geometrie_paralleles_0038",
      "blockId": "math_geometrie_paralleles",
      "grade": "5e",
      "lang": "fr",
      "primaryTag": "math_geometrie_paralleles",
      "type": "MCQ",
      "difficulty": 3,
      "statement": "Question d’entraînement sur la notion « math geometrie paralleles ».",
      "choices": [
        "Réponse correcte",
        "Distracteur 1",
        "Distracteur 2",
        "Distracteur 3"
      ],
      "answer": "Réponse correcte",
      "lessonRef": "definition",
      "explanation": "Cette question vérifie la compréhension de la notion.",
      "quality": {
        "status": "draft",
        "review": {
          "reviewedBy": null,
          "reviewedAt": null,
          "decision": null,
          "notes": null
        },
        "history": [
          {
            "at": "2025-12-27T00:00:00Z",
            "by": "import",
            "action": "created"
          }
        ],
        "deletedAt": null,
        "deletedBy": null
      }
    },
    {
      "schemaVersion": 1,
      "taxonomyVersion": "5e-1.0",
      "id": "q_math_geometrie_paralleles_0039",
      "blockId": "math_geometrie_paralleles",
      "grade": "5e",
      "lang": "fr",
      "primaryTag": "math_geometrie_paralleles",
      "type": "MCQ",
      "difficulty": 3,
      "statement": "Question d’entraînement sur la notion « math geometrie paralleles ».",
      "choices": [
        "Réponse correcte",
        "Distracteur 1",
        "Distracteur 2",
        "Distracteur 3"
      ],
      "answer": "Réponse correcte",
      "lessonRef": "definition",
      "explanation": "Cette question vérifie la compréhension de la notion.",
      "quality": {
        "status": "draft",
        "review": {
          "reviewedBy": null,
          "reviewedAt": null,
          "decision": null,
          "notes": null
        },
        "history": [
          {
            "at": "2025-12-27T00:00:00Z",
            "by": "import",
            "action": "created"
          }
        ],
        "deletedAt": null,
        "deletedBy": null
      }
    },
    {
      "schemaVersion": 1,
      "taxonomyVersion": "5e-1.0",
      "id": "q_math_geometrie_paralleles_0040",
      "blockId": "math_geometrie_paralleles",
      "grade": "5e",
      "lang": "fr",
      "primaryTag": "math_geometrie_paralleles",
      "type": "MCQ",
      "difficulty": 1,
      "statement": "Question d’entraînement sur la notion « math geometrie paralleles ».",
      "choices": [
        "Réponse correcte",
        "Distracteur 1",
        "Distracteur 2",
        "Distracteur 3"
      ],
      "answer": "Réponse correcte",
      "lessonRef": "definition",
      "explanation": "Cette question vérifie la compréhension de la notion.",
      "quality": {
        "status": "draft",
        "review": {
          "reviewedBy": null,
          "reviewedAt": null,
          "decision": null,
          "notes": null
        },
        "history": [
          {
            "at": "2025-12-27T00:00:00Z",
            "by": "import",
            "action": "created"
          }
        ],
        "deletedAt": null,
        "deletedBy": null
      }
    },
    {
      "schemaVersion": 1,
      "taxonomyVersion": "5e-1.0",
      "id": "q_math_geometrie_paralleles_0041",
      "blockId": "math_geometrie_paralleles",
      "grade": "5e",
      "lang": "fr",
      "primaryTag": "math_geometrie_paralleles",
      "type": "MCQ",
      "difficulty": 3,
      "statement": "Question d’entraînement sur la notion « math geometrie paralleles ».",
      "choices": [
        "Réponse correcte",
        "Distracteur 1",
        "Distracteur 2",
        "Distracteur 3"
      ],
      "answer": "Réponse correcte",
      "lessonRef": "definition",
      "explanation": "Cette question vérifie la compréhension de la notion.",
      "quality": {
        "status": "draft",
        "review": {
          "reviewedBy": null,
          "reviewedAt": null,
          "decision": null,
          "notes": null
        },
        "history": [
          {
            "at": "2025-12-27T00:00:00Z",
            "by": "import",
            "action": "created"
          }
        ],
        "deletedAt": null,
        "deletedBy": null
      }
    },
    {
      "schemaVersion": 1,
      "taxonomyVersion": "5e-1.0",
      "id": "q_math_geometrie_paralleles_0042",
      "blockId": "math_geometrie_paralleles",
      "grade": "5e",
      "lang": "fr",
      "primaryTag": "math_geometrie_paralleles",
      "type": "MCQ",
      "difficulty": 2,
      "statement": "Question d’entraînement sur la notion « math geometrie paralleles ».",
      "choices": [
        "Réponse correcte",
        "Distracteur 1",
        "Distracteur 2",
        "Distracteur 3"
      ],
      "answer": "Réponse correcte",
      "lessonRef": "definition",
      "explanation": "Cette question vérifie la compréhension de la notion.",
      "quality": {
        "status": "draft",
        "review": {
          "reviewedBy": null,
          "reviewedAt": null,
          "decision": null,
          "notes": null
        },
        "history": [
          {
            "at": "2025-12-27T00:00:00Z",
            "by": "import",
            "action": "created"
          }
        ],
        "deletedAt": null,
        "deletedBy": null
      }
    },
    {
      "schemaVersion": 1,
      "taxonomyVersion": "5e-1.0",
      "id": "q_math_geometrie_paralleles_0043",
      "blockId": "math_geometrie_paralleles",
      "grade": "5e",
      "lang": "fr",
      "primaryTag": "math_geometrie_paralleles",
      "type": "MCQ",
      "difficulty": 1,
      "statement": "Question d’entraînement sur la notion « math geometrie paralleles ».",
      "choices": [
        "Réponse correcte",
        "Distracteur 1",
        "Distracteur 2",
        "Distracteur 3"
      ],
      "answer": "Réponse correcte",
      "lessonRef": "definition",
      "explanation": "Cette question vérifie la compréhension de la notion.",
      "quality": {
        "status": "draft",
        "review": {
          "reviewedBy": null,
          "reviewedAt": null,
          "decision": null,
          "notes": null
        },
        "history": [
          {
            "at": "2025-12-27T00:00:00Z",
            "by": "import",
            "action": "created"
          }
        ],
        "deletedAt": null,
        "deletedBy": null
      }
    },
    {
      "schemaVersion": 1,
      "taxonomyVersion": "5e-1.0",
      "id": "q_math_geometrie_paralleles_0044",
      "blockId": "math_geometrie_paralleles",
      "grade": "5e",
      "lang": "fr",
      "primaryTag": "math_geometrie_paralleles",
      "type": "MCQ",
      "difficulty": 3,
      "statement": "Question d’entraînement sur la notion « math geometrie paralleles ».",
      "choices": [
        "Réponse correcte",
        "Distracteur 1",
        "Distracteur 2",
        "Distracteur 3"
      ],
      "answer": "Réponse correcte",
      "lessonRef": "definition",
      "explanation": "Cette question vérifie la compréhension de la notion.",
      "quality": {
        "status": "draft",
        "review": {
          "reviewedBy": null,
          "reviewedAt": null,
          "decision": null,
          "notes": null
        },
        "history": [
          {
            "at": "2025-12-27T00:00:00Z",
            "by": "import",
            "action": "created"
          }
        ],
        "deletedAt": null,
        "deletedBy": null
      }
    },
    {
      "schemaVersion": 1,
      "taxonomyVersion": "5e-1.0",
      "id": "q_math_geometrie_paralleles_0045",
      "blockId": "math_geometrie_paralleles",
      "grade": "5e",
      "lang": "fr",
      "primaryTag": "math_geometrie_paralleles",
      "type": "MCQ",
      "difficulty": 2,
      "statement": "Question d’entraînement sur la notion « math geometrie paralleles ».",
      "choices": [
        "Réponse correcte",
        "Distracteur 1",
        "Distracteur 2",
        "Distracteur 3"
      ],
      "answer": "Réponse correcte",
      "lessonRef": "definition",
      "explanation": "Cette question vérifie la compréhension de la notion.",
      "quality": {
        "status": "draft",
        "review": {
          "reviewedBy": null,
          "reviewedAt": null,
          "decision": null,
          "notes": null
        },
        "history": [
          {
            "at": "2025-12-27T00:00:00Z",
            "by": "import",
            "action": "created"
          }
        ],
        "deletedAt": null,
        "deletedBy": null
      }
    },
    {
      "schemaVersion": 1,
      "taxonomyVersion": "5e-1.0",
      "id": "q_math_geometrie_paralleles_0046",
      "blockId": "math_geometrie_paralleles",
      "grade": "5e",
      "lang": "fr",
      "primaryTag": "math_geometrie_paralleles",
      "type": "MCQ",
      "difficulty": 3,
      "statement": "Question d’entraînement sur la notion « math geometrie paralleles ».",
      "choices": [
        "Réponse correcte",
        "Distracteur 1",
        "Distracteur 2",
        "Distracteur 3"
      ],
      "answer": "Réponse correcte",
      "lessonRef": "definition",
      "explanation": "Cette question vérifie la compréhension de la notion.",
      "quality": {
        "status": "draft",
        "review": {
          "reviewedBy": null,
          "reviewedAt": null,
          "decision": null,
          "notes": null
        },
        "history": [
          {
            "at": "2025-12-27T00:00:00Z",
            "by": "import",
            "action": "created"
          }
        ],
        "deletedAt": null,
        "deletedBy": null
      }
    },
    {
      "schemaVersion": 1,
      "taxonomyVersion": "5e-1.0",
      "id": "q_math_geometrie_paralleles_0047",
      "blockId": "math_geometrie_paralleles",
      "grade": "5e",
      "lang": "fr",
      "primaryTag": "math_geometrie_paralleles",
      "type": "MCQ",
      "difficulty": 1,
      "statement": "Question d’entraînement sur la notion « math geometrie paralleles ».",
      "choices": [
        "Réponse correcte",
        "Distracteur 1",
        "Distracteur 2",
        "Distracteur 3"
      ],
      "answer": "Réponse correcte",
      "lessonRef": "definition",
      "explanation": "Cette question vérifie la compréhension de la notion.",
      "quality": {
        "status": "draft",
        "review": {
          "reviewedBy": null,
          "reviewedAt": null,
          "decision": null,
          "notes": null
        },
        "history": [
          {
            "at": "2025-12-27T00:00:00Z",
            "by": "import",
            "action": "created"
          }
        ],
        "deletedAt": null,
        "deletedBy": null
      }
    },
    {
      "schemaVersion": 1,
      "taxonomyVersion": "5e-1.0",
      "id": "q_math_geometrie_paralleles_0048",
      "blockId": "math_geometrie_paralleles",
      "grade": "5e",
      "lang": "fr",
      "primaryTag": "math_geometrie_paralleles",
      "type": "MCQ",
      "difficulty": 2,
      "statement": "Question d’entraînement sur la notion « math geometrie paralleles ».",
      "choices": [
        "Réponse correcte",
        "Distracteur 1",
        "Distracteur 2",
        "Distracteur 3"
      ],
      "answer": "Réponse correcte",
      "lessonRef": "definition",
      "explanation": "Cette question vérifie la compréhension de la notion.",
      "quality": {
        "status": "draft",
        "review": {
          "reviewedBy": null,
          "reviewedAt": null,
          "decision": null,
          "notes": null
        },
        "history": [
          {
            "at": "2025-12-27T00:00:00Z",
            "by": "import",
            "action": "created"
          }
        ],
        "deletedAt": null,
        "deletedBy": null
      }
    },
    {
      "schemaVersion": 1,
      "taxonomyVersion": "5e-1.0",
      "id": "q_math_geometrie_paralleles_0049",
      "blockId": "math_geometrie_paralleles",
      "grade": "5e",
      "lang": "fr",
      "primaryTag": "math_geometrie_paralleles",
      "type": "MCQ",
      "difficulty": 3,
      "statement": "Question d’entraînement sur la notion « math geometrie paralleles ».",
      "choices": [
        "Réponse correcte",
        "Distracteur 1",
        "Distracteur 2",
        "Distracteur 3"
      ],
      "answer": "Réponse correcte",
      "lessonRef": "definition",
      "explanation": "Cette question vérifie la compréhension de la notion.",
      "quality": {
        "status": "draft",
        "review": {
          "reviewedBy": null,
          "reviewedAt": null,
          "decision": null,
          "notes": null
        },
        "history": [
          {
            "at": "2025-12-27T00:00:00Z",
            "by": "import",
            "action": "created"
          }
        ],
        "deletedAt": null,
        "deletedBy": null
      }
    },
    {
      "schemaVersion": 1,
      "taxonomyVersion": "5e-1.0",
      "id": "q_math_geometrie_paralleles_0050",
      "blockId": "math_geometrie_paralleles",
      "grade": "5e",
      "lang": "fr",
      "primaryTag": "math_geometrie_paralleles",
      "type": "MCQ",
      "difficulty": 3,
      "statement": "Question d’entraînement sur la notion « math geometrie paralleles ».",
      "choices": [
        "Réponse correcte",
        "Distracteur 1",
        "Distracteur 2",
        "Distracteur 3"
      ],
      "answer": "Réponse correcte",
      "lessonRef": "definition",
      "explanation": "Cette question vérifie la compréhension de la notion.",
      "quality": {
        "status": "draft",
        "review": {
          "reviewedBy": null,
          "reviewedAt": null,
          "decision": null,
          "notes": null
        },
        "history": [
          {
            "at": "2025-12-27T00:00:00Z",
            "by": "import",
            "action": "created"
          }
        ],
        "deletedAt": null,
        "deletedBy": null
      }
    }
  ]
}