{
  "pack": {
    "schemaVersion": 1,
    "taxonomyVersion": "5e-1.0",
    "setId": "pack_math_fractions_representer_50q_v1",
    "grade": "5e",
    "lang": "fr",
    "primaryTag": "math_fractions_representer",
    "blockId": "math_fractions_representer",
    "biomeId": "math",
    "lessonTitle": "Rappel — math fractions representer",
    "lesson": "# Rappel — math_fractions_representer\n\n## Définition {#definition}\nÀ compléter.\n\n## Méthode {#methode}\nÀ compléter.\n\n## Exemples {#exemples}\nÀ compléter.\n\n## Pièges fréquents {#pieges}\nÀ compléter.\n",
    "createdAt": "2025-12-27T00:00:00Z"
  },
  "questions": [
    {
      "schemaVersion": 1,
      "taxonomyVersion": "5e-1.0",
      "id": "q_math_fractions_representer_0001",
      "blockId": "math_fractions_representer",
      "grade": "5e",
      "lang": "fr",
      "primaryTag": "math_fractions_representer",
      "type": "MCQ",
      "difficulty": 2,
      "statement": "Question d’entraînement sur la notion « math fractions representer ».",
      "choices": [
        "Réponse correcte",
        "Distracteur 1",
        "Distracteur 2",
        "Distracteur 3"
      ],
      "answer": "Réponse correcte",
      "lessonRef": "definition",
      "explanation": "Cette question vérifie la compréhension de la notion.",
      "quality": {
        "status": "draft",
        "review": {
          "reviewedBy": null,
          "reviewedAt": null,
          "decision": null,
          "notes": null
        },
        "history": [
          {
            "at": "2025-12-27T00:00:00Z",
            "by": "import",
            "action": "created"
          }
        ],
        "deletedAt": null,
        "deletedBy": null
      }
    },
    {
      "schemaVersion": 1,
      "taxonomyVersion": "5e-1.0",
      "id": "q_math_fractions_representer_0002",
      "blockId": "math_fractions_representer",
      "grade": "5e",
      "lang": "fr",
      "primaryTag": "math_fractions_representer",
      "type": "MCQ",
      "difficulty": 2,
      "statement": "Question d’entraînement sur la notion « math fractions representer ».",
      "choices": [
        "Réponse correcte",
        "Distracteur 1",
        "Distracteur 2",
        "Distracteur 3"
      ],
      "answer": "Réponse correcte",
      "lessonRef": "definition",
      "explanation": "Cette question vérifie la compréhension de la notion.",
      "quality": {
        "status": "draft",
        "review": {
          "reviewedBy": null,
          "reviewedAt": null,
          "decision": null,
          "notes": null
        },
        "history": [
          {
            "at": "2025-12-27T00:00:00Z",
            "by": "import",
            "action": "created"
          }
        ],
        "deletedAt": null,
        "deletedBy": null
      }
    },
    {
      "schemaVersion": 1,
      "taxonomyVersion": "5e-1.0",
      "id": "q_math_fractions_representer_0003",
      "blockId": "math_fractions_representer",
      "grade": "5e",
      "lang": "fr",
      "primaryTag": "math_fractions_representer",
      "type": "MCQ",
      "difficulty": 1,
      "statement": "Question d’entraînement sur la notion « math fractions representer ».",
      "choices": [
        "Réponse correcte",
        "Distracteur 1",
        "Distracteur 2",
        "Distracteur 3"
      ],
      "answer": "Réponse correcte",
      "lessonRef": "definition",
      "explanation": "Cette question vérifie la compréhension de la notion.",
      "quality": {
        "status": "draft",
        "review": {
          "reviewedBy": null,
          "reviewedAt": null,
          "decision": null,
          "notes": null
        },
        "history": [
          {
            "at": "2025-12-27T00:00:00Z",
            "by": "import",
            "action": "created"
          }
        ],
        "deletedAt": null,
        "deletedBy": null
      }
    },
    {
      "schemaVersion": 1,
      "taxonomyVersion": "5e-1.0",
      "id": "q_math_fractions_representer_0004",
      "blockId": "math_fractions_representer",
      "grade": "5e",
      "lang": "fr",
      "primaryTag": "math_fractions_representer",
      "type": "MCQ",
      "difficulty": 2,
      "statement": "Question d’entraînement sur la notion « math fractions representer ».",
      "choices": [
        "Réponse correcte",
        "Distracteur 1",
        "Distracteur 2",
        "Distracteur 3"
      ],
      "answer": "Réponse correcte",
      "lessonRef": "definition",
      "explanation": "Cette question vérifie la compréhension de la notion.",
      "quality": {
        "status": "draft",
        "review": {
          "reviewedBy": null,
          "reviewedAt": null,
          "decision": null,
          "notes": null
        },
        "history": [
          {
            "at": "2025-12-27T00:00:00Z",
            "by": "import",
            "action": "created"
          }
        ],
        "deletedAt": null,
        "deletedBy": null
      }
    },
    {
      "schemaVersion": 1,
      "taxonomyVersion": "5e-1.0",
      "id": "q_math_fractions_representer_0005",
      "blockId": "math_fractions_representer",
      "grade": "5e",
      "lang": "fr",
      "primaryTag": "math_fractions_representer",
      "type": "MCQ",
      "difficulty": 2,
      "statement": "Question d’entraînement sur la notion « math fractions representer ».",
      "choices": [
        "Réponse correcte",
        "Distracteur 1",
        "Distracteur 2",
        "Distracteur 3"
      ],
      "answer": "Réponse correcte",
      "lessonRef": "definition",
      "explanation": "Cette question vérifie la compréhension de la notion.",
      "quality": {
        "status": "draft",
        "review": {
          "reviewedBy": null,
          "reviewedAt": null,
          "decision": null,
          "notes": null
        },
        "history": [
          {
            "at": "2025-12-27T00:00:00Z",
            "by": "import",
            "action": "created"
          }
        ],
        "deletedAt": null,
        "deletedBy": null
      }
    },
    {
      "schemaVersion": 1,
      "taxonomyVersion": "5e-1.0",
      "id": "q_math_fractions_representer_0006",
      "blockId": "math_fractions_representer",
      "grade": "5e",
      "lang": "fr",
      "primaryTag": "math_fractions_representer",
      "type": "MCQ",
      "difficulty": 1,
      "statement": "Question d’entraînement sur la notion « math fractions representer ».",
      "choices": [
        "Réponse correcte",
        "Distracteur 1",
        "Distracteur 2",
        "Distracteur 3"
      ],
      "answer": "Réponse correcte",
      "lessonRef": "definition",
      "explanation": "Cette question vérifie la compréhension de la notion.",
      "quality": {
        "status": "draft",
        "review": {
          "reviewedBy": null,
          "reviewedAt": null,
          "decision": null,
          "notes": null
        },
        "history": [
          {
            "at": "2025-12-27T00:00:00Z",
            "by": "import",
            "action": "created"
          }
        ],
        "deletedAt": null,
        "deletedBy": null
      }
    },
    {
      "schemaVersion": 1,
      "taxonomyVersion": "5e-1.0",
      "id": "q_math_fractions_representer_0007",
      "blockId": "math_fractions_representer",
      "grade": "5e",
      "lang": "fr",
      "primaryTag": "math_fractions_representer",
      "type": "MCQ",
      "difficulty": 3,
      "statement": "Question d’entraînement sur la notion « math fractions representer ».",
      "choices": [
        "Réponse correcte",
        "Distracteur 1",
        "Distracteur 2",
        "Distracteur 3"
      ],
      "answer": "Réponse correcte",
      "lessonRef": "definition",
      "explanation": "Cette question vérifie la compréhension de la notion.",
      "quality": {
        "status": "draft",
        "review": {
          "reviewedBy": null,
          "reviewedAt": null,
          "decision": null,
          "notes": null
        },
        "history": [
          {
            "at": "2025-12-27T00:00:00Z",
            "by": "import",
            "action": "created"
          }
        ],
        "deletedAt": null,
        "deletedBy": null
      }
    },
    {
      "schemaVersion": 1,
      "taxonomyVersion": "5e-1.0",
      "id": "q_math_fractions_representer_0008",
      "blockId": "math_fractions_representer",
      "grade": "5e",
      "lang": "fr",
      "primaryTag": "math_fractions_representer",
      "type": "MCQ",
      "difficulty": 3,
      "statement": "Question d’entraînement sur la notion « math fractions representer ».",
      "choices": [
        "Réponse correcte",
        "Distracteur 1",
        "Distracteur 2",
        "Distracteur 3"
      ],
      "answer": "Réponse correcte",
      "lessonRef": "definition",
      "explanation": "Cette question vérifie la compréhension de la notion.",
      "quality": {
        "status": "draft",
        "review": {
          "reviewedBy": null,
          "reviewedAt": null,
          "decision": null,
          "notes": null
        },
        "history": [
          {
            "at": "2025-12-27T00:00:00Z",
            "by": "import",
            "action": "created"
          }
        ],
        "deletedAt": null,
        "deletedBy": null
      }
    },
    {
      "schemaVersion": 1,
      "taxonomyVersion": "5e-1.0",
      "id": "q_math_fractions_representer_0009",
      "blockId": "math_fractions_representer",
      "grade": "5e",
      "lang": "fr",
      "primaryTag": "math_fractions_representer",
      "type": "MCQ",
      "difficulty": 3,
      "statement": "Question d’entraînement sur la notion « math fractions representer ».",
      "choices": [
        "Réponse correcte",
        "Distracteur 1",
        "Distracteur 2",
        "Distracteur 3"
      ],
      "answer": "Réponse correcte",
      "lessonRef": "definition",
      "explanation": "Cette question vérifie la compréhension de la notion.",
      "quality": {
        "status": "draft",
        "review": {
          "reviewedBy": null,
          "reviewedAt": null,
          "decision": null,
          "notes": null
        },
        "history": [
          {
            "at": "2025-12-27T00:00:00Z",
            "by": "import",
            "action": "created"
          }
        ],
        "deletedAt": null,
        "deletedBy": null
      }
    },
    {
      "schemaVersion": 1,
      "taxonomyVersion": "5e-1.0",
      "id": "q_math_fractions_representer_0010",
      "blockId": "math_fractions_representer",
      "grade": "5e",
      "lang": "fr",
      "primaryTag": "math_fractions_representer",
      "type": "MCQ",
      "difficulty": 3,
      "statement": "Question d’entraînement sur la notion « math fractions representer ».",
      "choices": [
        "Réponse correcte",
        "Distracteur 1",
        "Distracteur 2",
        "Distracteur 3"
      ],
      "answer": "Réponse correcte",
      "lessonRef": "definition",
      "explanation": "Cette question vérifie la compréhension de la notion.",
      "quality": {
        "status": "draft",
        "review": {
          "reviewedBy": null,
          "reviewedAt": null,
          "decision": null,
          "notes": null
        },
        "history": [
          {
            "at": "2025-12-27T00:00:00Z",
            "by": "import",
            "action": "created"
          }
        ],
        "deletedAt": null,
        "deletedBy": null
      }
    },
    {
      "schemaVersion": 1,
      "taxonomyVersion": "5e-1.0",
      "id": "q_math_fractions_representer_0011",
      "blockId": "math_fractions_representer",
      "grade": "5e",
      "lang": "fr",
      "primaryTag": "math_fractions_representer",
      "type": "MCQ",
      "difficulty": 2,
      "statement": "Question d’entraînement sur la notion « math fractions representer ».",
      "choices": [
        "Réponse correcte",
        "Distracteur 1",
        "Distracteur 2",
        "Distracteur 3"
      ],
      "answer": "Réponse correcte",
      "lessonRef": "definition",
      "explanation": "Cette question vérifie la compréhension de la notion.",
      "quality": {
        "status": "draft",
        "review": {
          "reviewedBy": null,
          "reviewedAt": null,
          "decision": null,
          "notes": null
        },
        "history": [
          {
            "at": "2025-12-27T00:00:00Z",
            "by": "import",
            "action": "created"
          }
        ],
        "deletedAt": null,
        "deletedBy": null
      }
    },
    {
      "schemaVersion": 1,
      "taxonomyVersion": "5e-1.0",
      "id": "q_math_fractions_representer_0012",
      "blockId": "math_fractions_representer",
      "grade": "5e",
      "lang": "fr",
      "primaryTag": "math_fractions_representer",
      "type": "MCQ",
      "difficulty": 2,
      "statement": "Question d’entraînement sur la notion « math fractions representer ».",
      "choices": [
        "Réponse correcte",
        "Distracteur 1",
        "Distracteur 2",
        "Distracteur 3"
      ],
      "answer": "Réponse correcte",
      "lessonRef": "definition",
      "explanation": "Cette question vérifie la compréhension de la notion.",
      "quality": {
        "status": "draft",
        "review": {
          "reviewedBy": null,
          "reviewedAt": null,
          "decision": null,
          "notes": null
        },
        "history": [
          {
            "at": "2025-12-27T00:00:00Z",
            "by": "import",
            "action": "created"
          }
        ],
        "deletedAt": null,
        "deletedBy": null
      }
    },
    {
      "schemaVersion": 1,
      "taxonomyVersion": "5e-1.0",
      "id": "q_math_fractions_representer_0013",
      "blockId": "math_fractions_representer",
      "grade": "5e",
      "lang": "fr",
      "primaryTag": "math_fractions_representer",
      "type": "MCQ",
      "difficulty": 2,
      "statement": "Question d’entraînement sur la notion « math fractions representer ».",
      "choices": [
        "Réponse correcte",
        "Distracteur 1",
        "Distracteur 2",
        "Distracteur 3"
      ],
      "answer": "Réponse correcte",
      "lessonRef": "definition",
      "explanation": "Cette question vérifie la compréhension de la notion.",
      "quality": {
        "status": "draft",
        "review": {
          "reviewedBy": null,
          "reviewedAt": null,
          "decision": null,
          "notes": null
        },
        "history": [
          {
            "at": "2025-12-27T00:00:00Z",
            "by": "import",
            "action": "created"
          }
        ],
        "deletedAt": null,
        "deletedBy": null
      }
    },
    {
      "schemaVersion": 1,
      "taxonomyVersion": "5e-1.0",
      "id": "q_math_fractions_representer_0014",
      "blockId": "math_fractions_representer",
      "grade": "5e",
      "lang": "fr",
      "primaryTag": "math_fractions_representer",
      "type": "MCQ",
      "difficulty": 3,
      "statement": "Question d’entraînement sur la notion « math fractions representer ».",
      "choices": [
        "Réponse correcte",
        "Distracteur 1",
        "Distracteur 2",
        "Distracteur 3"
      ],
      "answer": "Réponse correcte",
      "lessonRef": "definition",
      "explanation": "Cette question vérifie la compréhension de la notion.",
      "quality": {
        "status": "draft",
        "review": {
          "reviewedBy": null,
          "reviewedAt": null,
          "decision": null,
          "notes": null
        },
        "history": [
          {
            "at": "2025-12-27T00:00:00Z",
            "by": "import",
            "action": "created"
          }
        ],
        "deletedAt": null,
        "deletedBy": null
      }
    },
    {
      "schemaVersion": 1,
      "taxonomyVersion": "5e-1.0",
      "id": "q_math_fractions_representer_0015",
      "blockId": "math_fractions_representer",
      "grade": "5e",
      "lang": "fr",
      "primaryTag": "math_fractions_representer",
      "type": "MCQ",
      "difficulty": 1,
      "statement": "Question d’entraînement sur la notion « math fractions representer ».",
      "choices": [
        "Réponse correcte",
        "Distracteur 1",
        "Distracteur 2",
        "Distracteur 3"
      ],
      "answer": "Réponse correcte",
      "lessonRef": "definition",
      "explanation": "Cette question vérifie la compréhension de la notion.",
      "quality": {
        "status": "draft",
        "review": {
          "reviewedBy": null,
          "reviewedAt": null,
          "decision": null,
          "notes": null
        },
        "history": [
          {
            "at": "2025-12-27T00:00:00Z",
            "by": "import",
            "action": "created"
          }
        ],
        "deletedAt": null,
        "deletedBy": null
      }
    },
    {
      "schemaVersion": 1,
      "taxonomyVersion": "5e-1.0",
      "id": "q_math_fractions_representer_0016",
      "blockId": "math_fractions_representer",
      "grade": "5e",
      "lang": "fr",
      "primaryTag": "math_fractions_representer",
      "type": "MCQ",
      "difficulty": 2,
      "statement": "Question d’entraînement sur la notion « math fractions representer ».",
      "choices": [
        "Réponse correcte",
        "Distracteur 1",
        "Distracteur 2",
        "Distracteur 3"
      ],
      "answer": "Réponse correcte",
      "lessonRef": "definition",
      "explanation": "Cette question vérifie la compréhension de la notion.",
      "quality": {
        "status": "draft",
        "review": {
          "reviewedBy": null,
          "reviewedAt": null,
          "decision": null,
          "notes": null
        },
        "history": [
          {
            "at": "2025-12-27T00:00:00Z",
            "by": "import",
            "action": "created"
          }
        ],
        "deletedAt": null,
        "deletedBy": null
      }
    },
    {
      "schemaVersion": 1,
      "taxonomyVersion": "5e-1.0",
      "id": "q_math_fractions_representer_0017",
      "blockId": "math_fractions_representer",
      "grade": "5e",
      "lang": "fr",
      "primaryTag": "math_fractions_representer",
      "type": "MCQ",
      "difficulty": 1,
      "statement": "Question d’entraînement sur la notion « math fractions representer ».",
      "choices": [
        "Réponse correcte",
        "Distracteur 1",
        "Distracteur 2",
        "Distracteur 3"
      ],
      "answer": "Réponse correcte",
      "lessonRef": "definition",
      "explanation": "Cette question vérifie la compréhension de la notion.",
      "quality": {
        "status": "draft",
        "review": {
          "reviewedBy": null,
          "reviewedAt": null,
          "decision": null,
          "notes": null
        },
        "history": [
          {
            "at": "2025-12-27T00:00:00Z",
            "by": "import",
            "action": "created"
          }
        ],
        "deletedAt": null,
        "deletedBy": null
      }
    },
    {
      "schemaVersion": 1,
      "taxonomyVersion": "5e-1.0",
      "id": "q_math_fractions_representer_0018",
      "blockId": "math_fractions_representer",
      "grade": "5e",
      "lang": "fr",
      "primaryTag": "math_fractions_representer",
      "type": "MCQ",
      "difficulty": 2,
      "statement": "Question d’entraînement sur la notion « math fractions representer ».",
      "choices": [
        "Réponse correcte",
        "Distracteur 1",
        "Distracteur 2",
        "Distracteur 3"
      ],
      "answer": "Réponse correcte",
      "lessonRef": "definition",
      "explanation": "Cette question vérifie la compréhension de la notion.",
      "quality": {
        "status": "draft",
        "review": {
          "reviewedBy": null,
          "reviewedAt": null,
          "decision": null,
          "notes": null
        },
        "history": [
          {
            "at": "2025-12-27T00:00:00Z",
            "by": "import",
            "action": "created"
          }
        ],
        "deletedAt": null,
        "deletedBy": null
      }
    },
    {
      "schemaVersion": 1,
      "taxonomyVersion": "5e-1.0",
      "id": "q_math_fractions_representer_0019",
      "blockId": "math_fractions_representer",
      "grade": "5e",
      "lang": "fr",
      "primaryTag": "math_fractions_representer",
      "type": "MCQ",
      "difficulty": 3,
      "statement": "Question d’entraînement sur la notion « math fractions representer ».",
      "choices": [
        "Réponse correcte",
        "Distracteur 1",
        "Distracteur 2",
        "Distracteur 3"
      ],
      "answer": "Réponse correcte",
      "lessonRef": "definition",
      "explanation": "Cette question vérifie la compréhension de la notion.",
      "quality": {
        "status": "draft",
        "review": {
          "reviewedBy": null,
          "reviewedAt": null,
          "decision": null,
          "notes": null
        },
        "history": [
          {
            "at": "2025-12-27T00:00:00Z",
            "by": "import",
            "action": "created"
          }
        ],
        "deletedAt": null,
        "deletedBy": null
      }
    },
    {
      "schemaVersion": 1,
      "taxonomyVersion": "5e-1.0",
      "id": "q_math_fractions_representer_0020",
      "blockId": "math_fractions_representer",
      "grade": "5e",
      "lang": "fr",
      "primaryTag": "math_fractions_representer",
      "type": "MCQ",
      "difficulty": 2,
      "statement": "Question d’entraînement sur la notion « math fractions representer ».",
      "choices": [
        "Réponse correcte",
        "Distracteur 1",
        "Distracteur 2",
        "Distracteur 3"
      ],
      "answer": "Réponse correcte",
      "lessonRef": "definition",
      "explanation": "Cette question vérifie la compréhension de la notion.",
      "quality": {
        "status": "draft",
        "review": {
          "reviewedBy": null,
          "reviewedAt": null,
          "decision": null,
          "notes": null
        },
        "history": [
          {
            "at": "2025-12-27T00:00:00Z",
            "by": "import",
            "action": "created"
          }
        ],
        "deletedAt": null,
        "deletedBy": null
      }
    },
    {
      "schemaVersion": 1,
      "taxonomyVersion": "5e-1.0",
      "id": "q_math_fractions_representer_0021",
      "blockId": "math_fractions_representer",
      "grade": "5e",
      "lang": "fr",
      "primaryTag": "math_fractions_representer",
      "type": "MCQ",
      "difficulty": 3,
      "statement": "Question d’entraînement sur la notion « math fractions representer ».",
      "choices": [
        "Réponse correcte",
        "Distracteur 1",
        "Distracteur 2",
        "Distracteur 3"
      ],
      "answer": "Réponse correcte",
      "lessonRef": "definition",
      "explanation": "Cette question vérifie la compréhension de la notion.",
      "quality": {
        "status": "draft",
        "review": {
          "reviewedBy": null,
          "reviewedAt": null,
          "decision": null,
          "notes": null
        },
        "history": [
          {
            "at": "2025-12-27T00:00:00Z",
            "by": "import",
            "action": "created"
          }
        ],
        "deletedAt": null,
        "deletedBy": null
      }
    },
    {
      "schemaVersion": 1,
      "taxonomyVersion": "5e-1.0",
      "id": "q_math_fractions_representer_0022",
      "blockId": "math_fractions_representer",
      "grade": "5e",
      "lang": "fr",
      "primaryTag": "math_fractions_representer",
      "type": "MCQ",
      "difficulty": 1,
      "statement": "Question d’entraînement sur la notion « math fractions representer ».",
      "choices": [
        "Réponse correcte",
        "Distracteur 1",
        "Distracteur 2",
        "Distracteur 3"
      ],
      "answer": "Réponse correcte",
      "lessonRef": "definition",
      "explanation": "Cette question vérifie la compréhension de la notion.",
      "quality": {
        "status": "draft",
        "review": {
          "reviewedBy": null,
          "reviewedAt": null,
          "decision": null,
          "notes": null
        },
        "history": [
          {
            "at": "2025-12-27T00:00:00Z",
            "by": "import",
            "action": "created"
          }
        ],
        "deletedAt": null,
        "deletedBy": null
      }
    },
    {
      "schemaVersion": 1,
      "taxonomyVersion": "5e-1.0",
      "id": "q_math_fractions_representer_0023",
      "blockId": "math_fractions_representer",
      "grade": "5e",
      "lang": "fr",
      "primaryTag": "math_fractions_representer",
      "type": "MCQ",
      "difficulty": 2,
      "statement": "Question d’entraînement sur la notion « math fractions representer ».",
      "choices": [
        "Réponse correcte",
        "Distracteur 1",
        "Distracteur 2",
        "Distracteur 3"
      ],
      "answer": "Réponse correcte",
      "lessonRef": "definition",
      "explanation": "Cette question vérifie la compréhension de la notion.",
      "quality": {
        "status": "draft",
        "review": {
          "reviewedBy": null,
          "reviewedAt": null,
          "decision": null,
          "notes": null
        },
        "history": [
          {
            "at": "2025-12-27T00:00:00Z",
            "by": "import",
            "action": "created"
          }
        ],
        "deletedAt": null,
        "deletedBy": null
      }
    },
    {
      "schemaVersion": 1,
      "taxonomyVersion": "5e-1.0",
      "id": "q_math_fractions_representer_0024",
      "blockId": "math_fractions_representer",
      "grade": "5e",
      "lang": "fr",
      "primaryTag": "math_fractions_representer",
      "type": "MCQ",
      "difficulty": 1,
      "statement": "Question d’entraînement sur la notion « math fractions representer ».",
      "choices": [
        "Réponse correcte",
        "Distracteur 1",
        "Distracteur 2",
        "Distracteur 3"
      ],
      "answer": "Réponse correcte",
      "lessonRef": "definition",
      "explanation": "Cette question vérifie la compréhension de la notion.",
      "quality": {
        "status": "draft",
        "review": {
          "reviewedBy": null,
          "reviewedAt": null,
          "decision": null,
          "notes": null
        },
        "history": [
          {
            "at": "2025-12-27T00:00:00Z",
            "by": "import",
            "action": "created"
          }
        ],
        "deletedAt": null,
        "deletedBy": null
      }
    },
    {
      "schemaVersion": 1,
      "taxonomyVersion": "5e-1.0",
      "id": "q_math_fractions_representer_0025",
      "blockId": "math_fractions_representer",
      "grade": "5e",
      "lang": "fr",
      "primaryTag": "math_fractions_representer",
      "type": "MCQ",
      "difficulty": 2,
      "statement": "Question d’entraînement sur la notion « math fractions representer ».",
      "choices": [
        "Réponse correcte",
        "Distracteur 1",
        "Distracteur 2",
        "Distracteur 3"
      ],
      "answer": "Réponse correcte",
      "lessonRef": "definition",
      "explanation": "Cette question vérifie la compréhension de la notion.",
      "quality": {
        "status": "draft",
        "review": {
          "reviewedBy": null,
          "reviewedAt": null,
          "decision": null,
          "notes": null
        },
        "history": [
          {
            "at": "2025-12-27T00:00:00Z",
            "by": "import",
            "action": "created"
          }
        ],
        "deletedAt": null,
        "deletedBy": null
      }
    },
    {
      "schemaVersion": 1,
      "taxonomyVersion": "5e-1.0",
      "id": "q_math_fractions_representer_0026",
      "blockId": "math_fractions_representer",
      "grade": "5e",
      "lang": "fr",
      "primaryTag": "math_fractions_representer",
      "type": "MCQ",
      "difficulty": 2,
      "statement": "Question d’entraînement sur la notion « math fractions representer ».",
      "choices": [
        "Réponse correcte",
        "Distracteur 1",
        "Distracteur 2",
        "Distracteur 3"
      ],
      "answer": "Réponse correcte",
      "lessonRef": "definition",
      "explanation": "Cette question vérifie la compréhension de la notion.",
      "quality": {
        "status": "draft",
        "review": {
          "reviewedBy": null,
          "reviewedAt": null,
          "decision": null,
          "notes": null
        },
        "history": [
          {
            "at": "2025-12-27T00:00:00Z",
            "by": "import",
            "action": "created"
          }
        ],
        "deletedAt": null,
        "deletedBy": null
      }
    },
    {
      "schemaVersion": 1,
      "taxonomyVersion": "5e-1.0",
      "id": "q_math_fractions_representer_0027",
      "blockId": "math_fractions_representer",
      "grade": "5e",
      "lang": "fr",
      "primaryTag": "math_fractions_representer",
      "type": "MCQ",
      "difficulty": 2,
      "statement": "Question d’entraînement sur la notion « math fractions representer ».",
      "choices": [
        "Réponse correcte",
        "Distracteur 1",
        "Distracteur 2",
        "Distracteur 3"
      ],
      "answer": "Réponse correcte",
      "lessonRef": "definition",
      "explanation": "Cette question vérifie la compréhension de la notion.",
      "quality": {
        "status": "draft",
        "review": {
          "reviewedBy": null,
          "reviewedAt": null,
          "decision": null,
          "notes": null
        },
        "history": [
          {
            "at": "2025-12-27T00:00:00Z",
            "by": "import",
            "action": "created"
          }
        ],
        "deletedAt": null,
        "deletedBy": null
      }
    },
    {
      "schemaVersion": 1,
      "taxonomyVersion": "5e-1.0",
      "id": "q_math_fractions_representer_0028",
      "blockId": "math_fractions_representer",
      "grade": "5e",
      "lang": "fr",
      "primaryTag": "math_fractions_representer",
      "type": "MCQ",
      "difficulty": 2,
      "statement": "Question d’entraînement sur la notion « math fractions representer ».",
      "choices": [
        "Réponse correcte",
        "Distracteur 1",
        "Distracteur 2",
        "Distracteur 3"
      ],
      "answer": "Réponse correcte",
      "lessonRef": "definition",
      "explanation": "Cette question vérifie la compréhension de la notion.",
      "quality": {
        "status": "draft",
        "review": {
          "reviewedBy": null,
          "reviewedAt": null,
          "decision": null,
          "notes": null
        },
        "history": [
          {
            "at": "2025-12-27T00:00:00Z",
            "by": "import",
            "action": "created"
          }
        ],
        "deletedAt": null,
        "deletedBy": null
      }
    },
    {
      "schemaVersion": 1,
      "taxonomyVersion": "5e-1.0",
      "id": "q_math_fractions_representer_0029",
      "blockId": "math_fractions_representer",
      "grade": "5e",
      "lang": "fr",
      "primaryTag": "math_fractions_representer",
      "type": "MCQ",
      "difficulty": 2,
      "statement": "Question d’entraînement sur la notion « math fractions representer ».",
      "choices": [
        "Réponse correcte",
        "Distracteur 1",
        "Distracteur 2",
        "Distracteur 3"
      ],
      "answer": "Réponse correcte",
      "lessonRef": "definition",
      "explanation": "Cette question vérifie la compréhension de la notion.",
      "quality": {
        "status": "draft",
        "review": {
          "reviewedBy": null,
          "reviewedAt": null,
          "decision": null,
          "notes": null
        },
        "history": [
          {
            "at": "2025-12-27T00:00:00Z",
            "by": "import",
            "action": "created"
          }
        ],
        "deletedAt": null,
        "deletedBy": null
      }
    },
    {
      "schemaVersion": 1,
      "taxonomyVersion": "5e-1.0",
      "id": "q_math_fractions_representer_0030",
      "blockId": "math_fractions_representer",
      "grade": "5e",
      "lang": "fr",
      "primaryTag": "math_fractions_representer",
      "type": "MCQ",
      "difficulty": 1,
      "statement": "Question d’entraînement sur la notion « math fractions representer ».",
      "choices": [
        "Réponse correcte",
        "Distracteur 1",
        "Distracteur 2",
        "Distracteur 3"
      ],
      "answer": "Réponse correcte",
      "lessonRef": "definition",
      "explanation": "Cette question vérifie la compréhension de la notion.",
      "quality": {
        "status": "draft",
        "review": {
          "reviewedBy": null,
          "reviewedAt": null,
          "decision": null,
          "notes": null
        },
        "history": [
          {
            "at": "2025-12-27T00:00:00Z",
            "by": "import",
            "action": "created"
          }
        ],
        "deletedAt": null,
        "deletedBy": null
      }
    },
    {
      "schemaVersion": 1,
      "taxonomyVersion": "5e-1.0",
      "id": "q_math_fractions_representer_0031",
      "blockId": "math_fractions_representer",
      "grade": "5e",
      "lang": "fr",
      "primaryTag": "math_fractions_representer",
      "type": "MCQ",
      "difficulty": 2,
      "statement": "Question d’entraînement sur la notion « math fractions representer ».",
      "choices": [
        "Réponse correcte",
        "Distracteur 1",
        "Distracteur 2",
        "Distracteur 3"
      ],
      "answer": "Réponse correcte",
      "lessonRef": "definition",
      "explanation": "Cette question vérifie la compréhension de la notion.",
      "quality": {
        "status": "draft",
        "review": {
          "reviewedBy": null,
          "reviewedAt": null,
          "decision": null,
          "notes": null
        },
        "history": [
          {
            "at": "2025-12-27T00:00:00Z",
            "by": "import",
            "action": "created"
          }
        ],
        "deletedAt": null,
        "deletedBy": null
      }
    },
    {
      "schemaVersion": 1,
      "taxonomyVersion": "5e-1.0",
      "id": "q_math_fractions_representer_0032",
      "blockId": "math_fractions_representer",
      "grade": "5e",
      "lang": "fr",
      "primaryTag": "math_fractions_representer",
      "type": "MCQ",
      "difficulty": 3,
      "statement": "Question d’entraînement sur la notion « math fractions representer ».",
      "choices": [
        "Réponse correcte",
        "Distracteur 1",
        "Distracteur 2",
        "Distracteur 3"
      ],
      "answer": "Réponse correcte",
      "lessonRef": "definition",
      "explanation": "Cette question vérifie la compréhension de la notion.",
      "quality": {
        "status": "draft",
        "review": {
          "reviewedBy": null,
          "reviewedAt": null,
          "decision": null,
          "notes": null
        },
        "history": [
          {
            "at": "2025-12-27T00:00:00Z",
            "by": "import",
            "action": "created"
          }
        ],
        "deletedAt": null,
        "deletedBy": null
      }
    },
    {
      "schemaVersion": 1,
      "taxonomyVersion": "5e-1.0",
      "id": "q_math_fractions_representer_0033",
      "blockId": "math_fractions_representer",
      "grade": "5e",
      "lang": "fr",
      "primaryTag": "math_fractions_representer",
      "type": "MCQ",
      "difficulty": 2,
      "statement": "Question d’entraînement sur la notion « math fractions representer ».",
      "choices": [
        "Réponse correcte",
        "Distracteur 1",
        "Distracteur 2",
        "Distracteur 3"
      ],
      "answer": "Réponse correcte",
      "lessonRef": "definition",
      "explanation": "Cette question vérifie la compréhension de la notion.",
      "quality": {
        "status": "draft",
        "review": {
          "reviewedBy": null,
          "reviewedAt": null,
          "decision": null,
          "notes": null
        },
        "history": [
          {
            "at": "2025-12-27T00:00:00Z",
            "by": "import",
            "action": "created"
          }
        ],
        "deletedAt": null,
        "deletedBy": null
      }
    },
    {
      "schemaVersion": 1,
      "taxonomyVersion": "5e-1.0",
      "id": "q_math_fractions_representer_0034",
      "blockId": "math_fractions_representer",
      "grade": "5e",
      "lang": "fr",
      "primaryTag": "math_fractions_representer",
      "type": "MCQ",
      "difficulty": 1,
      "statement": "Question d’entraînement sur la notion « math fractions representer ».",
      "choices": [
        "Réponse correcte",
        "Distracteur 1",
        "Distracteur 2",
        "Distracteur 3"
      ],
      "answer": "Réponse correcte",
      "lessonRef": "definition",
      "explanation": "Cette question vérifie la compréhension de la notion.",
      "quality": {
        "status": "draft",
        "review": {
          "reviewedBy": null,
          "reviewedAt": null,
          "decision": null,
          "notes": null
        },
        "history": [
          {
            "at": "2025-12-27T00:00:00Z",
            "by": "import",
            "action": "created"
          }
        ],
        "deletedAt": null,
        "deletedBy": null
      }
    },
    {
      "schemaVersion": 1,
      "taxonomyVersion": "5e-1.0",
      "id": "q_math_fractions_representer_0035",
      "blockId": "math_fractions_representer",
      "grade": "5e",
      "lang": "fr",
      "primaryTag": "math_fractions_representer",
      "type": "MCQ",
      "difficulty": 2,
      "statement": "Question d’entraînement sur la notion « math fractions representer ».",
      "choices": [
        "Réponse correcte",
        "Distracteur 1",
        "Distracteur 2",
        "Distracteur 3"
      ],
      "answer": "Réponse correcte",
      "lessonRef": "definition",
      "explanation": "Cette question vérifie la compréhension de la notion.",
      "quality": {
        "status": "draft",
        "review": {
          "reviewedBy": null,
          "reviewedAt": null,
          "decision": null,
          "notes": null
        },
        "history": [
          {
            "at": "2025-12-27T00:00:00Z",
            "by": "import",
            "action": "created"
          }
        ],
        "deletedAt": null,
        "deletedBy": null
      }
    },
    {
      "schemaVersion": 1,
      "taxonomyVersion": "5e-1.0",
      "id": "q_math_fractions_representer_0036",
      "blockId": "math_fractions_representer",
      "grade": "5e",
      "lang": "fr",
      "primaryTag": "math_fractions_representer",
      "type": "MCQ",
      "difficulty": 1,
      "statement": "Question d’entraînement sur la notion « math fractions representer ».",
      "choices": [
        "Réponse correcte",
        "Distracteur 1",
        "Distracteur 2",
        "Distracteur 3"
      ],
      "answer": "Réponse correcte",
      "lessonRef": "definition",
      "explanation": "Cette question vérifie la compréhension de la notion.",
      "quality": {
        "status": "draft",
        "review": {
          "reviewedBy": null,
          "reviewedAt": null,
          "decision": null,
          "notes": null
        },
        "history": [
          {
            "at": "2025-12-27T00:00:00Z",
            "by": "import",
            "action": "created"
          }
        ],
        "deletedAt": null,
        "deletedBy": null
      }
    },
    {
      "schemaVersion": 1,
      "taxonomyVersion": "5e-1.0",
      "id": "q_math_fractions_representer_0037",
      "blockId": "math_fractions_representer",
      "grade": "5e",
      "lang": "fr",
      "primaryTag": "math_fractions_representer",
      "type": "MCQ",
      "difficulty": 1,
      "statement": "Question d’entraînement sur la notion « math fractions representer ».",
      "choices": [
        "Réponse correcte",
        "Distracteur 1",
        "Distracteur 2",
        "Distracteur 3"
      ],
      "answer": "Réponse correcte",
      "lessonRef": "definition",
      "explanation": "Cette question vérifie la compréhension de la notion.",
      "quality": {
        "status": "draft",
        "review": {
          "reviewedBy": null,
          "reviewedAt": null,
          "decision": null,
          "notes": null
        },
        "history": [
          {
            "at": "2025-12-27T00:00:00Z",
            "by": "import",
            "action": "created"
          }
        ],
        "deletedAt": null,
        "deletedBy": null
      }
    },
    {
      "schemaVersion": 1,
      "taxonomyVersion": "5e-1.0",
      "id": "q_math_fractions_representer_0038",
      "blockId": "math_fractions_representer",
      "grade": "5e",
      "lang": "fr",
      "primaryTag": "math_fractions_representer",
      "type": "MCQ",
      "difficulty": 2,
      "statement": "Question d’entraînement sur la notion « math fractions representer ».",
      "choices": [
        "Réponse correcte",
        "Distracteur 1",
        "Distracteur 2",
        "Distracteur 3"
      ],
      "answer": "Réponse correcte",
      "lessonRef": "definition",
      "explanation": "Cette question vérifie la compréhension de la notion.",
      "quality": {
        "status": "draft",
        "review": {
          "reviewedBy": null,
          "reviewedAt": null,
          "decision": null,
          "notes": null
        },
        "history": [
          {
            "at": "2025-12-27T00:00:00Z",
            "by": "import",
            "action": "created"
          }
        ],
        "deletedAt": null,
        "deletedBy": null
      }
    },
    {
      "schemaVersion": 1,
      "taxonomyVersion": "5e-1.0",
      "id": "q_math_fractions_representer_0039",
      "blockId": "math_fractions_representer",
      "grade": "5e",
      "lang": "fr",
      "primaryTag": "math_fractions_representer",
      "type": "MCQ",
      "difficulty": 3,
      "statement": "Question d’entraînement sur la notion « math fractions representer ».",
      "choices": [
        "Réponse correcte",
        "Distracteur 1",
        "Distracteur 2",
        "Distracteur 3"
      ],
      "answer": "Réponse correcte",
      "lessonRef": "definition",
      "explanation": "Cette question vérifie la compréhension de la notion.",
      "quality": {
        "status": "draft",
        "review": {
          "reviewedBy": null,
          "reviewedAt": null,
          "decision": null,
          "notes": null
        },
        "history": [
          {
            "at": "2025-12-27T00:00:00Z",
            "by": "import",
            "action": "created"
          }
        ],
        "deletedAt": null,
        "deletedBy": null
      }
    },
    {
      "schemaVersion": 1,
      "taxonomyVersion": "5e-1.0",
      "id": "q_math_fractions_representer_0040",
      "blockId": "math_fractions_representer",
      "grade": "5e",
      "lang": "fr",
      "primaryTag": "math_fractions_representer",
      "type": "MCQ",
      "difficulty": 2,
      "statement": "Question d’entraînement sur la notion « math fractions representer ».",
      "choices": [
        "Réponse correcte",
        "Distracteur 1",
        "Distracteur 2",
        "Distracteur 3"
      ],
      "answer": "Réponse correcte",
      "lessonRef": "definition",
      "explanation": "Cette question vérifie la compréhension de la notion.",
      "quality": {
        "status": "draft",
        "review": {
          "reviewedBy": null,
          "reviewedAt": null,
          "decision": null,
          "notes": null
        },
        "history": [
          {
            "at": "2025-12-27T00:00:00Z",
            "by": "import",
            "action": "created"
          }
        ],
        "deletedAt": null,
        "deletedBy": null
      }
    },
    {
      "schemaVersion": 1,
      "taxonomyVersion": "5e-1.0",
      "id": "q_math_fractions_representer_0041",
      "blockId": "math_fractions_representer",
      "grade": "5e",
      "lang": "fr",
      "primaryTag": "math_fractions_representer",
      "type": "MCQ",
      "difficulty": 3,
      "statement": "Question d’entraînement sur la notion « math fractions representer ».",
      "choices": [
        "Réponse correcte",
        "Distracteur 1",
        "Distracteur 2",
        "Distracteur 3"
      ],
      "answer": "Réponse correcte",
      "lessonRef": "definition",
      "explanation": "Cette question vérifie la compréhension de la notion.",
      "quality": {
        "status": "draft",
        "review": {
          "reviewedBy": null,
          "reviewedAt": null,
          "decision": null,
          "notes": null
        },
        "history": [
          {
            "at": "2025-12-27T00:00:00Z",
            "by": "import",
            "action": "created"
          }
        ],
        "deletedAt": null,
        "deletedBy": null
      }
    },
    {
      "schemaVersion": 1,
      "taxonomyVersion": "5e-1.0",
      "id": "q_math_fractions_representer_0042",
      "blockId": "math_fractions_representer",
      "grade": "5e",
      "lang": "fr",
      "primaryTag": "math_fractions_representer",
      "type": "MCQ",
      "difficulty": 3,
      "statement": "Question d’entraînement sur la notion « math fractions representer ».",
      "choices": [
        "Réponse correcte",
        "Distracteur 1",
        "Distracteur 2",
        "Distracteur 3"
      ],
      "answer": "Réponse correcte",
      "lessonRef": "definition",
      "explanation": "Cette question vérifie la compréhension de la notion.",
      "quality": {
        "status": "draft",
        "review": {
          "reviewedBy": null,
          "reviewedAt": null,
          "decision": null,
          "notes": null
        },
        "history": [
          {
            "at": "2025-12-27T00:00:00Z",
            "by": "import",
            "action": "created"
          }
        ],
        "deletedAt": null,
        "deletedBy": null
      }
    },
    {
      "schemaVersion": 1,
      "taxonomyVersion": "5e-1.0",
      "id": "q_math_fractions_representer_0043",
      "blockId": "math_fractions_representer",
      "grade": "5e",
      "lang": "fr",
      "primaryTag": "math_fractions_representer",
      "type": "MCQ",
      "difficulty": 3,
      "statement": "Question d’entraînement sur la notion « math fractions representer ».",
      "choices": [
        "Réponse correcte",
        "Distracteur 1",
        "Distracteur 2",
        "Distracteur 3"
      ],
      "answer": "Réponse correcte",
      "lessonRef": "definition",
      "explanation": "Cette question vérifie la compréhension de la notion.",
      "quality": {
        "status": "draft",
        "review": {
          "reviewedBy": null,
          "reviewedAt": null,
          "decision": null,
          "notes": null
        },
        "history": [
          {
            "at": "2025-12-27T00:00:00Z",
            "by": "import",
            "action": "created"
          }
        ],
        "deletedAt": null,
        "deletedBy": null
      }
    },
    {
      "schemaVersion": 1,
      "taxonomyVersion": "5e-1.0",
      "id": "q_math_fractions_representer_0044",
      "blockId": "math_fractions_representer",
      "grade": "5e",
      "lang": "fr",
      "primaryTag": "math_fractions_representer",
      "type": "MCQ",
      "difficulty": 2,
      "statement": "Question d’entraînement sur la notion « math fractions representer ».",
      "choices": [
        "Réponse correcte",
        "Distracteur 1",
        "Distracteur 2",
        "Distracteur 3"
      ],
      "answer": "Réponse correcte",
      "lessonRef": "definition",
      "explanation": "Cette question vérifie la compréhension de la notion.",
      "quality": {
        "status": "draft",
        "review": {
          "reviewedBy": null,
          "reviewedAt": null,
          "decision": null,
          "notes": null
        },
        "history": [
          {
            "at": "2025-12-27T00:00:00Z",
            "by": "import",
            "action": "created"
          }
        ],
        "deletedAt": null,
        "deletedBy": null
      }
    },
    {
      "schemaVersion": 1,
      "taxonomyVersion": "5e-1.0",
      "id": "q_math_fractions_representer_0045",
      "blockId": "math_fractions_representer",
      "grade": "5e",
      "lang": "fr",
      "primaryTag": "math_fractions_representer",
      "type": "MCQ",
      "difficulty": 3,
      "statement": "Question d’entraînement sur la notion « math fractions representer ».",
      "choices": [
        "Réponse correcte",
        "Distracteur 1",
        "Distracteur 2",
        "Distracteur 3"
      ],
      "answer": "Réponse correcte",
      "lessonRef": "definition",
      "explanation": "Cette question vérifie la compréhension de la notion.",
      "quality": {
        "status": "draft",
        "review": {
          "reviewedBy": null,
          "reviewedAt": null,
          "decision": null,
          "notes": null
        },
        "history": [
          {
            "at": "2025-12-27T00:00:00Z",
            "by": "import",
            "action": "created"
          }
        ],
        "deletedAt": null,
        "deletedBy": null
      }
    },
    {
      "schemaVersion": 1,
      "taxonomyVersion": "5e-1.0",
      "id": "q_math_fractions_representer_0046",
      "blockId": "math_fractions_representer",
      "grade": "5e",
      "lang": "fr",
      "primaryTag": "math_fractions_representer",
      "type": "MCQ",
      "difficulty": 1,
      "statement": "Question d’entraînement sur la notion « math fractions representer ».",
      "choices": [
        "Réponse correcte",
        "Distracteur 1",
        "Distracteur 2",
        "Distracteur 3"
      ],
      "answer": "Réponse correcte",
      "lessonRef": "definition",
      "explanation": "Cette question vérifie la compréhension de la notion.",
      "quality": {
        "status": "draft",
        "review": {
          "reviewedBy": null,
          "reviewedAt": null,
          "decision": null,
          "notes": null
        },
        "history": [
          {
            "at": "2025-12-27T00:00:00Z",
            "by": "import",
            "action": "created"
          }
        ],
        "deletedAt": null,
        "deletedBy": null
      }
    },
    {
      "schemaVersion": 1,
      "taxonomyVersion": "5e-1.0",
      "id": "q_math_fractions_representer_0047",
      "blockId": "math_fractions_representer",
      "grade": "5e",
      "lang": "fr",
      "primaryTag": "math_fractions_representer",
      "type": "MCQ",
      "difficulty": 2,
      "statement": "Question d’entraînement sur la notion « math fractions representer ».",
      "choices": [
        "Réponse correcte",
        "Distracteur 1",
        "Distracteur 2",
        "Distracteur 3"
      ],
      "answer": "Réponse correcte",
      "lessonRef": "definition",
      "explanation": "Cette question vérifie la compréhension de la notion.",
      "quality": {
        "status": "draft",
        "review": {
          "reviewedBy": null,
          "reviewedAt": null,
          "decision": null,
          "notes": null
        },
        "history": [
          {
            "at": "2025-12-27T00:00:00Z",
            "by": "import",
            "action": "created"
          }
        ],
        "deletedAt": null,
        "deletedBy": null
      }
    },
    {
      "schemaVersion": 1,
      "taxonomyVersion": "5e-1.0",
      "id": "q_math_fractions_representer_0048",
      "blockId": "math_fractions_representer",
      "grade": "5e",
      "lang": "fr",
      "primaryTag": "math_fractions_representer",
      "type": "MCQ",
      "difficulty": 2,
      "statement": "Question d’entraînement sur la notion « math fractions representer ».",
      "choices": [
        "Réponse correcte",
        "Distracteur 1",
        "Distracteur 2",
        "Distracteur 3"
      ],
      "answer": "Réponse correcte",
      "lessonRef": "definition",
      "explanation": "Cette question vérifie la compréhension de la notion.",
      "quality": {
        "status": "draft",
        "review": {
          "reviewedBy": null,
          "reviewedAt": null,
          "decision": null,
          "notes": null
        },
        "history": [
          {
            "at": "2025-12-27T00:00:00Z",
            "by": "import",
            "action": "created"
          }
        ],
        "deletedAt": null,
        "deletedBy": null
      }
    },
    {
      "schemaVersion": 1,
      "taxonomyVersion": "5e-1.0",
      "id": "q_math_fractions_representer_0049",
      "blockId": "math_fractions_representer",
      "grade": "5e",
      "lang": "fr",
      "primaryTag": "math_fractions_representer",
      "type": "MCQ",
      "difficulty": 3,
      "statement": "Question d’entraînement sur la notion « math fractions representer ».",
      "choices": [
        "Réponse correcte",
        "Distracteur 1",
        "Distracteur 2",
        "Distracteur 3"
      ],
      "answer": "Réponse correcte",
      "lessonRef": "definition",
      "explanation": "Cette question vérifie la compréhension de la notion.",
      "quality": {
        "status": "draft",
        "review": {
          "reviewedBy": null,
          "reviewedAt": null,
          "decision": null,
          "notes": null
        },
        "history": [
          {
            "at": "2025-12-27T00:00:00Z",
            "by": "import",
            "action": "created"
          }
        ],
        "deletedAt": null,
        "deletedBy": null
      }
    },
    {
      "schemaVersion": 1,
      "taxonomyVersion": "5e-1.0",
      "id": "q_math_fractions_representer_0050",
      "blockId": "math_fractions_representer",
      "grade": "5e",
      "lang": "fr",
      "primaryTag": "math_fractions_representer",
      "type": "MCQ",
      "difficulty": 3,
      "statement": "Question d’entraînement sur la notion « math fractions representer ».",
      "choices": [
        "Réponse correcte",
        "Distracteur 1",
        "Distracteur 2",
        "Distracteur 3"
      ],
      "answer": "Réponse correcte",
      "lessonRef": "definition",
      "explanation": "Cette question vérifie la compréhension de la notion.",
      "quality": {
        "status": "draft",
        "review": {
          "reviewedBy": null,
          "reviewedAt": null,
          "decision": null,
          "notes": null
        },
        "history": [
          {
            "at": "2025-12-27T00:00:00Z",
            "by": "import",
            "action": "created"
          }
        ],
        "deletedAt": null,
        "deletedBy": null
      }
    }
  ]
}